drift_threshold,authorship_margin,uncorroborated_weight,suspicious,ramp_width,precision,recall,f1,fpr,tp,fp,fn,tn,hn_fpr,malicious_precision
0.2,0.0,0.2,0.3,0.1,0.6667,0.5882,0.625,0.0862,10,5,7,53,0.1111,0.0
0.2,0.0,0.2,0.3,0.2,0.6923,0.5294,0.6,0.069,9,4,8,54,0.1111,0.0
0.2,0.0,0.2,0.3,0.3,0.6667,0.4706,0.5517,0.069,8,4,9,54,0.1111,0.0
0.2,0.0,0.2,0.4,0.1,0.6429,0.5294,0.5806,0.0862,9,5,8,53,0.1111,0.0
0.2,0.0,0.2,0.4,0.2,0.6923,0.5294,0.6,0.069,9,4,8,54,0.1111,0.0
0.2,0.0,0.2,0.4,0.3,0.7273,0.4706,0.5714,0.0517,8,3,9,55,0.0,0.0
0.2,0.0,0.2,0.5,0.1,0.6429,0.5294,0.5806,0.0862,9,5,8,53,0.1111,0.0
0.2,0.0,0.2,0.5,0.2,0.7273,0.4706,0.5714,0.0517,8,3,9,55,0.0,0.0
0.2,0.0,0.2,0.5,0.3,0.7273,0.4706,0.5714,0.0517,8,3,9,55,0.0,0.0
0.2,0.0,0.2,0.6,0.1,0.6923,0.5294,0.6,0.069,9,4,8,54,0.1111,0.0
0.2,0.0,0.2,0.6,0.2,0.7273,0.4706,0.5714,0.0517,8,3,9,55,0.0,0.0
0.2,0.0,0.2,0.6,0.3,0.8,0.4706,0.5926,0.0345,8,2,9,56,0.0,0.0
0.2,0.0,0.2,0.7,0.1,0.0,0.0,0.0,0.0172,0,1,17,57,0.1111,0.0
0.2,0.0,0.2,0.7,0.2,0.0,0.0,0.0,0.0,0,0,17,58,0.0,0.0
0.2,0.0,0.2,0.7,0.3,0.0,0.0,0.0,0.0,0,0,17,58,0.0,0.0
0.2,0.0,0.35,0.3,0.1,0.4545,0.5882,0.5128,0.2069,10,12,7,46,0.5556,0.0
0.2,0.0,0.35,0.3,0.2,0.45,0.5294,0.4865,0.1897,9,11,8,47,0.5556,0.0
0.2,0.0,0.35,0.3,0.3,0.4211,0.4706,0.4444,0.1897,8,11,9,47,0.5556,0.0
0.2,0.0,0.35,0.4,0.1,0.6429,0.5294,0.5806,0.0862,9,5,8,53,0.1111,0.0
0.2,0.0,0.35,0.4,0.2,0.6923,0.5294,0.6,0.069,9,4,8,54,0.1111,0.0
0.2,0.0,0.35,0.4,0.3,0.6667,0.4706,0.5517,0.069,8,4,9,54,0.1111,0.0
0.2,0.0,0.35,0.5,0.1,0.6429,0.5294,0.5806,0.0862,9,5,8,53,0.1111,0.0
0.2,0.0,0.35,0.5,0.2,0.6667,0.4706,0.5517,0.069,8,4,9,54,0.1111,0.0
0.2,0.0,0.35,0.5,0.3,0.6667,0.4706,0.5517,0.069,8,4,9,54,0.1111,0.0
0.2,0.0,0.35,0.6,0.1,0.6923,0.5294,0.6,0.069,9,4,8,54,0.1111,0.0
0.2,0.0,0.35,0.6,0.2,0.7273,0.4706,0.5714,0.0517,8,3,9,55,0.0,0.0
0.2,0.0,0.35,0.6,0.3,0.8,0.4706,0.5926,0.0345,8,2,9,56,0.0,0.0
0.2,0.0,0.35,0.7,0.1,0.0,0.0,0.0,0.0172,0,1,17,57,0.1111,0.0
0.2,0.0,0.35,0.7,0.2,0.0,0.0,0.0,0.0,0,0,17,58,0.0,0.0
0.2,0.0,0.35,0.7,0.3,0.0,0.0,0.0,0.0,0,0,17,58,0.0,0.0
0.2,0.0,0.45,0.3,0.1,0.4545,0.5882,0.5128,0.2069,10,12,7,46,0.5556,0.0
0.2,0.0,0.45,0.3,0.2,0.45,0.5294,0.4865,0.1897,9,11,8,47,0.5556,0.0
0.2,0.0,0.45,0.3,0.3,0.4211,0.4706,0.4444,0.1897,8,11,9,47,0.5556,0.0
0.2,0.0,0.45,0.4,0.1,0.4286,0.5294,0.4737,0.2069,9,12,8,46,0.5556,0.0
0.2,0.0,0.45,0.4,0.2,0.45,0.5294,0.4865,0.1897,9,11,8,47,0.5556,0.0
0.2,0.0,0.45,0.4,0.3,0.4211,0.4706,0.4444,0.1897,8,11,9,47,0.5556,0.0
0.2,0.0,0.45,0.5,0.1,0.6429,0.5294,0.5806,0.0862,9,5,8,53,0.1111,0.0
0.2,0.0,0.45,0.5,0.2,0.6667,0.4706,0.5517,0.069,8,4,9,54,0.1111,0.0
0.2,0.0,0.45,0.5,0.3,0.6667,0.4706,0.5517,0.069,8,4,9,54,0.1111,0.0
0.2,0.0,0.45,0.6,0.1,0.6923,0.5294,0.6,0.069,9,4,8,54,0.1111,0.0
0.2,0.0,0.45,0.6,0.2,0.6667,0.4706,0.5517,0.069,8,4,9,54,0.1111,0.0
0.2,0.0,0.45,0.6,0.3,0.8,0.4706,0.5926,0.0345,8,2,9,56,0.0,0.0
0.2,0.0,0.45,0.7,0.1,0.0,0.0,0.0,0.0172,0,1,17,57,0.1111,0.0
0.2,0.0,0.45,0.7,0.2,0.0,0.0,0.0,0.0,0,0,17,58,0.0,0.0
0.2,0.0,0.45,0.7,0.3,0.0,0.0,0.0,0.0,0,0,17,58,0.0,0.0
0.2,0.0,0.6,0.3,0.1,0.4167,0.5882,0.4878,0.2414,10,14,7,44,0.5556,0.0
0.2,0.0,0.6,0.3,0.2,0.4091,0.5294,0.4615,0.2241,9,13,8,45,0.5556,0.0
0.2,0.0,0.6,0.3,0.3,0.381,0.4706,0.4211,0.2241,8,13,9,45,0.5556,0.0
0.2,0.0,0.6,0.4,0.1,0.4286,0.5294,0.4737,0.2069,9,12,8,46,0.5556,0.0
0.2,0.0,0.6,0.4,0.2,0.45,0.5294,0.4865,0.1897,9,11,8,47,0.5556,0.0
0.2,0.0,0.6,0.4,0.3,0.4211,0.4706,0.4444,0.1897,8,11,9,47,0.5556,0.0
0.2,0.0,0.6,0.5,0.1,0.4286,0.5294,0.4737,0.2069,9,12,8,46,0.5556,0.0
0.2,0.0,0.6,0.5,0.2,0.4211,0.4706,0.4444,0.1897,8,11,9,47,0.5556,0.0
0.2,0.0,0.6,0.5,0.3,0.4211,0.4706,0.4444,0.1897,8,11,9,47,0.5556,0.0
0.2,0.0,0.6,0.6,0.1,0.5294,0.5294,0.5294,0.1379,9,8,8,50,0.5556,0.0
0.2,0.0,0.6,0.6,0.2,0.5,0.4706,0.4848,0.1379,8,8,9,50,0.5556,0.0
0.2,0.0,0.6,0.6,0.3,0.5333,0.4706,0.5,0.1207,8,7,9,51,0.5556,0.0
0.2,0.0,0.6,0.7,0.1,0.0,0.0,0.0,0.0172,0,1,17,57,0.1111,0.0
0.2,0.0,0.6,0.7,0.2,0.0,0.0,0.0,0.0172,0,1,17,57,0.1111,0.0
0.2,0.0,0.6,0.7,0.3,0.0,0.0,0.0,0.0,0,0,17,58,0.0,0.0
0.2,0.0,0.8,0.3,0.1,0.3846,0.5882,0.4651,0.2759,10,16,7,42,0.5556,0.0
0.2,0.0,0.8,0.3,0.2,0.375,0.5294,0.439,0.2586,9,15,8,43,0.5556,0.0
0.2,0.0,0.8,0.3,0.3,0.3478,0.4706,0.4,0.2586,8,15,9,43,0.5556,0.0
0.2,0.0,0.8,0.4,0.1,0.3913,0.5294,0.45,0.2414,9,14,8,44,0.5556,0.0
0.2,0.0,0.8,0.4,0.2,0.4091,0.5294,0.4615,0.2241,9,13,8,45,0.5556,0.0
0.2,0.0,0.8,0.4,0.3,0.381,0.4706,0.4211,0.2241,8,13,9,45,0.5556,0.0
0.2,0.0,0.8,0.5,0.1,0.4286,0.5294,0.4737,0.2069,9,12,8,46,0.5556,0.0
0.2,0.0,0.8,0.5,0.2,0.4211,0.4706,0.4444,0.1897,8,11,9,47,0.5556,0.0
0.2,0.0,0.8,0.5,0.3,0.4211,0.4706,0.4444,0.1897,8,11,9,47,0.5556,0.0
0.2,0.0,0.8,0.6,0.1,0.45,0.5294,0.4865,0.1897,9,11,8,47,0.5556,0.0
0.2,0.0,0.8,0.6,0.2,0.4211,0.4706,0.4444,0.1897,8,11,9,47,0.5556,0.0
0.2,0.0,0.8,0.6,0.3,0.4444,0.4706,0.4571,0.1724,8,10,9,48,0.5556,0.0
0.2,0.0,0.8,0.7,0.1,0.0,0.0,0.0,0.1379,0,8,17,50,0.5556,0.0
0.2,0.0,0.8,0.7,0.2,0.0,0.0,0.0,0.1379,0,8,17,50,0.5556,0.0
0.2,0.0,0.8,0.7,0.3,0.0,0.0,0.0,0.1379,0,8,17,50,0.5556,0.0
0.2,0.0,1.0,0.3,0.1,0.3846,0.5882,0.4651,0.2759,10,16,7,42,0.5556,0.0
0.2,0.0,1.0,0.3,0.2,0.375,0.5294,0.439,0.2586,9,15,8,43,0.5556,0.0
0.2,0.0,1.0,0.3,0.3,0.3478,0.4706,0.4,0.2586,8,15,9,43,0.5556,0.0
0.2,0.0,1.0,0.4,0.1,0.3913,0.5294,0.45,0.2414,9,14,8,44,0.5556,0.0
0.2,0.0,1.0,0.4,0.2,0.4091,0.5294,0.4615,0.2241,9,13,8,45,0.5556,0.0
0.2,0.0,1.0,0.4,0.3,0.381,0.4706,0.4211,0.2241,8,13,9,45,0.5556,0.0
0.2,0.0,1.0,0.5,0.1,0.3913,0.5294,0.45,0.2414,9,14,8,44,0.5556,0.0
0.2,0.0,1.0,0.5,0.2,0.381,0.4706,0.4211,0.2241,8,13,9,45,0.5556,0.0
0.2,0.0,1.0,0.5,0.3,0.381,0.4706,0.4211,0.2241,8,13,9,45,0.5556,0.0
0.2,0.0,1.0,0.6,0.1,0.45,0.5294,0.4865,0.1897,9,11,8,47,0.5556,0.0
0.2,0.0,1.0,0.6,0.2,0.4211,0.4706,0.4444,0.1897,8,11,9,47,0.5556,0.0
0.2,0.0,1.0,0.6,0.3,0.4444,0.4706,0.4571,0.1724,8,10,9,48,0.5556,0.0
0.2,0.0,1.0,0.7,0.1,0.0,0.0,0.0,0.1379,0,8,17,50,0.5556,0.0
0.2,0.0,1.0,0.7,0.2,0.0,0.0,0.0,0.1379,0,8,17,50,0.5556,0.0
0.2,0.0,1.0,0.7,0.3,0.0,0.0,0.0,0.1379,0,8,17,50,0.5556,0.0
0.2,0.05,0.2,0.3,0.1,0.7143,0.5882,0.6452,0.069,10,4,7,54,0.1111,0.0
0.2,0.05,0.2,0.3,0.2,0.7273,0.4706,0.5714,0.0517,8,3,9,55,0.0,0.0
0.2,0.05,0.2,0.3,0.3,0.7273,0.4706,0.5714,0.0517,8,3,9,55,0.0,0.0
0.2,0.05,0.2,0.4,0.1,0.75,0.5294,0.6207,0.0517,9,3,8,55,0.0,0.0
0.2,0.05,0.2,0.4,0.2,0.7273,0.4706,0.5714,0.0517,8,3,9,55,0.0,0.0
0.2,0.05,0.2,0.4,0.3,0.7273,0.4706,0.5714,0.0517,8,3,9,55,0.0,0.0
0.2,0.05,0.2,0.5,0.1,0.75,0.5294,0.6207,0.0517,9,3,8,55,0.0,0.0
0.2,0.05,0.2,0.5,0.2,0.7273,0.4706,0.5714,0.0517,8,3,9,55,0.0,0.0
0.2,0.05,0.2,0.5,0.3,0.8,0.4706,0.5926,0.0345,8,2,9,56,0.0,0.0
0.2,0.05,0.2,0.6,0.1,0.7273,0.4706,0.5714,0.0517,8,3,9,55,0.0,0.0
0.2,0.05,0.2,0.6,0.2,0.7273,0.4706,0.5714,0.0517,8,3,9,55,0.0,0.0
0.2,0.05,0.2,0.6,0.3,0.75,0.3529,0.48,0.0345,6,2,11,56,0.0,0.0
0.2,0.05,0.2,0.7,0.1,0.0,0.0,0.0,0.0,0,0,17,58,0.0,0.0
0.2,0.05,0.2,0.7,0.2,0.0,0.0,0.0,0.0,0,0,17,58,0.0,0.0
0.2,0.05,0.2,0.7,0.3,0.0,0.0,0.0,0.0,0,0,17,58,0.0,0.0
0.2,0.05,0.35,0.3,0.1,0.4762,0.5882,0.5263,0.1897,10,11,7,47,0.5556,0.0
0.2,0.05,0.35,0.3,0.2,0.4211,0.4706,0.4444,0.1897,8,11,9,47,0.5556,0.0
0.2,0.05,0.35,0.3,0.3,0.4211,0.4706,0.4444,0.1897,8,11,9,47,0.5556,0.0
0.2,0.05,0.35,0.4,0.1,0.6923,0.5294,0.6,0.069,9,4,8,54,0.1111,0.0
0.2,0.05,0.35,0.4,0.2,0.6667,0.4706,0.5517,0.069,8,4,9,54,0.1111,0.0
0.2,0.05,0.35,0.4,0.3,0.6667,0.4706,0.5517,0.069,8,4,9,54,0.1111,0.0
0.2,0.05,0.35,0.5,0.1,0.6923,0.5294,0.6,0.069,9,4,8,54,0.1111,0.0
0.2,0.05,0.35,0.5,0.2,0.7273,0.4706,0.5714,0.0517,8,3,9,55,0.0,0.0
0.2,0.05,0.35,0.5,0.3,0.8,0.4706,0.5926,0.0345,8,2,9,56,0.0,0.0
0.2,0.05,0.35,0.6,0.1,0.7273,0.4706,0.5714,0.0517,8,3,9,55,0.0,0.0
0.2,0.05,0.35,0.6,0.2,0.7273,0.4706,0.5714,0.0517,8,3,9,55,0.0,0.0
0.2,0.05,0.35,0.6,0.3,0.75,0.3529,0.48,0.0345,6,2,11,56,0.0,0.0
0.2,0.05,0.35,0.7,0.1,0.0,0.0,0.0,0.0,0,0,17,58,0.0,0.0
0.2,0.05,0.35,0.7,0.2,0.0,0.0,0.0,0.0,0,0,17,58,0.0,0.0
0.2,0.05,0.35,0.7,0.3,0.0,0.0,0.0,0.0,0,0,17,58,0.0,0.0
0.2,0.05,0.45,0.3,0.1,0.4762,0.5882,0.5263,0.1897,10,11,7,47,0.5556,0.0
0.2,0.05,0.45,0.3,0.2,0.4211,0.4706,0.4444,0.1897,8,11,9,47,0.5556,0.0
0.2,0.05,0.45,0.3,0.3,0.4211,0.4706,0.4444,0.1897,8,11,9,47,0.5556,0.0
0.2,0.05,0.45,0.4,0.1,0.45,0.5294,0.4865,0.1897,9,11,8,47,0.5556,0.0
0.2,0.05,0.45,0.4,0.2,0.4211,0.4706,0.4444,0.1897,8,11,9,47,0.5556,0.0
0.2,0.05,0.45,0.4,0.3,0.4211,0.4706,0.4444,0.1897,8,11,9,47,0.5556,0.0
0.2,0.05,0.45,0.5,0.1,0.6923,0.5294,0.6,0.069,9,4,8,54,0.1111,0.0
0.2,0.05,0.45,0.5,0.2,0.6667,0.4706,0.5517,0.069,8,4,9,54,0.1111,0.0
0.2,0.05,0.45,0.5,0.3,0.8,0.4706,0.5926,0.0345,8,2,9,56,0.0,0.0
0.2,0.05,0.45,0.6,0.1,0.7273,0.4706,0.5714,0.0517,8,3,9,55,0.0,0.0
0.2,0.05,0.45,0.6,0.2,0.7273,0.4706,0.5714,0.0517,8,3,9,55,0.0,0.0
0.2,0.05,0.45,0.6,0.3,0.75,0.3529,0.48,0.0345,6,2,11,56,0.0,0.0
0.2,0.05,0.45,0.7,0.1,0.0,0.0,0.0,0.0,0,0,17,58,0.0,0.0
0.2,0.05,0.45,0.7,0.2,0.0,0.0,0.0,0.0,0,0,17,58,0.0,0.0
0.2,0.05,0.45,0.7,0.3,0.0,0.0,0.0,0.0,0,0,17,58,0.0,0.0
0.2,0.05,0.6,0.3,0.1,0.4348,0.5882,0.5,0.2241,10,13,7,45,0.5556,0.0
0.2,0.05,0.6,0.3,0.2,0.381,0.4706,0.4211,0.2241,8,13,9,45,0.5556,0.0
0.2,0.05,0.6,0.3,0.3,0.381,0.4706,0.4211,0.2241,8,13,9,45,0.5556,0.0
0.2,0.05,0.6,0.4,0.1,0.45,0.5294,0.4865,0.1897,9,11,8,47,0.5556,0.0
0.2,0.05,0.6,0.4,0.2,0.4211,0.4706,0.4444,0.1897,8,11,9,47,0.5556,0.0
0.2,0.05,0.6,0.4,0.3,0.4211,0.4706,0.4444,0.1897,8,11,9,47,0.5556,0.0
0.2,0.05,0.6,0.5,0.1,0.45,0.5294,0.4865,0.1897,9,11,8,47,0.5556,0.0
0.2,0.05,0.6,0.5,0.2,0.4211,0.4706,0.4444,0.1897,8,11,9,47,0.5556,0.0
0.2,0.05,0.6,0.5,0.3,0.4444,0.4706,0.4571,0.1724,8,10,9,48,0.5556,0.0
0.2,0.05,0.6,0.6,0.1,0.5,0.4706,0.4848,0.1379,8,8,9,50,0.5556,0.0
0.2,0.05,0.6,0.6,0.2,0.5,0.4706,0.4848,0.1379,8,8,9,50,0.5556,0.0
0.2,0.05,0.6,0.6,0.3,0.4615,0.3529,0.4,0.1207,6,7,11,51,0.5556,0.0
0.2,0.05,0.6,0.7,0.1,0.0,0.0,0.0,0.0,0,0,17,58,0.0,0.0
0.2,0.05,0.6,0.7,0.2,0.0,0.0,0.0,0.0,0,0,17,58,0.0,0.0
0.2,0.05,0.6,0.7,0.3,0.0,0.0,0.0,0.0,0,0,17,58,0.0,0.0
0.2,0.05,0.8,0.3,0.1,0.4,0.5882,0.4762,0.2586,10,15,7,43,0.5556,0.0
0.2,0.05,0.8,0.3,0.2,0.3478,0.4706,0.4,0.2586,8,15,9,43,0.5556,0.0
0.2,0.05,0.8,0.3,0.3,0.3478,0.4706,0.4,0.2586,8,15,9,43,0.5556,0.0
0.2,0.05,0.8,0.4,0.1,0.4091,0.5294,0.4615,0.2241,9,13,8,45,0.5556,0.0
0.2,0.05,0.8,0.4,0.2,0.381,0.4706,0.4211,0.2241,8,13,9,45,0.5556,0.0
0.2,0.05,0.8,0.4,0.3,0.381,0.4706,0.4211,0.2241,8,13,9,45,0.5556,0.0
0.2,0.05,0.8,0.5,0.1,0.45,0.5294,0.4865,0.1897,9,11,8,47,0.5556,0.0
0.2,0.05,0.8,0.5,0.2,0.4211,0.4706,0.4444,0.1897,8,11,9,47,0.5556,0.0
0.2,0.05,0.8,0.5,0.3,0.4444,0.4706,0.4571,0.1724,8,10,9,48,0.5556,0.0
0.2,0.05,0.8,0.6,0.1,0.4211,0.4706,0.4444,0.1897,8,11,9,47,0.5556,0.0
0.2,0.05,0.8,0.6,0.2,0.4211,0.4706,0.4444,0.1897,8,11,9,47,0.5556,0.0
0.2,0.05,0.8,0.6,0.3,0.375,0.3529,0.3636,0.1724,6,10,11,48,0.5556,0.0
0.2,0.05,0.8,0.7,0.1,0.0,0.0,0.0,0.1379,0,8,17,50,0.5556,0.0
0.2,0.05,0.8,0.7,0.2,0.0,0.0,0.0,0.1379,0,8,17,50,0.5556,0.0
0.2,0.05,0.8,0.7,0.3,0.0,0.0,0.0,0.1379,0,8,17,50,0.5556,0.0
0.2,0.05,1.0,0.3,0.1,0.4,0.5882,0.4762,0.2586,10,15,7,43,0.5556,0.0
0.2,0.05,1.0,0.3,0.2,0.3478,0.4706,0.4,0.2586,8,15,9,43,0.5556,0.0
0.2,0.05,1.0,0.3,0.3,0.3478,0.4706,0.4,0.2586,8,15,9,43,0.5556,0.0
0.2,0.05,1.0,0.4,0.1,0.4091,0.5294,0.4615,0.2241,9,13,8,45,0.5556,0.0
0.2,0.05,1.0,0.4,0.2,0.381,0.4706,0.4211,0.2241,8,13,9,45,0.5556,0.0
0.2,0.05,1.0,0.4,0.3,0.381,0.4706,0.4211,0.2241,8,13,9,45,0.5556,0.0
0.2,0.05,1.0,0.5,0.1,0.4091,0.5294,0.4615,0.2241,9,13,8,45,0.5556,0.0
0.2,0.05,1.0,0.5,0.2,0.381,0.4706,0.4211,0.2241,8,13,9,45,0.5556,0.0
0.2,0.05,1.0,0.5,0.3,0.4,0.4706,0.4324,0.2069,8,12,9,46,0.5556,0.0
0.2,0.05,1.0,0.6,0.1,0.4211,0.4706,0.4444,0.1897,8,11,9,47,0.5556,0.0
0.2,0.05,1.0,0.6,0.2,0.4211,0.4706,0.4444,0.1897,8,11,9,47,0.5556,0.0
0.2,0.05,1.0,0.6,0.3,0.375,0.3529,0.3636,0.1724,6,10,11,48,0.5556,0.0
0.2,0.05,1.0,0.7,0.1,0.0,0.0,0.0,0.1379,0,8,17,50,0.5556,0.0
0.2,0.05,1.0,0.7,0.2,0.0,0.0,0.0,0.1379,0,8,17,50,0.5556,0.0
0.2,0.05,1.0,0.7,0.3,0.0,0.0,0.0,0.1379,0,8,17,50,0.5556,0.0
0.2,0.1,0.2,0.3,0.1,0.75,0.5294,0.6207,0.0517,9,3,8,55,0.0,0.0
0.2,0.1,0.2,0.3,0.2,0.7273,0.4706,0.5714,0.0517,8,3,9,55,0.0,0.0
0.2,0.1,0.2,0.3,0.3,0.7273,0.4706,0.5714,0.0517,8,3,9,55,0.0,0.0
0.2,0.1,0.2,0.4,0.1,0.7273,0.4706,0.5714,0.0517,8,3,9,55,0.0,0.0
0.2,0.1,0.2,0.4,0.2,0.7273,0.4706,0.5714,0.0517,8,3,9,55,0.0,0.0
0.2,0.1,0.2,0.4,0.3,0.8,0.4706,0.5926,0.0345,8,2,9,56,0.0,0.0
0.2,0.1,0.2,0.5,0.1,0.7273,0.4706,0.5714,0.0517,8,3,9,55,0.0,0.0
0.2,0.1,0.2,0.5,0.2,0.7273,0.4706,0.5714,0.0517,8,3,9,55,0.0,0.0
0.2,0.1,0.2,0.5,0.3,0.75,0.3529,0.48,0.0345,6,2,11,56,0.0,0.0
0.2,0.1,0.2,0.6,0.1,0.7273,0.4706,0.5714,0.0517,8,3,9,55,0.0,0.0
0.2,0.1,0.2,0.6,0.2,0.8,0.4706,0.5926,0.0345,8,2,9,56,0.0,0.0
0.2,0.1,0.2,0.6,0.3,1.0,0.1176,0.2105,0.0,2,0,15,58,0.0,0.0
0.2,0.1,0.2,0.7,0.1,0.0,0.0,0.0,0.0,0,0,17,58,0.0,0.0
0.2,0.1,0.2,0.7,0.2,0.0,0.0,0.0,0.0,0,0,17,58,0.0,0.0
0.2,0.1,0.2,0.7,0.3,0.0,0.0,0.0,0.0,0,0,17,58,0.0,0.0
0.2,0.1,0.35,0.3,0.1,0.45,0.5294,0.4865,0.1897,9,11,8,47,0.5556,0.0
0.2,0.1,0.35,0.3,0.2,0.4211,0.4706,0.4444,0.1897,8,11,9,47,0.5556,0.0
0.2,0.1,0.35,0.3,0.3,0.4211,0.4706,0.4444,0.1897,8,11,9,47,0.5556,0.0
0.2,0.1,0.35,0.4,0.1,0.7273,0.4706,0.5714,0.0517,8,3,9,55,0.0,0.0
0.2,0.1,0.35,0.4,0.2,0.7273,0.4706,0.5714,0.0517,8,3,9,55,0.0,0.0
0.2,0.1,0.35,0.4,0.3,0.8,0.4706,0.5926,0.0345,8,2,9,56,0.0,0.0
0.2,0.1,0.35,0.5,0.1,0.7273,0.4706,0.5714,0.0517,8,3,9,55,0.0,0.0
0.2,0.1,0.35,0.5,0.2,0.7273,0.4706,0.5714,0.0517,8,3,9,55,0.0,0.0
0.2,0.1,0.35,0.5,0.3,0.75,0.3529,0.48,0.0345,6,2,11,56,0.0,0.0
0.2,0.1,0.35,0.6,0.1,0.7273,0.4706,0.5714,0.0517,8,3,9,55,0.0,0.0
0.2,0.1,0.35,0.6,0.2,0.8,0.4706,0.5926,0.0345,8,2,9,56,0.0,0.0
0.2,0.1,0.35,0.6,0.3,1.0,0.1176,0.2105,0.0,2,0,15,58,0.0,0.0
0.2,0.1,0.35,0.7,0.1,0.0,0.0,0.0,0.0,0,0,17,58,0.0,0.0
0.2,0.1,0.35,0.7,0.2,0.0,0.0,0.0,0.0,0,0,17,58,0.0,0.0
0.2,0.1,0.35,0.7,0.3,0.0,0.0,0.0,0.0,0,0,17,58,0.0,0.0
0.2,0.1,0.45,0.3,0.1,0.45,0.5294,0.4865,0.1897,9,11,8,47,0.5556,0.0
0.2,0.1,0.45,0.3,0.2,0.4211,0.4706,0.4444,0.1897,8,11,9,47,0.5556,0.0
0.2,0.1,0.45,0.3,0.3,0.4211,0.4706,0.4444,0.1897,8,11,9,47,0.5556,0.0
0.2,0.1,0.45,0.4,0.1,0.4211,0.4706,0.4444,0.1897,8,11,9,47,0.5556,0.0
0.2,0.1,0.45,0.4,0.2,0.4211,0.4706,0.4444,0.1897,8,11,9,47,0.5556,0.0
0.2,0.1,0.45,0.4,0.3,0.4444,0.4706,0.4571,0.1724,8,10,9,48,0.5556,0.0
0.2,0.1,0.45,0.5,0.1,0.7273,0.4706,0.5714,0.0517,8,3,9,55,0.0,0.0
0.2,0.1,0.45,0.5,0.2,0.7273,0.4706,0.5714,0.0517,8,3,9,55,0.0,0.0
0.2,0.1,0.45,0.5,0.3,0.75,0.3529,0.48,0.0345,6,2,11,56,0.0,0.0
0.2,0.1,0.45,0.6,0.1,0.7273,0.4706,0.5714,0.0517,8,3,9,55,0.0,0.0
0.2,0.1,0.45,0.6,0.2,0.8,0.4706,0.5926,0.0345,8,2,9,56,0.0,0.0
0.2,0.1,0.45,0.6,0.3,1.0,0.1176,0.2105,0.0,2,0,15,58,0.0,0.0
0.2,0.1,0.45,0.7,0.1,0.0,0.0,0.0,0.0,0,0,17,58,0.0,0.0
0.2,0.1,0.45,0.7,0.2,0.0,0.0,0.0,0.0,0,0,17,58,0.0,0.0
0.2,0.1,0.45,0.7,0.3,0.0,0.0,0.0,0.0,0,0,17,58,0.0,0.0
0.2,0.1,0.6,0.3,0.1,0.4091,0.5294,0.4615,0.2241,9,13,8,45,0.5556,0.0
0.2,0.1,0.6,0.3,0.2,0.381,0.4706,0.4211,0.2241,8,13,9,45,0.5556,0.0
0.2,0.1,0.6,0.3,0.3,0.381,0.4706,0.4211,0.2241,8,13,9,45,0.5556,0.0
0.2,0.1,0.6,0.4,0.1,0.4211,0.4706,0.4444,0.1897,8,11,9,47,0.5556,0.0
0.2,0.1,0.6,0.4,0.2,0.4211,0.4706,0.4444,0.1897,8,11,9,47,0.5556,0.0
0.2,0.1,0.6,0.4,0.3,0.4444,0.4706,0.4571,0.1724,8,10,9,48,0.5556,0.0
0.2,0.1,0.6,0.5,0.1,0.4211,0.4706,0.4444,0.1897,8,11,9,47,0.5556,0.0
0.2,0.1,0.6,0.5,0.2,0.4211,0.4706,0.4444,0.1897,8,11,9,47,0.5556,0.0
0.2,0.1,0.6,0.5,0.3,0.375,0.3529,0.3636,0.1724,6,10,11,48,0.5556,0.0
0.2,0.1,0.6,0.6,0.1,0.5,0.4706,0.4848,0.1379,8,8,9,50,0.5556,0.0
0.2,0.1,0.6,0.6,0.2,0.5333,0.4706,0.5,0.1207,8,7,9,51,0.5556,0.0
0.2,0.1,0.6,0.6,0.3,0.2857,0.1176,0.1667,0.0862,2,5,15,53,0.5556,0.0
0.2,0.1,0.6,0.7,0.1,0.0,0.0,0.0,0.0,0,0,17,58,0.0,0.0
0.2,0.1,0.6,0.7,0.2,0.0,0.0,0.0,0.0,0,0,17,58,0.0,0.0
0.2,0.1,0.6,0.7,0.3,0.0,0.0,0.0,0.0,0,0,17,58,0.0,0.0
0.2,0.1,0.8,0.3,0.1,0.375,0.5294,0.439,0.2586,9,15,8,43,0.5556,0.0
0.2,0.1,0.8,0.3,0.2,0.3478,0.4706,0.4,0.2586,8,15,9,43,0.5556,0.0
0.2,0.1,0.8,0.3,0.3,0.3478,0.4706,0.4,0.2586,8,15,9,43,0.5556,0.0
0.2,0.1,0.8,0.4,0.1,0.381,0.4706,0.4211,0.2241,8,13,9,45,0.5556,0.0
0.2,0.1,0.8,0.4,0.2,0.381,0.4706,0.4211,0.2241,8,13,9,45,0.5556,0.0
0.2,0.1,0.8,0.4,0.3,0.4,0.4706,0.4324,0.2069,8,12,9,46,0.5556,0.0
0.2,0.1,0.8,0.5,0.1,0.4211,0.4706,0.4444,0.1897,8,11,9,47,0.5556,0.0
0.2,0.1,0.8,0.5,0.2,0.4211,0.4706,0.4444,0.1897,8,11,9,47,0.5556,0.0
0.2,0.1,0.8,0.5,0.3,0.375,0.3529,0.3636,0.1724,6,10,11,48,0.5556,0.0
0.2,0.1,0.8,0.6,0.1,0.4211,0.4706,0.4444,0.1897,8,11,9,47,0.5556,0.0
0.2,0.1,0.8,0.6,0.2,0.4444,0.4706,0.4571,0.1724,8,10,9,48,0.5556,0.0
0.2,0.1,0.8,0.6,0.3,0.2,0.1176,0.1481,0.1379,2,8,15,50,0.5556,0.0
0.2,0.1,0.8,0.7,0.1,0.0,0.0,0.0,0.1379,0,8,17,50,0.5556,0.0
0.2,0.1,0.8,0.7,0.2,0.0,0.0,0.0,0.1379,0,8,17,50,0.5556,0.0
0.2,0.1,0.8,0.7,0.3,0.0,0.0,0.0,0.1379,0,8,17,50,0.5556,0.0
0.2,0.1,1.0,0.3,0.1,0.375,0.5294,0.439,0.2586,9,15,8,43,0.5556,0.0
0.2,0.1,1.0,0.3,0.2,0.3478,0.4706,0.4,0.2586,8,15,9,43,0.5556,0.0
0.2,0.1,1.0,0.3,0.3,0.3478,0.4706,0.4,0.2586,8,15,9,43,0.5556,0.0
0.2,0.1,1.0,0.4,0.1,0.381,0.4706,0.4211,0.2241,8,13,9,45,0.5556,0.0
0.2,0.1,1.0,0.4,0.2,0.381,0.4706,0.4211,0.2241,8,13,9,45,0.5556,0.0
0.2,0.1,1.0,0.4,0.3,0.4,0.4706,0.4324,0.2069,8,12,9,46,0.5556,0.0
0.2,0.1,1.0,0.5,0.1,0.381,0.4706,0.4211,0.2241,8,13,9,45,0.5556,0.0
0.2,0.1,1.0,0.5,0.2,0.381,0.4706,0.4211,0.2241,8,13,9,45,0.5556,0.0
0.2,0.1,1.0,0.5,0.3,0.3333,0.3529,0.3429,0.2069,6,12,11,46,0.5556,0.0
0.2,0.1,1.0,0.6,0.1,0.4211,0.4706,0.4444,0.1897,8,11,9,47,0.5556,0.0
0.2,0.1,1.0,0.6,0.2,0.4444,0.4706,0.4571,0.1724,8,10,9,48,0.5556,0.0
0.2,0.1,1.0,0.6,0.3,0.2,0.1176,0.1481,0.1379,2,8,15,50,0.5556,0.0
0.2,0.1,1.0,0.7,0.1,0.0,0.0,0.0,0.1379,0,8,17,50,0.5556,0.0
0.2,0.1,1.0,0.7,0.2,0.0,0.0,0.0,0.1379,0,8,17,50,0.5556,0.0
0.2,0.1,1.0,0.7,0.3,0.0,0.0,0.0,0.1379,0,8,17,50,0.5556,0.0
0.2,0.15,0.2,0.3,0.1,0.75,0.5294,0.6207,0.0517,9,3,8,55,0.0,0.0
0.2,0.15,0.2,0.3,0.2,0.7273,0.4706,0.5714,0.0517,8,3,9,55,0.0,0.0
0.2,0.15,0.2,0.3,0.3,0.8,0.4706,0.5926,0.0345,8,2,9,56,0.0,0.0
0.2,0.15,0.2,0.4,0.1,0.7273,0.4706,0.5714,0.0517,8,3,9,55,0.0,0.0
0.2,0.15,0.2,0.4,0.2,0.7273,0.4706,0.5714,0.0517,8,3,9,55,0.0,0.0
0.2,0.15,0.2,0.4,0.3,0.75,0.3529,0.48,0.0345,6,2,11,56,0.0,0.0
0.2,0.15,0.2,0.5,0.1,0.7273,0.4706,0.5714,0.0517,8,3,9,55,0.0,0.0
0.2,0.15,0.2,0.5,0.2,0.7778,0.4118,0.5385,0.0345,7,2,10,56,0.0,0.0
0.2,0.15,0.2,0.5,0.3,1.0,0.1176,0.2105,0.0,2,0,15,58,0.0,0.0
0.2,0.15,0.2,0.6,0.1,0.7273,0.4706,0.5714,0.0517,8,3,9,55,0.0,0.0
0.2,0.15,0.2,0.6,0.2,0.75,0.3529,0.48,0.0345,6,2,11,56,0.0,0.0
0.2,0.15,0.2,0.6,0.3,0.0,0.0,0.0,0.0,0,0,17,58,0.0,0.0
0.2,0.15,0.2,0.7,0.1,0.0,0.0,0.0,0.0,0,0,17,58,0.0,0.0
0.2,0.15,0.2,0.7,0.2,0.0,0.0,0.0,0.0,0,0,17,58,0.0,0.0
0.2,0.15,0.2,0.7,0.3,0.0,0.0,0.0,0.0,0,0,17,58,0.0,0.0
0.2,0.15,0.35,0.3,0.1,0.45,0.5294,0.4865,0.1897,9,11,8,47,0.5556,0.0
0.2,0.15,0.35,0.3,0.2,0.4211,0.4706,0.4444,0.1897,8,11,9,47,0.5556,0.0
0.2,0.15,0.35,0.3,0.3,0.4444,0.4706,0.4571,0.1724,8,10,9,48,0.5556,0.0
0.2,0.15,0.35,0.4,0.1,0.7273,0.4706,0.5714,0.0517,8,3,9,55,0.0,0.0
0.2,0.15,0.35,0.4,0.2,0.7273,0.4706,0.5714,0.0517,8,3,9,55,0.0,0.0
0.2,0.15,0.35,0.4,0.3,0.75,0.3529,0.48,0.0345,6,2,11,56,0.0,0.0
0.2,0.15,0.35,0.5,0.1,0.7273,0.4706,0.5714,0.0517,8,3,9,55,0.0,0.0
0.2,0.15,0.35,0.5,0.2,0.7778,0.4118,0.5385,0.0345,7,2,10,56,0.0,0.0
0.2,0.15,0.35,0.5,0.3,1.0,0.1176,0.2105,0.0,2,0,15,58,0.0,0.0
0.2,0.15,0.35,0.6,0.1,0.7273,0.4706,0.5714,0.0517,8,3,9,55,0.0,0.0
0.2,0.15,0.35,0.6,0.2,0.75,0.3529,0.48,0.0345,6,2,11,56,0.0,0.0
0.2,0.15,0.35,0.6,0.3,0.0,0.0,0.0,0.0,0,0,17,58,0.0,0.0
0.2,0.15,0.35,0.7,0.1,0.0,0.0,0.0,0.0,0,0,17,58,0.0,0.0
0.2,0.15,0.35,0.7,0.2,0.0,0.0,0.0,0.0,0,0,17,58,0.0,0.0
0.2,0.15,0.35,0.7,0.3,0.0,0.0,0.0,0.0,0,0,17,58,0.0,0.0
0.2,0.15,0.45,0.3,0.1,0.45,0.5294,0.4865,0.1897,9,11,8,47,0.5556,0.0
0.2,0.15,0.45,0.3,0.2,0.4211,0.4706,0.4444,0.1897,8,11,9,47,0.5556,0.0
0.2,0.15,0.45,0.3,0.3,0.4444,0.4706,0.4571,0.1724,8,10,9,48,0.5556,0.0
0.2,0.15,0.45,0.4,0.1,0.4211,0.4706,0.4444,0.1897,8,11,9,47,0.5556,0.0
0.2,0.15,0.45,0.4,0.2,0.4211,0.4706,0.4444,0.1897,8,11,9,47,0.5556,0.0
0.2,0.15,0.45,0.4,0.3,0.375,0.3529,0.3636,0.1724,6,10,11,48,0.5556,0.0
0.2,0.15,0.45,0.5,0.1,0.7273,0.4706,0.5714,0.0517,8,3,9,55,0.0,0.0
0.2,0.15,0.45,0.5,0.2,0.7778,0.4118,0.5385,0.0345,7,2,10,56,0.0,0.0
0.2,0.15,0.45,0.5,0.3,1.0,0.1176,0.2105,0.0,2,0,15,58,0.0,0.0
0.2,0.15,0.45,0.6,0.1,0.7273,0.4706,0.5714,0.0517,8,3,9,55,0.0,0.0
0.2,0.15,0.45,0.6,0.2,0.75,0.3529,0.48,0.0345,6,2,11,56,0.0,0.0
0.2,0.15,0.45,0.6,0.3,0.0,0.0,0.0,0.0,0,0,17,58,0.0,0.0
0.2,0.15,0.45,0.7,0.1,0.0,0.0,0.0,0.0,0,0,17,58,0.0,0.0
0.2,0.15,0.45,0.7,0.2,0.0,0.0,0.0,0.0,0,0,17,58,0.0,0.0
0.2,0.15,0.45,0.7,0.3,0.0,0.0,0.0,0.0,0,0,17,58,0.0,0.0
0.2,0.15,0.6,0.3,0.1,0.4091,0.5294,0.4615,0.2241,9,13,8,45,0.5556,0.0
0.2,0.15,0.6,0.3,0.2,0.381,0.4706,0.4211,0.2241,8,13,9,45,0.5556,0.0
0.2,0.15,0.6,0.3,0.3,0.4,0.4706,0.4324,0.2069,8,12,9,46,0.5556,0.0
0.2,0.15,0.6,0.4,0.1,0.4211,0.4706,0.4444,0.1897,8,11,9,47,0.5556,0.0
0.2,0.15,0.6,0.4,0.2,0.4211,0.4706,0.4444,0.1897,8,11,9,47,0.5556,0.0
0.2,0.15,0.6,0.4,0.3,0.375,0.3529,0.3636,0.1724,6,10,11,48,0.5556,0.0
0.2,0.15,0.6,0.5,0.1,0.4211,0.4706,0.4444,0.1897,8,11,9,47,0.5556,0.0
0.2,0.15,0.6,0.5,0.2,0.4118,0.4118,0.4118,0.1724,7,10,10,48,0.5556,0.0
0.2,0.15,0.6,0.5,0.3,0.2,0.1176,0.1481,0.1379,2,8,15,50,0.5556,0.0
0.2,0.15,0.6,0.6,0.1,0.5,0.4706,0.4848,0.1379,8,8,9,50,0.5556,0.0
0.2,0.15,0.6,0.6,0.2,0.4615,0.3529,0.4,0.1207,6,7,11,51,0.5556,0.0
0.2,0.15,0.6,0.6,0.3,0.0,0.0,0.0,0.0862,0,5,17,53,0.5556,0.0
0.2,0.15,0.6,0.7,0.1,0.0,0.0,0.0,0.0,0,0,17,58,0.0,0.0
0.2,0.15,0.6,0.7,0.2,0.0,0.0,0.0,0.0,0,0,17,58,0.0,0.0
0.2,0.15,0.6,0.7,0.3,0.0,0.0,0.0,0.0,0,0,17,58,0.0,0.0
0.2,0.15,0.8,0.3,0.1,0.375,0.5294,0.439,0.2586,9,15,8,43,0.5556,0.0
0.2,0.15,0.8,0.3,0.2,0.3478,0.4706,0.4,0.2586,8,15,9,43,0.5556,0.0
0.2,0.15,0.8,0.3,0.3,0.3636,0.4706,0.4103,0.2414,8,14,9,44,0.5556,0.0
0.2,0.15,0.8,0.4,0.1,0.381,0.4706,0.4211,0.2241,8,13,9,45,0.5556,0.0
0.2,0.15,0.8,0.4,0.2,0.381,0.4706,0.4211,0.2241,8,13,9,45,0.5556,0.0
0.2,0.15,0.8,0.4,0.3,0.3333,0.3529,0.3429,0.2069,6,12,11,46,0.5556,0.0
0.2,0.15,0.8,0.5,0.1,0.4211,0.4706,0.4444,0.1897,8,11,9,47,0.5556,0.0
0.2,0.15,0.8,0.5,0.2,0.4118,0.4118,0.4118,0.1724,7,10,10,48,0.5556,0.0
0.2,0.15,0.8,0.5,0.3,0.2,0.1176,0.1481,0.1379,2,8,15,50,0.5556,0.0
0.2,0.15,0.8,0.6,0.1,0.4211,0.4706,0.4444,0.1897,8,11,9,47,0.5556,0.0
0.2,0.15,0.8,0.6,0.2,0.375,0.3529,0.3636,0.1724,6,10,11,48,0.5556,0.0
0.2,0.15,0.8,0.6,0.3,0.0,0.0,0.0,0.1379,0,8,17,50,0.5556,0.0
0.2,0.15,0.8,0.7,0.1,0.0,0.0,0.0,0.1379,0,8,17,50,0.5556,0.0
0.2,0.15,0.8,0.7,0.2,0.0,0.0,0.0,0.1379,0,8,17,50,0.5556,0.0
0.2,0.15,0.8,0.7,0.3,0.0,0.0,0.0,0.1379,0,8,17,50,0.5556,0.0
0.2,0.15,1.0,0.3,0.1,0.375,0.5294,0.439,0.2586,9,15,8,43,0.5556,0.0
0.2,0.15,1.0,0.3,0.2,0.3478,0.4706,0.4,0.2586,8,15,9,43,0.5556,0.0
0.2,0.15,1.0,0.3,0.3,0.3636,0.4706,0.4103,0.2414,8,14,9,44,0.5556,0.0
0.2,0.15,1.0,0.4,0.1,0.381,0.4706,0.4211,0.2241,8,13,9,45,0.5556,0.0
0.2,0.15,1.0,0.4,0.2,0.381,0.4706,0.4211,0.2241,8,13,9,45,0.5556,0.0
0.2,0.15,1.0,0.4,0.3,0.3333,0.3529,0.3429,0.2069,6,12,11,46,0.5556,0.0
0.2,0.15,1.0,0.5,0.1,0.381,0.4706,0.4211,0.2241,8,13,9,45,0.5556,0.0
0.2,0.15,1.0,0.5,0.2,0.3684,0.4118,0.3889,0.2069,7,12,10,46,0.5556,0.0
0.2,0.15,1.0,0.5,0.3,0.1667,0.1176,0.1379,0.1724,2,10,15,48,0.5556,0.0
0.2,0.15,1.0,0.6,0.1,0.4211,0.4706,0.4444,0.1897,8,11,9,47,0.5556,0.0
0.2,0.15,1.0,0.6,0.2,0.375,0.3529,0.3636,0.1724,6,10,11,48,0.5556,0.0
0.2,0.15,1.0,0.6,0.3,0.0,0.0,0.0,0.1379,0,8,17,50,0.5556,0.0
0.2,0.15,1.0,0.7,0.1,0.0,0.0,0.0,0.1379,0,8,17,50,0.5556,0.0
0.2,0.15,1.0,0.7,0.2,0.0,0.0,0.0,0.1379,0,8,17,50,0.5556,0.0
0.2,0.15,1.0,0.7,0.3,0.0,0.0,0.0,0.1379,0,8,17,50,0.5556,0.0
0.2,0.2,0.2,0.3,0.1,0.75,0.5294,0.6207,0.0517,9,3,8,55,0.0,0.0
0.2,0.2,0.2,0.3,0.2,0.8,0.4706,0.5926,0.0345,8,2,9,56,0.0,0.0
0.2,0.2,0.2,0.3,0.3,0.75,0.3529,0.48,0.0345,6,2,11,56,0.0,0.0
0.2,0.2,0.2,0.4,0.1,0.7273,0.4706,0.5714,0.0517,8,3,9,55,0.0,0.0
0.2,0.2,0.2,0.4,0.2,0.75,0.3529,0.48,0.0345,6,2,11,56,0.0,0.0
0.2,0.2,0.2,0.4,0.3,1.0,0.1176,0.2105,0.0,2,0,15,58,0.0,0.0
0.2,0.2,0.2,0.5,0.1,0.7273,0.4706,0.5714,0.0517,8,3,9,55,0.0,0.0
0.2,0.2,0.2,0.5,0.2,0.6667,0.2353,0.3478,0.0345,4,2,13,56,0.0,0.0
0.2,0.2,0.2,0.5,0.3,0.0,0.0,0.0,0.0,0,0,17,58,0.0,0.0
0.2,0.2,0.2,0.6,0.1,0.8,0.4706,0.5926,0.0345,8,2,9,56,0.0,0.0
0.2,0.2,0.2,0.6,0.2,1.0,0.1176,0.2105,0.0,2,0,15,58,0.0,0.0
0.2,0.2,0.2,0.6,0.3,0.0,0.0,0.0,0.0,0,0,17,58,0.0,0.0
0.2,0.2,0.2,0.7,0.1,0.0,0.0,0.0,0.0,0,0,17,58,0.0,0.0
0.2,0.2,0.2,0.7,0.2,0.0,0.0,0.0,0.0,0,0,17,58,0.0,0.0
0.2,0.2,0.2,0.7,0.3,0.0,0.0,0.0,0.0,0,0,17,58,0.0,0.0
0.2,0.2,0.35,0.3,0.1,0.45,0.5294,0.4865,0.1897,9,11,8,47,0.5556,0.0
0.2,0.2,0.35,0.3,0.2,0.4444,0.4706,0.4571,0.1724,8,10,9,48,0.5556,0.0
0.2,0.2,0.35,0.3,0.3,0.375,0.3529,0.3636,0.1724,6,10,11,48,0.5556,0.0
0.2,0.2,0.35,0.4,0.1,0.7273,0.4706,0.5714,0.0517,8,3,9,55,0.0,0.0
0.2,0.2,0.35,0.4,0.2,0.75,0.3529,0.48,0.0345,6,2,11,56,0.0,0.0
0.2,0.2,0.35,0.4,0.3,1.0,0.1176,0.2105,0.0,2,0,15,58,0.0,0.0
0.2,0.2,0.35,0.5,0.1,0.7273,0.4706,0.5714,0.0517,8,3,9,55,0.0,0.0
0.2,0.2,0.35,0.5,0.2,0.6667,0.2353,0.3478,0.0345,4,2,13,56,0.0,0.0
0.2,0.2,0.35,0.5,0.3,0.0,0.0,0.0,0.0,0,0,17,58,0.0,0.0
0.2,0.2,0.35,0.6,0.1,0.8,0.4706,0.5926,0.0345,8,2,9,56,0.0,0.0
0.2,0.2,0.35,0.6,0.2,1.0,0.1176,0.2105,0.0,2,0,15,58,0.0,0.0
0.2,0.2,0.35,0.6,0.3,0.0,0.0,0.0,0.0,0,0,17,58,0.0,0.0
0.2,0.2,0.35,0.7,0.1,0.0,0.0,0.0,0.0,0,0,17,58,0.0,0.0
0.2,0.2,0.35,0.7,0.2,0.0,0.0,0.0,0.0,0,0,17,58,0.0,0.0
0.2,0.2,0.35,0.7,0.3,0.0,0.0,0.0,0.0,0,0,17,58,0.0,0.0
0.2,0.2,0.45,0.3,0.1,0.45,0.5294,0.4865,0.1897,9,11,8,47,0.5556,0.0
0.2,0.2,0.45,0.3,0.2,0.4444,0.4706,0.4571,0.1724,8,10,9,48,0.5556,0.0
0.2,0.2,0.45,0.3,0.3,0.375,0.3529,0.3636,0.1724,6,10,11,48,0.5556,0.0
0.2,0.2,0.45,0.4,0.1,0.4211,0.4706,0.4444,0.1897,8,11,9,47,0.5556,0.0
0.2,0.2,0.45,0.4,0.2,0.375,0.3529,0.3636,0.1724,6,10,11,48,0.5556,0.0
0.2,0.2,0.45,0.4,0.3,0.2,0.1176,0.1481,0.1379,2,8,15,50,0.5556,0.0
0.2,0.2,0.45,0.5,0.1,0.7273,0.4706,0.5714,0.0517,8,3,9,55,0.0,0.0
0.2,0.2,0.45,0.5,0.2,0.6667,0.2353,0.3478,0.0345,4,2,13,56,0.0,0.0
0.2,0.2,0.45,0.5,0.3,0.0,0.0,0.0,0.0,0,0,17,58,0.0,0.0
0.2,0.2,0.45,0.6,0.1,0.8,0.4706,0.5926,0.0345,8,2,9,56,0.0,0.0
0.2,0.2,0.45,0.6,0.2,1.0,0.1176,0.2105,0.0,2,0,15,58,0.0,0.0
0.2,0.2,0.45,0.6,0.3,0.0,0.0,0.0,0.0,0,0,17,58,0.0,0.0
0.2,0.2,0.45,0.7,0.1,0.0,0.0,0.0,0.0,0,0,17,58,0.0,0.0
0.2,0.2,0.45,0.7,0.2,0.0,0.0,0.0,0.0,0,0,17,58,0.0,0.0
0.2,0.2,0.45,0.7,0.3,0.0,0.0,0.0,0.0,0,0,17,58,0.0,0.0
0.2,0.2,0.6,0.3,0.1,0.4091,0.5294,0.4615,0.2241,9,13,8,45,0.5556,0.0
0.2,0.2,0.6,0.3,0.2,0.4,0.4706,0.4324,0.2069,8,12,9,46,0.5556,0.0
0.2,0.2,0.6,0.3,0.3,0.3333,0.3529,0.3429,0.2069,6,12,11,46,0.5556,0.0
0.2,0.2,0.6,0.4,0.1,0.4211,0.4706,0.4444,0.1897,8,11,9,47,0.5556,0.0
0.2,0.2,0.6,0.4,0.2,0.375,0.3529,0.3636,0.1724,6,10,11,48,0.5556,0.0
0.2,0.2,0.6,0.4,0.3,0.2,0.1176,0.1481,0.1379,2,8,15,50,0.5556,0.0
0.2,0.2,0.6,0.5,0.1,0.4211,0.4706,0.4444,0.1897,8,11,9,47,0.5556,0.0
0.2,0.2,0.6,0.5,0.2,0.2857,0.2353,0.2581,0.1724,4,10,13,48,0.5556,0.0
0.2,0.2,0.6,0.5,0.3,0.0,0.0,0.0,0.1379,0,8,17,50,0.5556,0.0
0.2,0.2,0.6,0.6,0.1,0.5333,0.4706,0.5,0.1207,8,7,9,51,0.5556,0.0
0.2,0.2,0.6,0.6,0.2,0.2857,0.1176,0.1667,0.0862,2,5,15,53,0.5556,0.0
0.2,0.2,0.6,0.6,0.3,0.0,0.0,0.0,0.0862,0,5,17,53,0.5556,0.0
0.2,0.2,0.6,0.7,0.1,0.0,0.0,0.0,0.0,0,0,17,58,0.0,0.0
0.2,0.2,0.6,0.7,0.2,0.0,0.0,0.0,0.0,0,0,17,58,0.0,0.0
0.2,0.2,0.6,0.7,0.3,0.0,0.0,0.0,0.0,0,0,17,58,0.0,0.0
0.2,0.2,0.8,0.3,0.1,0.375,0.5294,0.439,0.2586,9,15,8,43,0.5556,0.0
0.2,0.2,0.8,0.3,0.2,0.3636,0.4706,0.4103,0.2414,8,14,9,44,0.5556,0.0
0.2,0.2,0.8,0.3,0.3,0.3,0.3529,0.3243,0.2414,6,14,11,44,0.5556,0.0
0.2,0.2,0.8,0.4,0.1,0.381,0.4706,0.4211,0.2241,8,13,9,45,0.5556,0.0
0.2,0.2,0.8,0.4,0.2,0.3333,0.3529,0.3429,0.2069,6,12,11,46,0.5556,0.0
0.2,0.2,0.8,0.4,0.3,0.1667,0.1176,0.1379,0.1724,2,10,15,48,0.5556,0.0
0.2,0.2,0.8,0.5,0.1,0.4211,0.4706,0.4444,0.1897,8,11,9,47,0.5556,0.0
0.2,0.2,0.8,0.5,0.2,0.2857,0.2353,0.2581,0.1724,4,10,13,48,0.5556,0.0
0.2,0.2,0.8,0.5,0.3,0.0,0.0,0.0,0.1379,0,8,17,50,0.5556,0.0
0.2,0.2,0.8,0.6,0.1,0.4444,0.4706,0.4571,0.1724,8,10,9,48,0.5556,0.0
0.2,0.2,0.8,0.6,0.2,0.2,0.1176,0.1481,0.1379,2,8,15,50,0.5556,0.0
0.2,0.2,0.8,0.6,0.3,0.0,0.0,0.0,0.1379,0,8,17,50,0.5556,0.0
0.2,0.2,0.8,0.7,0.1,0.0,0.0,0.0,0.1379,0,8,17,50,0.5556,0.0
0.2,0.2,0.8,0.7,0.2,0.0,0.0,0.0,0.1379,0,8,17,50,0.5556,0.0
0.2,0.2,0.8,0.7,0.3,0.0,0.0,0.0,0.1379,0,8,17,50,0.5556,0.0
0.2,0.2,1.0,0.3,0.1,0.375,0.5294,0.439,0.2586,9,15,8,43,0.5556,0.0
0.2,0.2,1.0,0.3,0.2,0.3636,0.4706,0.4103,0.2414,8,14,9,44,0.5556,0.0
0.2,0.2,1.0,0.3,0.3,0.3,0.3529,0.3243,0.2414,6,14,11,44,0.5556,0.0
0.2,0.2,1.0,0.4,0.1,0.381,0.4706,0.4211,0.2241,8,13,9,45,0.5556,0.0
0.2,0.2,1.0,0.4,0.2,0.3333,0.3529,0.3429,0.2069,6,12,11,46,0.5556,0.0
0.2,0.2,1.0,0.4,0.3,0.1667,0.1176,0.1379,0.1724,2,10,15,48,0.5556,0.0
0.2,0.2,1.0,0.5,0.1,0.381,0.4706,0.4211,0.2241,8,13,9,45,0.5556,0.0
0.2,0.2,1.0,0.5,0.2,0.25,0.2353,0.2424,0.2069,4,12,13,46,0.5556,0.0
0.2,0.2,1.0,0.5,0.3,0.0,0.0,0.0,0.1724,0,10,17,48,0.5556,0.0
0.2,0.2,1.0,0.6,0.1,0.4444,0.4706,0.4571,0.1724,8,10,9,48,0.5556,0.0
0.2,0.2,1.0,0.6,0.2,0.2,0.1176,0.1481,0.1379,2,8,15,50,0.5556,0.0
0.2,0.2,1.0,0.6,0.3,0.0,0.0,0.0,0.1379,0,8,17,50,0.5556,0.0
0.2,0.2,1.0,0.7,0.1,0.0,0.0,0.0,0.1379,0,8,17,50,0.5556,0.0
0.2,0.2,1.0,0.7,0.2,0.0,0.0,0.0,0.1379,0,8,17,50,0.5556,0.0
0.2,0.2,1.0,0.7,0.3,0.0,0.0,0.0,0.1379,0,8,17,50,0.5556,0.0
0.2,0.25,0.2,0.3,0.1,0.8182,0.5294,0.6429,0.0345,9,2,8,56,0.0,0.0
0.2,0.25,0.2,0.3,0.2,0.75,0.3529,0.48,0.0345,6,2,11,56,0.0,0.0
0.2,0.25,0.2,0.3,0.3,0.6667,0.2353,0.3478,0.0345,4,2,13,56,0.0,0.0
0.2,0.25,0.2,0.4,0.1,0.7778,0.4118,0.5385,0.0345,7,2,10,56,0.0,0.0
0.2,0.25,0.2,0.4,0.2,0.6667,0.2353,0.3478,0.0345,4,2,13,56,0.0,0.0
0.2,0.25,0.2,0.4,0.3,0.0,0.0,0.0,0.0,0,0,17,58,0.0,0.0
0.2,0.25,0.2,0.5,0.1,0.75,0.3529,0.48,0.0345,6,2,11,56,0.0,0.0
0.2,0.25,0.2,0.5,0.2,0.5,0.1176,0.1905,0.0345,2,2,15,56,0.0,0.0
0.2,0.25,0.2,0.5,0.3,0.0,0.0,0.0,0.0,0,0,17,58,0.0,0.0
0.2,0.25,0.2,0.6,0.1,0.75,0.3529,0.48,0.0345,6,2,11,56,0.0,0.0
0.2,0.25,0.2,0.6,0.2,0.0,0.0,0.0,0.0,0,0,17,58,0.0,0.0
0.2,0.25,0.2,0.6,0.3,0.0,0.0,0.0,0.0,0,0,17,58,0.0,0.0
0.2,0.25,0.2,0.7,0.1,0.0,0.0,0.0,0.0,0,0,17,58,0.0,0.0
0.2,0.25,0.2,0.7,0.2,0.0,0.0,0.0,0.0,0,0,17,58,0.0,0.0
0.2,0.25,0.2,0.7,0.3,0.0,0.0,0.0,0.0,0,0,17,58,0.0,0.0
0.2,0.25,0.35,0.3,0.1,0.4737,0.5294,0.5,0.1724,9,10,8,48,0.5556,0.0
0.2,0.25,0.35,0.3,0.2,0.375,0.3529,0.3636,0.1724,6,10,11,48,0.5556,0.0
0.2,0.25,0.35,0.3,0.3,0.2857,0.2353,0.2581,0.1724,4,10,13,48,0.5556,0.0
0.2,0.25,0.35,0.4,0.1,0.7778,0.4118,0.5385,0.0345,7,2,10,56,0.0,0.0
0.2,0.25,0.35,0.4,0.2,0.6667,0.2353,0.3478,0.0345,4,2,13,56,0.0,0.0
0.2,0.25,0.35,0.4,0.3,0.0,0.0,0.0,0.0,0,0,17,58,0.0,0.0
0.2,0.25,0.35,0.5,0.1,0.75,0.3529,0.48,0.0345,6,2,11,56,0.0,0.0
0.2,0.25,0.35,0.5,0.2,0.5,0.1176,0.1905,0.0345,2,2,15,56,0.0,0.0
0.2,0.25,0.35,0.5,0.3,0.0,0.0,0.0,0.0,0,0,17,58,0.0,0.0
0.2,0.25,0.35,0.6,0.1,0.75,0.3529,0.48,0.0345,6,2,11,56,0.0,0.0
0.2,0.25,0.35,0.6,0.2,0.0,0.0,0.0,0.0,0,0,17,58,0.0,0.0
0.2,0.25,0.35,0.6,0.3,0.0,0.0,0.0,0.0,0,0,17,58,0.0,0.0
0.2,0.25,0.35,0.7,0.1,0.0,0.0,0.0,0.0,0,0,17,58,0.0,0.0
0.2,0.25,0.35,0.7,0.2,0.0,0.0,0.0,0.0,0,0,17,58,0.0,0.0
0.2,0.25,0.35,0.7,0.3,0.0,0.0,0.0,0.0,0,0,17,58,0.0,0.0
0.2,0.25,0.45,0.3,0.1,0.4737,0.5294,0.5,0.1724,9,10,8,48,0.5556,0.0
0.2,0.25,0.45,0.3,0.2,0.375,0.3529,0.3636,0.1724,6,10,11,48,0.5556,0.0
0.2,0.25,0.45,0.3,0.3,0.2857,0.2353,0.2581,0.1724,4,10,13,48,0.5556,0.0
0.2,0.25,0.45,0.4,0.1,0.4118,0.4118,0.4118,0.1724,7,10,10,48,0.5556,0.0
0.2,0.25,0.45,0.4,0.2,0.2857,0.2353,0.2581,0.1724,4,10,13,48,0.5556,0.0
0.2,0.25,0.45,0.4,0.3,0.0,0.0,0.0,0.1379,0,8,17,50,0.5556,0.0
0.2,0.25,0.45,0.5,0.1,0.75,0.3529,0.48,0.0345,6,2,11,56,0.0,0.0
0.2,0.25,0.45,0.5,0.2,0.5,0.1176,0.1905,0.0345,2,2,15,56,0.0,0.0
0.2,0.25,0.45,0.5,0.3,0.0,0.0,0.0,0.0,0,0,17,58,0.0,0.0
0.2,0.25,0.45,0.6,0.1,0.75,0.3529,0.48,0.0345,6,2,11,56,0.0,0.0
0.2,0.25,0.45,0.6,0.2,0.0,0.0,0.0,0.0,0,0,17,58,0.0,0.0
0.2,0.25,0.45,0.6,0.3,0.0,0.0,0.0,0.0,0,0,17,58,0.0,0.0
0.2,0.25,0.45,0.7,0.1,0.0,0.0,0.0,0.0,0,0,17,58,0.0,0.0
0.2,0.25,0.45,0.7,0.2,0.0,0.0,0.0,0.0,0,0,17,58,0.0,0.0
0.2,0.25,0.45,0.7,0.3,0.0,0.0,0.0,0.0,0,0,17,58,0.0,0.0
0.2,0.25,0.6,0.3,0.1,0.4286,0.5294,0.4737,0.2069,9,12,8,46,0.5556,0.0
0.2,0.25,0.6,0.3,0.2,0.3333,0.3529,0.3429,0.2069,6,12,11,46,0.5556,0.0
0.2,0.25,0.6,0.3,0.3,0.25,0.2353,0.2424,0.2069,4,12,13,46,0.5556,0.0
0.2,0.25,0.6,0.4,0.1,0.4118,0.4118,0.4118,0.1724,7,10,10,48,0.5556,0.0
0.2,0.25,0.6,0.4,0.2,0.2857,0.2353,0.2581,0.1724,4,10,13,48,0.5556,0.0
0.2,0.25,0.6,0.4,0.3,0.0,0.0,0.0,0.1379,0,8,17,50,0.5556,0.0
0.2,0.25,0.6,0.5,0.1,0.375,0.3529,0.3636,0.1724,6,10,11,48,0.5556,0.0
0.2,0.25,0.6,0.5,0.2,0.1667,0.1176,0.1379,0.1724,2,10,15,48,0.5556,0.0
0.2,0.25,0.6,0.5,0.3,0.0,0.0,0.0,0.1379,0,8,17,50,0.5556,0.0
0.2,0.25,0.6,0.6,0.1,0.4615,0.3529,0.4,0.1207,6,7,11,51,0.5556,0.0
0.2,0.25,0.6,0.6,0.2,0.0,0.0,0.0,0.0862,0,5,17,53,0.5556,0.0
0.2,0.25,0.6,0.6,0.3,0.0,0.0,0.0,0.0862,0,5,17,53,0.5556,0.0
0.2,0.25,0.6,0.7,0.1,0.0,0.0,0.0,0.0,0,0,17,58,0.0,0.0
0.2,0.25,0.6,0.7,0.2,0.0,0.0,0.0,0.0,0,0,17,58,0.0,0.0
0.2,0.25,0.6,0.7,0.3,0.0,0.0,0.0,0.0,0,0,17,58,0.0,0.0
0.2,0.25,0.8,0.3,0.1,0.3913,0.5294,0.45,0.2414,9,14,8,44,0.5556,0.0
0.2,0.25,0.8,0.3,0.2,0.3,0.3529,0.3243,0.2414,6,14,11,44,0.5556,0.0
0.2,0.25,0.8,0.3,0.3,0.2222,0.2353,0.2286,0.2414,4,14,13,44,0.5556,0.0
0.2,0.25,0.8,0.4,0.1,0.3684,0.4118,0.3889,0.2069,7,12,10,46,0.5556,0.0
0.2,0.25,0.8,0.4,0.2,0.25,0.2353,0.2424,0.2069,4,12,13,46,0.5556,0.0
0.2,0.25,0.8,0.4,0.3,0.0,0.0,0.0,0.1724,0,10,17,48,0.5556,0.0
0.2,0.25,0.8,0.5,0.1,0.375,0.3529,0.3636,0.1724,6,10,11,48,0.5556,0.0
0.2,0.25,0.8,0.5,0.2,0.1667,0.1176,0.1379,0.1724,2,10,15,48,0.5556,0.0
0.2,0.25,0.8,0.5,0.3,0.0,0.0,0.0,0.1379,0,8,17,50,0.5556,0.0
0.2,0.25,0.8,0.6,0.1,0.375,0.3529,0.3636,0.1724,6,10,11,48,0.5556,0.0
0.2,0.25,0.8,0.6,0.2,0.0,0.0,0.0,0.1379,0,8,17,50,0.5556,0.0
0.2,0.25,0.8,0.6,0.3,0.0,0.0,0.0,0.1379,0,8,17,50,0.5556,0.0
0.2,0.25,0.8,0.7,0.1,0.0,0.0,0.0,0.1379,0,8,17,50,0.5556,0.0
0.2,0.25,0.8,0.7,0.2,0.0,0.0,0.0,0.1379,0,8,17,50,0.5556,0.0
0.2,0.25,0.8,0.7,0.3,0.0,0.0,0.0,0.1379,0,8,17,50,0.5556,0.0
0.2,0.25,1.0,0.3,0.1,0.3913,0.5294,0.45,0.2414,9,14,8,44,0.5556,0.0
0.2,0.25,1.0,0.3,0.2,0.3,0.3529,0.3243,0.2414,6,14,11,44,0.5556,0.0
0.2,0.25,1.0,0.3,0.3,0.2222,0.2353,0.2286,0.2414,4,14,13,44,0.5556,0.0
0.2,0.25,1.0,0.4,0.1,0.3684,0.4118,0.3889,0.2069,7,12,10,46,0.5556,0.0
0.2,0.25,1.0,0.4,0.2,0.25,0.2353,0.2424,0.2069,4,12,13,46,0.5556,0.0
0.2,0.25,1.0,0.4,0.3,0.0,0.0,0.0,0.1724,0,10,17,48,0.5556,0.0
0.2,0.25,1.0,0.5,0.1,0.3333,0.3529,0.3429,0.2069,6,12,11,46,0.5556,0.0
0.2,0.25,1.0,0.5,0.2,0.1429,0.1176,0.129,0.2069,2,12,15,46,0.5556,0.0
0.2,0.25,1.0,0.5,0.3,0.0,0.0,0.0,0.1724,0,10,17,48,0.5556,0.0
0.2,0.25,1.0,0.6,0.1,0.375,0.3529,0.3636,0.1724,6,10,11,48,0.5556,0.0
0.2,0.25,1.0,0.6,0.2,0.0,0.0,0.0,0.1379,0,8,17,50,0.5556,0.0
0.2,0.25,1.0,0.6,0.3,0.0,0.0,0.0,0.1379,0,8,17,50,0.5556,0.0
0.2,0.25,1.0,0.7,0.1,0.0,0.0,0.0,0.1379,0,8,17,50,0.5556,0.0
0.2,0.25,1.0,0.7,0.2,0.0,0.0,0.0,0.1379,0,8,17,50,0.5556,0.0
0.2,0.25,1.0,0.7,0.3,0.0,0.0,0.0,0.1379,0,8,17,50,0.5556,0.0
0.25,0.0,0.2,0.3,0.1,0.6471,0.6471,0.6471,0.1034,11,6,6,52,0.1111,0.0
0.25,0.0,0.2,0.3,0.2,0.7143,0.5882,0.6452,0.069,10,4,7,54,0.1111,0.0
0.25,0.0,0.2,0.3,0.3,0.6667,0.4706,0.5517,0.069,8,4,9,54,0.1111,0.0
0.25,0.0,0.2,0.4,0.1,0.6471,0.6471,0.6471,0.1034,11,6,6,52,0.1111,0.0
0.25,0.0,0.2,0.4,0.2,0.6923,0.5294,0.6,0.069,9,4,8,54,0.1111,0.0
0.25,0.0,0.2,0.4,0.3,0.7273,0.4706,0.5714,0.0517,8,3,9,55,0.0,0.0
0.25,0.0,0.2,0.5,0.1,0.6667,0.5882,0.625,0.0862,10,5,7,53,0.1111,0.0
0.25,0.0,0.2,0.5,0.2,0.7273,0.4706,0.5714,0.0517,8,3,9,55,0.0,0.0
0.25,0.0,0.2,0.5,0.3,0.7273,0.4706,0.5714,0.0517,8,3,9,55,0.0,0.0
0.25,0.0,0.2,0.6,0.1,0.7143,0.5882,0.6452,0.069,10,4,7,54,0.1111,0.0
0.25,0.0,0.2,0.6,0.2,0.7273,0.4706,0.5714,0.0517,8,3,9,55,0.0,0.0
0.25,0.0,0.2,0.6,0.3,0.8,0.4706,0.5926,0.0345,8,2,9,56,0.0,0.0
0.25,0.0,0.2,0.7,0.1,0.0,0.0,0.0,0.0172,0,1,17,57,0.1111,0.0
0.25,0.0,0.2,0.7,0.2,0.0,0.0,0.0,0.0,0,0,17,58,0.0,0.0
0.25,0.0,0.2,0.7,0.3,0.0,0.0,0.0,0.0,0,0,17,58,0.0,0.0
0.25,0.0,0.35,0.3,0.1,0.4583,0.6471,0.5366,0.2241,11,13,6,45,0.5556,0.0
0.25,0.0,0.35,0.3,0.2,0.4762,0.5882,0.5263,0.1897,10,11,7,47,0.5556,0.0
0.25,0.0,0.35,0.3,0.3,0.4211,0.4706,0.4444,0.1897,8,11,9,47,0.5556,0.0
0.25,0.0,0.35,0.4,0.1,0.6471,0.6471,0.6471,0.1034,11,6,6,52,0.1111,0.0
0.25,0.0,0.35,0.4,0.2,0.6923,0.5294,0.6,0.069,9,4,8,54,0.1111,0.0
0.25,0.0,0.35,0.4,0.3,0.6667,0.4706,0.5517,0.069,8,4,9,54,0.1111,0.0
0.25,0.0,0.35,0.5,0.1,0.6667,0.5882,0.625,0.0862,10,5,7,53,0.1111,0.0
0.25,0.0,0.35,0.5,0.2,0.6667,0.4706,0.5517,0.069,8,4,9,54,0.1111,0.0
0.25,0.0,0.35,0.5,0.3,0.6667,0.4706,0.5517,0.069,8,4,9,54,0.1111,0.0
0.25,0.0,0.35,0.6,0.1,0.7143,0.5882,0.6452,0.069,10,4,7,54,0.1111,0.0
0.25,0.0,0.35,0.6,0.2,0.7273,0.4706,0.5714,0.0517,8,3,9,55,0.0,0.0
0.25,0.0,0.35,0.6,0.3,0.8,0.4706,0.5926,0.0345,8,2,9,56,0.0,0.0
0.25,0.0,0.35,0.7,0.1,0.0,0.0,0.0,0.0172,0,1,17,57,0.1111,0.0
0.25,0.0,0.35,0.7,0.2,0.0,0.0,0.0,0.0,0,0,17,58,0.0,0.0
0.25,0.0,0.35,0.7,0.3,0.0,0.0,0.0,0.0,0,0,17,58,0.0,0.0
0.25,0.0,0.45,0.3,0.1,0.4583,0.6471,0.5366,0.2241,11,13,6,45,0.5556,0.0
0.25,0.0,0.45,0.3,0.2,0.4762,0.5882,0.5263,0.1897,10,11,7,47,0.5556,0.0
0.25,0.0,0.45,0.3,0.3,0.4211,0.4706,0.4444,0.1897,8,11,9,47,0.5556,0.0
0.25,0.0,0.45,0.4,0.1,0.4583,0.6471,0.5366,0.2241,11,13,6,45,0.5556,0.0
0.25,0.0,0.45,0.4,0.2,0.45,0.5294,0.4865,0.1897,9,11,8,47,0.5556,0.0
0.25,0.0,0.45,0.4,0.3,0.4211,0.4706,0.4444,0.1897,8,11,9,47,0.5556,0.0
0.25,0.0,0.45,0.5,0.1,0.6667,0.5882,0.625,0.0862,10,5,7,53,0.1111,0.0
0.25,0.0,0.45,0.5,0.2,0.6667,0.4706,0.5517,0.069,8,4,9,54,0.1111,0.0
0.25,0.0,0.45,0.5,0.3,0.6667,0.4706,0.5517,0.069,8,4,9,54,0.1111,0.0
0.25,0.0,0.45,0.6,0.1,0.7143,0.5882,0.6452,0.069,10,4,7,54,0.1111,0.0
0.25,0.0,0.45,0.6,0.2,0.6667,0.4706,0.5517,0.069,8,4,9,54,0.1111,0.0
0.25,0.0,0.45,0.6,0.3,0.8,0.4706,0.5926,0.0345,8,2,9,56,0.0,0.0
0.25,0.0,0.45,0.7,0.1,0.0,0.0,0.0,0.0172,0,1,17,57,0.1111,0.0
0.25,0.0,0.45,0.7,0.2,0.0,0.0,0.0,0.0,0,0,17,58,0.0,0.0
0.25,0.0,0.45,0.7,0.3,0.0,0.0,0.0,0.0,0,0,17,58,0.0,0.0
0.25,0.0,0.6,0.3,0.1,0.4231,0.6471,0.5116,0.2586,11,15,6,43,0.5556,0.0
0.25,0.0,0.6,0.3,0.2,0.4348,0.5882,0.5,0.2241,10,13,7,45,0.5556,0.0
0.25,0.0,0.6,0.3,0.3,0.381,0.4706,0.4211,0.2241,8,13,9,45,0.5556,0.0
0.25,0.0,0.6,0.4,0.1,0.4583,0.6471,0.5366,0.2241,11,13,6,45,0.5556,0.0
0.25,0.0,0.6,0.4,0.2,0.45,0.5294,0.4865,0.1897,9,11,8,47,0.5556,0.0
0.25,0.0,0.6,0.4,0.3,0.4211,0.4706,0.4444,0.1897,8,11,9,47,0.5556,0.0
0.25,0.0,0.6,0.5,0.1,0.4545,0.5882,0.5128,0.2069,10,12,7,46,0.5556,0.0
0.25,0.0,0.6,0.5,0.2,0.4211,0.4706,0.4444,0.1897,8,11,9,47,0.5556,0.0
0.25,0.0,0.6,0.5,0.3,0.4211,0.4706,0.4444,0.1897,8,11,9,47,0.5556,0.0
0.25,0.0,0.6,0.6,0.1,0.5556,0.5882,0.5714,0.1379,10,8,7,50,0.5556,0.0
0.25,0.0,0.6,0.6,0.2,0.5,0.4706,0.4848,0.1379,8,8,9,50,0.5556,0.0
0.25,0.0,0.6,0.6,0.3,0.5333,0.4706,0.5,0.1207,8,7,9,51,0.5556,0.0
0.25,0.0,0.6,0.7,0.1,0.0,0.0,0.0,0.0172,0,1,17,57,0.1111,0.0
0.25,0.0,0.6,0.7,0.2,0.0,0.0,0.0,0.0172,0,1,17,57,0.1111,0.0
0.25,0.0,0.6,0.7,0.3,0.0,0.0,0.0,0.0,0,0,17,58,0.0,0.0
0.25,0.0,0.8,0.3,0.1,0.3929,0.6471,0.4889,0.2931,11,17,6,41,0.5556,0.0
0.25,0.0,0.8,0.3,0.2,0.4,0.5882,0.4762,0.2586,10,15,7,43,0.5556,0.0
0.25,0.0,0.8,0.3,0.3,0.3478,0.4706,0.4,0.2586,8,15,9,43,0.5556,0.0
0.25,0.0,0.8,0.4,0.1,0.4231,0.6471,0.5116,0.2586,11,15,6,43,0.5556,0.0
0.25,0.0,0.8,0.4,0.2,0.4091,0.5294,0.4615,0.2241,9,13,8,45,0.5556,0.0
0.25,0.0,0.8,0.4,0.3,0.381,0.4706,0.4211,0.2241,8,13,9,45,0.5556,0.0
0.25,0.0,0.8,0.5,0.1,0.4545,0.5882,0.5128,0.2069,10,12,7,46,0.5556,0.0
0.25,0.0,0.8,0.5,0.2,0.4211,0.4706,0.4444,0.1897,8,11,9,47,0.5556,0.0
0.25,0.0,0.8,0.5,0.3,0.4211,0.4706,0.4444,0.1897,8,11,9,47,0.5556,0.0
0.25,0.0,0.8,0.6,0.1,0.4762,0.5882,0.5263,0.1897,10,11,7,47,0.5556,0.0
0.25,0.0,0.8,0.6,0.2,0.4211,0.4706,0.4444,0.1897,8,11,9,47,0.5556,0.0
0.25,0.0,0.8,0.6,0.3,0.4444,0.4706,0.4571,0.1724,8,10,9,48,0.5556,0.0
0.25,0.0,0.8,0.7,0.1,0.0,0.0,0.0,0.1379,0,8,17,50,0.5556,0.0
0.25,0.0,0.8,0.7,0.2,0.0,0.0,0.0,0.1379,0,8,17,50,0.5556,0.0
0.25,0.0,0.8,0.7,0.3,0.0,0.0,0.0,0.1379,0,8,17,50,0.5556,0.0
0.25,0.0,1.0,0.3,0.1,0.3929,0.6471,0.4889,0.2931,11,17,6,41,0.5556,0.0
0.25,0.0,1.0,0.3,0.2,0.4,0.5882,0.4762,0.2586,10,15,7,43,0.5556,0.0
0.25,0.0,1.0,0.3,0.3,0.3478,0.4706,0.4,0.2586,8,15,9,43,0.5556,0.0
0.25,0.0,1.0,0.4,0.1,0.4231,0.6471,0.5116,0.2586,11,15,6,43,0.5556,0.0
0.25,0.0,1.0,0.4,0.2,0.4091,0.5294,0.4615,0.2241,9,13,8,45,0.5556,0.0
0.25,0.0,1.0,0.4,0.3,0.381,0.4706,0.4211,0.2241,8,13,9,45,0.5556,0.0
0.25,0.0,1.0,0.5,0.1,0.4167,0.5882,0.4878,0.2414,10,14,7,44,0.5556,0.0
0.25,0.0,1.0,0.5,0.2,0.381,0.4706,0.4211,0.2241,8,13,9,45,0.5556,0.0
0.25,0.0,1.0,0.5,0.3,0.381,0.4706,0.4211,0.2241,8,13,9,45,0.5556,0.0
0.25,0.0,1.0,0.6,0.1,0.4762,0.5882,0.5263,0.1897,10,11,7,47,0.5556,0.0
0.25,0.0,1.0,0.6,0.2,0.4211,0.4706,0.4444,0.1897,8,11,9,47,0.5556,0.0
0.25,0.0,1.0,0.6,0.3,0.4444,0.4706,0.4571,0.1724,8,10,9,48,0.5556,0.0
0.25,0.0,1.0,0.7,0.1,0.0,0.0,0.0,0.1379,0,8,17,50,0.5556,0.0
0.25,0.0,1.0,0.7,0.2,0.0,0.0,0.0,0.1379,0,8,17,50,0.5556,0.0
0.25,0.0,1.0,0.7,0.3,0.0,0.0,0.0,0.1379,0,8,17,50,0.5556,0.0
0.25,0.05,0.2,0.3,0.1,0.6875,0.6471,0.6667,0.0862,11,5,6,53,0.1111,0.0
0.25,0.05,0.2,0.3,0.2,0.75,0.5294,0.6207,0.0517,9,3,8,55,0.0,0.0
0.25,0.05,0.2,0.3,0.3,0.7273,0.4706,0.5714,0.0517,8,3,9,55,0.0,0.0
0.25,0.05,0.2,0.4,0.1,0.7333,0.6471,0.6875,0.069,11,4,6,54,0.0,0.0
0.25,0.05,0.2,0.4,0.2,0.7273,0.4706,0.5714,0.0517,8,3,9,55,0.0,0.0
0.25,0.05,0.2,0.4,0.3,0.7273,0.4706,0.5714,0.0517,8,3,9,55,0.0,0.0
0.25,0.05,0.2,0.5,0.1,0.7692,0.5882,0.6667,0.0517,10,3,7,55,0.0,0.0
0.25,0.05,0.2,0.5,0.2,0.7273,0.4706,0.5714,0.0517,8,3,9,55,0.0,0.0
0.25,0.05,0.2,0.5,0.3,0.8,0.4706,0.5926,0.0345,8,2,9,56,0.0,0.0
0.25,0.05,0.2,0.6,0.1,0.75,0.5294,0.6207,0.0517,9,3,8,55,0.0,0.0
0.25,0.05,0.2,0.6,0.2,0.7273,0.4706,0.5714,0.0517,8,3,9,55,0.0,0.0
0.25,0.05,0.2,0.6,0.3,0.75,0.3529,0.48,0.0345,6,2,11,56,0.0,0.0
0.25,0.05,0.2,0.7,0.1,0.0,0.0,0.0,0.0,0,0,17,58,0.0,0.0
0.25,0.05,0.2,0.7,0.2,0.0,0.0,0.0,0.0,0,0,17,58,0.0,0.0
0.25,0.05,0.2,0.7,0.3,0.0,0.0,0.0,0.0,0,0,17,58,0.0,0.0
0.25,0.05,0.35,0.3,0.1,0.4783,0.6471,0.55,0.2069,11,12,6,46,0.5556,0.0
0.25,0.05,0.35,0.3,0.2,0.45,0.5294,0.4865,0.1897,9,11,8,47,0.5556,0.0
0.25,0.05,0.35,0.3,0.3,0.4211,0.4706,0.4444,0.1897,8,11,9,47,0.5556,0.0
0.25,0.05,0.35,0.4,0.1,0.6875,0.6471,0.6667,0.0862,11,5,6,53,0.1111,0.0
0.25,0.05,0.35,0.4,0.2,0.6667,0.4706,0.5517,0.069,8,4,9,54,0.1111,0.0
0.25,0.05,0.35,0.4,0.3,0.6667,0.4706,0.5517,0.069,8,4,9,54,0.1111,0.0
0.25,0.05,0.35,0.5,0.1,0.7143,0.5882,0.6452,0.069,10,4,7,54,0.1111,0.0
0.25,0.05,0.35,0.5,0.2,0.7273,0.4706,0.5714,0.0517,8,3,9,55,0.0,0.0
0.25,0.05,0.35,0.5,0.3,0.8,0.4706,0.5926,0.0345,8,2,9,56,0.0,0.0
0.25,0.05,0.35,0.6,0.1,0.75,0.5294,0.6207,0.0517,9,3,8,55,0.0,0.0
0.25,0.05,0.35,0.6,0.2,0.7273,0.4706,0.5714,0.0517,8,3,9,55,0.0,0.0
0.25,0.05,0.35,0.6,0.3,0.75,0.3529,0.48,0.0345,6,2,11,56,0.0,0.0
0.25,0.05,0.35,0.7,0.1,0.0,0.0,0.0,0.0,0,0,17,58,0.0,0.0
0.25,0.05,0.35,0.7,0.2,0.0,0.0,0.0,0.0,0,0,17,58,0.0,0.0
0.25,0.05,0.35,0.7,0.3,0.0,0.0,0.0,0.0,0,0,17,58,0.0,0.0
0.25,0.05,0.45,0.3,0.1,0.4783,0.6471,0.55,0.2069,11,12,6,46,0.5556,0.0
0.25,0.05,0.45,0.3,0.2,0.45,0.5294,0.4865,0.1897,9,11,8,47,0.5556,0.0
0.25,0.05,0.45,0.3,0.3,0.4211,0.4706,0.4444,0.1897,8,11,9,47,0.5556,0.0
0.25,0.05,0.45,0.4,0.1,0.4783,0.6471,0.55,0.2069,11,12,6,46,0.5556,0.0
0.25,0.05,0.45,0.4,0.2,0.4211,0.4706,0.4444,0.1897,8,11,9,47,0.5556,0.0
0.25,0.05,0.45,0.4,0.3,0.4211,0.4706,0.4444,0.1897,8,11,9,47,0.5556,0.0
0.25,0.05,0.45,0.5,0.1,0.7143,0.5882,0.6452,0.069,10,4,7,54,0.1111,0.0
0.25,0.05,0.45,0.5,0.2,0.6667,0.4706,0.5517,0.069,8,4,9,54,0.1111,0.0
0.25,0.05,0.45,0.5,0.3,0.8,0.4706,0.5926,0.0345,8,2,9,56,0.0,0.0
0.25,0.05,0.45,0.6,0.1,0.75,0.5294,0.6207,0.0517,9,3,8,55,0.0,0.0
0.25,0.05,0.45,0.6,0.2,0.7273,0.4706,0.5714,0.0517,8,3,9,55,0.0,0.0
0.25,0.05,0.45,0.6,0.3,0.75,0.3529,0.48,0.0345,6,2,11,56,0.0,0.0
0.25,0.05,0.45,0.7,0.1,0.0,0.0,0.0,0.0,0,0,17,58,0.0,0.0
0.25,0.05,0.45,0.7,0.2,0.0,0.0,0.0,0.0,0,0,17,58,0.0,0.0
0.25,0.05,0.45,0.7,0.3,0.0,0.0,0.0,0.0,0,0,17,58,0.0,0.0
0.25,0.05,0.6,0.3,0.1,0.44,0.6471,0.5238,0.2414,11,14,6,44,0.5556,0.0
0.25,0.05,0.6,0.3,0.2,0.4091,0.5294,0.4615,0.2241,9,13,8,45,0.5556,0.0
0.25,0.05,0.6,0.3,0.3,0.381,0.4706,0.4211,0.2241,8,13,9,45,0.5556,0.0
0.25,0.05,0.6,0.4,0.1,0.4783,0.6471,0.55,0.2069,11,12,6,46,0.5556,0.0
0.25,0.05,0.6,0.4,0.2,0.4211,0.4706,0.4444,0.1897,8,11,9,47,0.5556,0.0
0.25,0.05,0.6,0.4,0.3,0.4211,0.4706,0.4444,0.1897,8,11,9,47,0.5556,0.0
0.25,0.05,0.6,0.5,0.1,0.4762,0.5882,0.5263,0.1897,10,11,7,47,0.5556,0.0
0.25,0.05,0.6,0.5,0.2,0.4211,0.4706,0.4444,0.1897,8,11,9,47,0.5556,0.0
0.25,0.05,0.6,0.5,0.3,0.4444,0.4706,0.4571,0.1724,8,10,9,48,0.5556,0.0
0.25,0.05,0.6,0.6,0.1,0.5294,0.5294,0.5294,0.1379,9,8,8,50,0.5556,0.0
0.25,0.05,0.6,0.6,0.2,0.5,0.4706,0.4848,0.1379,8,8,9,50,0.5556,0.0
0.25,0.05,0.6,0.6,0.3,0.4615,0.3529,0.4,0.1207,6,7,11,51,0.5556,0.0
0.25,0.05,0.6,0.7,0.1,0.0,0.0,0.0,0.0,0,0,17,58,0.0,0.0
0.25,0.05,0.6,0.7,0.2,0.0,0.0,0.0,0.0,0,0,17,58,0.0,0.0
0.25,0.05,0.6,0.7,0.3,0.0,0.0,0.0,0.0,0,0,17,58,0.0,0.0
0.25,0.05,0.8,0.3,0.1,0.4074,0.6471,0.5,0.2759,11,16,6,42,0.5556,0.0
0.25,0.05,0.8,0.3,0.2,0.375,0.5294,0.439,0.2586,9,15,8,43,0.5556,0.0
0.25,0.05,0.8,0.3,0.3,0.3478,0.4706,0.4,0.2586,8,15,9,43,0.5556,0.0
0.25,0.05,0.8,0.4,0.1,0.44,0.6471,0.5238,0.2414,11,14,6,44,0.5556,0.0
0.25,0.05,0.8,0.4,0.2,0.381,0.4706,0.4211,0.2241,8,13,9,45,0.5556,0.0
0.25,0.05,0.8,0.4,0.3,0.381,0.4706,0.4211,0.2241,8,13,9,45,0.5556,0.0
0.25,0.05,0.8,0.5,0.1,0.4762,0.5882,0.5263,0.1897,10,11,7,47,0.5556,0.0
0.25,0.05,0.8,0.5,0.2,0.4211,0.4706,0.4444,0.1897,8,11,9,47,0.5556,0.0
0.25,0.05,0.8,0.5,0.3,0.4444,0.4706,0.4571,0.1724,8,10,9,48,0.5556,0.0
0.25,0.05,0.8,0.6,0.1,0.45,0.5294,0.4865,0.1897,9,11,8,47,0.5556,0.0
0.25,0.05,0.8,0.6,0.2,0.4211,0.4706,0.4444,0.1897,8,11,9,47,0.5556,0.0
0.25,0.05,0.8,0.6,0.3,0.375,0.3529,0.3636,0.1724,6,10,11,48,0.5556,0.0
0.25,0.05,0.8,0.7,0.1,0.0,0.0,0.0,0.1379,0,8,17,50,0.5556,0.0
0.25,0.05,0.8,0.7,0.2,0.0,0.0,0.0,0.1379,0,8,17,50,0.5556,0.0
0.25,0.05,0.8,0.7,0.3,0.0,0.0,0.0,0.1379,0,8,17,50,0.5556,0.0
0.25,0.05,1.0,0.3,0.1,0.4074,0.6471,0.5,0.2759,11,16,6,42,0.5556,0.0
0.25,0.05,1.0,0.3,0.2,0.375,0.5294,0.439,0.2586,9,15,8,43,0.5556,0.0
0.25,0.05,1.0,0.3,0.3,0.3478,0.4706,0.4,0.2586,8,15,9,43,0.5556,0.0
0.25,0.05,1.0,0.4,0.1,0.44,0.6471,0.5238,0.2414,11,14,6,44,0.5556,0.0
0.25,0.05,1.0,0.4,0.2,0.381,0.4706,0.4211,0.2241,8,13,9,45,0.5556,0.0
0.25,0.05,1.0,0.4,0.3,0.381,0.4706,0.4211,0.2241,8,13,9,45,0.5556,0.0
0.25,0.05,1.0,0.5,0.1,0.4348,0.5882,0.5,0.2241,10,13,7,45,0.5556,0.0
0.25,0.05,1.0,0.5,0.2,0.381,0.4706,0.4211,0.2241,8,13,9,45,0.5556,0.0
0.25,0.05,1.0,0.5,0.3,0.4,0.4706,0.4324,0.2069,8,12,9,46,0.5556,0.0
0.25,0.05,1.0,0.6,0.1,0.45,0.5294,0.4865,0.1897,9,11,8,47,0.5556,0.0
0.25,0.05,1.0,0.6,0.2,0.4211,0.4706,0.4444,0.1897,8,11,9,47,0.5556,0.0
0.25,0.05,1.0,0.6,0.3,0.375,0.3529,0.3636,0.1724,6,10,11,48,0.5556,0.0
0.25,0.05,1.0,0.7,0.1,0.0,0.0,0.0,0.1379,0,8,17,50,0.5556,0.0
0.25,0.05,1.0,0.7,0.2,0.0,0.0,0.0,0.1379,0,8,17,50,0.5556,0.0
0.25,0.05,1.0,0.7,0.3,0.0,0.0,0.0,0.1379,0,8,17,50,0.5556,0.0
0.25,0.1,0.2,0.3,0.1,0.7143,0.5882,0.6452,0.069,10,4,7,54,0.0,0.0
0.25,0.1,0.2,0.3,0.2,0.75,0.5294,0.6207,0.0517,9,3,8,55,0.0,0.0
0.25,0.1,0.2,0.3,0.3,0.7273,0.4706,0.5714,0.0517,8,3,9,55,0.0,0.0
0.25,0.1,0.2,0.4,0.1,0.7143,0.5882,0.6452,0.069,10,4,7,54,0.0,0.0
0.25,0.1,0.2,0.4,0.2,0.7273,0.4706,0.5714,0.0517,8,3,9,55,0.0,0.0
0.25,0.1,0.2,0.4,0.3,0.8,0.4706,0.5926,0.0345,8,2,9,56,0.0,0.0
0.25,0.1,0.2,0.5,0.1,0.75,0.5294,0.6207,0.0517,9,3,8,55,0.0,0.0
0.25,0.1,0.2,0.5,0.2,0.7273,0.4706,0.5714,0.0517,8,3,9,55,0.0,0.0
0.25,0.1,0.2,0.5,0.3,0.75,0.3529,0.48,0.0345,6,2,11,56,0.0,0.0
0.25,0.1,0.2,0.6,0.1,0.75,0.5294,0.6207,0.0517,9,3,8,55,0.0,0.0
0.25,0.1,0.2,0.6,0.2,0.8,0.4706,0.5926,0.0345,8,2,9,56,0.0,0.0
0.25,0.1,0.2,0.6,0.3,1.0,0.1176,0.2105,0.0,2,0,15,58,0.0,0.0
0.25,0.1,0.2,0.7,0.1,0.0,0.0,0.0,0.0,0,0,17,58,0.0,0.0
0.25,0.1,0.2,0.7,0.2,0.0,0.0,0.0,0.0,0,0,17,58,0.0,0.0
0.25,0.1,0.2,0.7,0.3,0.0,0.0,0.0,0.0,0,0,17,58,0.0,0.0
0.25,0.1,0.35,0.3,0.1,0.4545,0.5882,0.5128,0.2069,10,12,7,46,0.5556,0.0
0.25,0.1,0.35,0.3,0.2,0.45,0.5294,0.4865,0.1897,9,11,8,47,0.5556,0.0
0.25,0.1,0.35,0.3,0.3,0.4211,0.4706,0.4444,0.1897,8,11,9,47,0.5556,0.0
0.25,0.1,0.35,0.4,0.1,0.7143,0.5882,0.6452,0.069,10,4,7,54,0.0,0.0
0.25,0.1,0.35,0.4,0.2,0.7273,0.4706,0.5714,0.0517,8,3,9,55,0.0,0.0
0.25,0.1,0.35,0.4,0.3,0.8,0.4706,0.5926,0.0345,8,2,9,56,0.0,0.0
0.25,0.1,0.35,0.5,0.1,0.75,0.5294,0.6207,0.0517,9,3,8,55,0.0,0.0
0.25,0.1,0.35,0.5,0.2,0.7273,0.4706,0.5714,0.0517,8,3,9,55,0.0,0.0
0.25,0.1,0.35,0.5,0.3,0.75,0.3529,0.48,0.0345,6,2,11,56,0.0,0.0
0.25,0.1,0.35,0.6,0.1,0.75,0.5294,0.6207,0.0517,9,3,8,55,0.0,0.0
0.25,0.1,0.35,0.6,0.2,0.8,0.4706,0.5926,0.0345,8,2,9,56,0.0,0.0
0.25,0.1,0.35,0.6,0.3,1.0,0.1176,0.2105,0.0,2,0,15,58,0.0,0.0
0.25,0.1,0.35,0.7,0.1,0.0,0.0,0.0,0.0,0,0,17,58,0.0,0.0
0.25,0.1,0.35,0.7,0.2,0.0,0.0,0.0,0.0,0,0,17,58,0.0,0.0
0.25,0.1,0.35,0.7,0.3,0.0,0.0,0.0,0.0,0,0,17,58,0.0,0.0
0.25,0.1,0.45,0.3,0.1,0.4545,0.5882,0.5128,0.2069,10,12,7,46,0.5556,0.0
0.25,0.1,0.45,0.3,0.2,0.45,0.5294,0.4865,0.1897,9,11,8,47,0.5556,0.0
0.25,0.1,0.45,0.3,0.3,0.4211,0.4706,0.4444,0.1897,8,11,9,47,0.5556,0.0
0.25,0.1,0.45,0.4,0.1,0.4545,0.5882,0.5128,0.2069,10,12,7,46,0.5556,0.0
0.25,0.1,0.45,0.4,0.2,0.4211,0.4706,0.4444,0.1897,8,11,9,47,0.5556,0.0
0.25,0.1,0.45,0.4,0.3,0.4444,0.4706,0.4571,0.1724,8,10,9,48,0.5556,0.0
0.25,0.1,0.45,0.5,0.1,0.75,0.5294,0.6207,0.0517,9,3,8,55,0.0,0.0
0.25,0.1,0.45,0.5,0.2,0.7273,0.4706,0.5714,0.0517,8,3,9,55,0.0,0.0
0.25,0.1,0.45,0.5,0.3,0.75,0.3529,0.48,0.0345,6,2,11,56,0.0,0.0
0.25,0.1,0.45,0.6,0.1,0.75,0.5294,0.6207,0.0517,9,3,8,55,0.0,0.0
0.25,0.1,0.45,0.6,0.2,0.8,0.4706,0.5926,0.0345,8,2,9,56,0.0,0.0
0.25,0.1,0.45,0.6,0.3,1.0,0.1176,0.2105,0.0,2,0,15,58,0.0,0.0
0.25,0.1,0.45,0.7,0.1,0.0,0.0,0.0,0.0,0,0,17,58,0.0,0.0
0.25,0.1,0.45,0.7,0.2,0.0,0.0,0.0,0.0,0,0,17,58,0.0,0.0
0.25,0.1,0.45,0.7,0.3,0.0,0.0,0.0,0.0,0,0,17,58,0.0,0.0
0.25,0.1,0.6,0.3,0.1,0.4167,0.5882,0.4878,0.2414,10,14,7,44,0.5556,0.0
0.25,0.1,0.6,0.3,0.2,0.4091,0.5294,0.4615,0.2241,9,13,8,45,0.5556,0.0
0.25,0.1,0.6,0.3,0.3,0.381,0.4706,0.4211,0.2241,8,13,9,45,0.5556,0.0
0.25,0.1,0.6,0.4,0.1,0.4545,0.5882,0.5128,0.2069,10,12,7,46,0.5556,0.0
0.25,0.1,0.6,0.4,0.2,0.4211,0.4706,0.4444,0.1897,8,11,9,47,0.5556,0.0
0.25,0.1,0.6,0.4,0.3,0.4444,0.4706,0.4571,0.1724,8,10,9,48,0.5556,0.0
0.25,0.1,0.6,0.5,0.1,0.45,0.5294,0.4865,0.1897,9,11,8,47,0.5556,0.0
0.25,0.1,0.6,0.5,0.2,0.4211,0.4706,0.4444,0.1897,8,11,9,47,0.5556,0.0
0.25,0.1,0.6,0.5,0.3,0.375,0.3529,0.3636,0.1724,6,10,11,48,0.5556,0.0
0.25,0.1,0.6,0.6,0.1,0.5294,0.5294,0.5294,0.1379,9,8,8,50,0.5556,0.0
0.25,0.1,0.6,0.6,0.2,0.5333,0.4706,0.5,0.1207,8,7,9,51,0.5556,0.0
0.25,0.1,0.6,0.6,0.3,0.2857,0.1176,0.1667,0.0862,2,5,15,53,0.5556,0.0
0.25,0.1,0.6,0.7,0.1,0.0,0.0,0.0,0.0,0,0,17,58,0.0,0.0
0.25,0.1,0.6,0.7,0.2,0.0,0.0,0.0,0.0,0,0,17,58,0.0,0.0
0.25,0.1,0.6,0.7,0.3,0.0,0.0,0.0,0.0,0,0,17,58,0.0,0.0
0.25,0.1,0.8,0.3,0.1,0.3846,0.5882,0.4651,0.2759,10,16,7,42,0.5556,0.0
0.25,0.1,0.8,0.3,0.2,0.375,0.5294,0.439,0.2586,9,15,8,43,0.5556,0.0
0.25,0.1,0.8,0.3,0.3,0.3478,0.4706,0.4,0.2586,8,15,9,43,0.5556,0.0
0.25,0.1,0.8,0.4,0.1,0.4167,0.5882,0.4878,0.2414,10,14,7,44,0.5556,0.0
0.25,0.1,0.8,0.4,0.2,0.381,0.4706,0.4211,0.2241,8,13,9,45,0.5556,0.0
0.25,0.1,0.8,0.4,0.3,0.4,0.4706,0.4324,0.2069,8,12,9,46,0.5556,0.0
0.25,0.1,0.8,0.5,0.1,0.45,0.5294,0.4865,0.1897,9,11,8,47,0.5556,0.0
0.25,0.1,0.8,0.5,0.2,0.4211,0.4706,0.4444,0.1897,8,11,9,47,0.5556,0.0
0.25,0.1,0.8,0.5,0.3,0.375,0.3529,0.3636,0.1724,6,10,11,48,0.5556,0.0
0.25,0.1,0.8,0.6,0.1,0.45,0.5294,0.4865,0.1897,9,11,8,47,0.5556,0.0
0.25,0.1,0.8,0.6,0.2,0.4444,0.4706,0.4571,0.1724,8,10,9,48,0.5556,0.0
0.25,0.1,0.8,0.6,0.3,0.2,0.1176,0.1481,0.1379,2,8,15,50,0.5556,0.0
0.25,0.1,0.8,0.7,0.1,0.0,0.0,0.0,0.1379,0,8,17,50,0.5556,0.0
0.25,0.1,0.8,0.7,0.2,0.0,0.0,0.0,0.1379,0,8,17,50,0.5556,0.0
0.25,0.1,0.8,0.7,0.3,0.0,0.0,0.0,0.1379,0,8,17,50,0.5556,0.0
0.25,0.1,1.0,0.3,0.1,0.3846,0.5882,0.4651,0.2759,10,16,7,42,0.5556,0.0
0.25,0.1,1.0,0.3,0.2,0.375,0.5294,0.439,0.2586,9,15,8,43,0.5556,0.0
0.25,0.1,1.0,0.3,0.3,0.3478,0.4706,0.4,0.2586,8,15,9,43,0.5556,0.0
0.25,0.1,1.0,0.4,0.1,0.4167,0.5882,0.4878,0.2414,10,14,7,44,0.5556,0.0
0.25,0.1,1.0,0.4,0.2,0.381,0.4706,0.4211,0.2241,8,13,9,45,0.5556,0.0
0.25,0.1,1.0,0.4,0.3,0.4,0.4706,0.4324,0.2069,8,12,9,46,0.5556,0.0
0.25,0.1,1.0,0.5,0.1,0.4091,0.5294,0.4615,0.2241,9,13,8,45,0.5556,0.0
0.25,0.1,1.0,0.5,0.2,0.381,0.4706,0.4211,0.2241,8,13,9,45,0.5556,0.0
0.25,0.1,1.0,0.5,0.3,0.3333,0.3529,0.3429,0.2069,6,12,11,46,0.5556,0.0
0.25,0.1,1.0,0.6,0.1,0.45,0.5294,0.4865,0.1897,9,11,8,47,0.5556,0.0
0.25,0.1,1.0,0.6,0.2,0.4444,0.4706,0.4571,0.1724,8,10,9,48,0.5556,0.0
0.25,0.1,1.0,0.6,0.3,0.2,0.1176,0.1481,0.1379,2,8,15,50,0.5556,0.0
0.25,0.1,1.0,0.7,0.1,0.0,0.0,0.0,0.1379,0,8,17,50,0.5556,0.0
0.25,0.1,1.0,0.7,0.2,0.0,0.0,0.0,0.1379,0,8,17,50,0.5556,0.0
0.25,0.1,1.0,0.7,0.3,0.0,0.0,0.0,0.1379,0,8,17,50,0.5556,0.0
0.25,0.15,0.2,0.3,0.1,0.7143,0.5882,0.6452,0.069,10,4,7,54,0.0,0.0
0.25,0.15,0.2,0.3,0.2,0.75,0.5294,0.6207,0.0517,9,3,8,55,0.0,0.0
0.25,0.15,0.2,0.3,0.3,0.8,0.4706,0.5926,0.0345,8,2,9,56,0.0,0.0
0.25,0.15,0.2,0.4,0.1,0.7143,0.5882,0.6452,0.069,10,4,7,54,0.0,0.0
0.25,0.15,0.2,0.4,0.2,0.7273,0.4706,0.5714,0.0517,8,3,9,55,0.0,0.0
0.25,0.15,0.2,0.4,0.3,0.75,0.3529,0.48,0.0345,6,2,11,56,0.0,0.0
0.25,0.15,0.2,0.5,0.1,0.75,0.5294,0.6207,0.0517,9,3,8,55,0.0,0.0
0.25,0.15,0.2,0.5,0.2,0.7778,0.4118,0.5385,0.0345,7,2,10,56,0.0,0.0
0.25,0.15,0.2,0.5,0.3,1.0,0.1176,0.2105,0.0,2,0,15,58,0.0,0.0
0.25,0.15,0.2,0.6,0.1,0.75,0.5294,0.6207,0.0517,9,3,8,55,0.0,0.0
0.25,0.15,0.2,0.6,0.2,0.75,0.3529,0.48,0.0345,6,2,11,56,0.0,0.0
0.25,0.15,0.2,0.6,0.3,0.0,0.0,0.0,0.0,0,0,17,58,0.0,0.0
0.25,0.15,0.2,0.7,0.1,0.0,0.0,0.0,0.0,0,0,17,58,0.0,0.0
0.25,0.15,0.2,0.7,0.2,0.0,0.0,0.0,0.0,0,0,17,58,0.0,0.0
0.25,0.15,0.2,0.7,0.3,0.0,0.0,0.0,0.0,0,0,17,58,0.0,0.0
0.25,0.15,0.35,0.3,0.1,0.4545,0.5882,0.5128,0.2069,10,12,7,46,0.5556,0.0
0.25,0.15,0.35,0.3,0.2,0.45,0.5294,0.4865,0.1897,9,11,8,47,0.5556,0.0
0.25,0.15,0.35,0.3,0.3,0.4444,0.4706,0.4571,0.1724,8,10,9,48,0.5556,0.0
0.25,0.15,0.35,0.4,0.1,0.7143,0.5882,0.6452,0.069,10,4,7,54,0.0,0.0
0.25,0.15,0.35,0.4,0.2,0.7273,0.4706,0.5714,0.0517,8,3,9,55,0.0,0.0
0.25,0.15,0.35,0.4,0.3,0.75,0.3529,0.48,0.0345,6,2,11,56,0.0,0.0
0.25,0.15,0.35,0.5,0.1,0.75,0.5294,0.6207,0.0517,9,3,8,55,0.0,0.0
0.25,0.15,0.35,0.5,0.2,0.7778,0.4118,0.5385,0.0345,7,2,10,56,0.0,0.0
0.25,0.15,0.35,0.5,0.3,1.0,0.1176,0.2105,0.0,2,0,15,58,0.0,0.0
0.25,0.15,0.35,0.6,0.1,0.75,0.5294,0.6207,0.0517,9,3,8,55,0.0,0.0
0.25,0.15,0.35,0.6,0.2,0.75,0.3529,0.48,0.0345,6,2,11,56,0.0,0.0
0.25,0.15,0.35,0.6,0.3,0.0,0.0,0.0,0.0,0,0,17,58,0.0,0.0
0.25,0.15,0.35,0.7,0.1,0.0,0.0,0.0,0.0,0,0,17,58,0.0,0.0
0.25,0.15,0.35,0.7,0.2,0.0,0.0,0.0,0.0,0,0,17,58,0.0,0.0
0.25,0.15,0.35,0.7,0.3,0.0,0.0,0.0,0.0,0,0,17,58,0.0,0.0
0.25,0.15,0.45,0.3,0.1,0.4545,0.5882,0.5128,0.2069,10,12,7,46,0.5556,0.0
0.25,0.15,0.45,0.3,0.2,0.45,0.5294,0.4865,0.1897,9,11,8,47,0.5556,0.0
0.25,0.15,0.45,0.3,0.3,0.4444,0.4706,0.4571,0.1724,8,10,9,48,0.5556,0.0
0.25,0.15,0.45,0.4,0.1,0.4545,0.5882,0.5128,0.2069,10,12,7,46,0.5556,0.0
0.25,0.15,0.45,0.4,0.2,0.4211,0.4706,0.4444,0.1897,8,11,9,47,0.5556,0.0
0.25,0.15,0.45,0.4,0.3,0.375,0.3529,0.3636,0.1724,6,10,11,48,0.5556,0.0
0.25,0.15,0.45,0.5,0.1,0.75,0.5294,0.6207,0.0517,9,3,8,55,0.0,0.0
0.25,0.15,0.45,0.5,0.2,0.7778,0.4118,0.5385,0.0345,7,2,10,56,0.0,0.0
0.25,0.15,0.45,0.5,0.3,1.0,0.1176,0.2105,0.0,2,0,15,58,0.0,0.0
0.25,0.15,0.45,0.6,0.1,0.75,0.5294,0.6207,0.0517,9,3,8,55,0.0,0.0
0.25,0.15,0.45,0.6,0.2,0.75,0.3529,0.48,0.0345,6,2,11,56,0.0,0.0
0.25,0.15,0.45,0.6,0.3,0.0,0.0,0.0,0.0,0,0,17,58,0.0,0.0
0.25,0.15,0.45,0.7,0.1,0.0,0.0,0.0,0.0,0,0,17,58,0.0,0.0
0.25,0.15,0.45,0.7,0.2,0.0,0.0,0.0,0.0,0,0,17,58,0.0,0.0
0.25,0.15,0.45,0.7,0.3,0.0,0.0,0.0,0.0,0,0,17,58,0.0,0.0
0.25,0.15,0.6,0.3,0.1,0.4167,0.5882,0.4878,0.2414,10,14,7,44,0.5556,0.0
0.25,0.15,0.6,0.3,0.2,0.4091,0.5294,0.4615,0.2241,9,13,8,45,0.5556,0.0
0.25,0.15,0.6,0.3,0.3,0.4,0.4706,0.4324,0.2069,8,12,9,46,0.5556,0.0
0.25,0.15,0.6,0.4,0.1,0.4545,0.5882,0.5128,0.2069,10,12,7,46,0.5556,0.0
0.25,0.15,0.6,0.4,0.2,0.4211,0.4706,0.4444,0.1897,8,11,9,47,0.5556,0.0
0.25,0.15,0.6,0.4,0.3,0.375,0.3529,0.3636,0.1724,6,10,11,48,0.5556,0.0
0.25,0.15,0.6,0.5,0.1,0.45,0.5294,0.4865,0.1897,9,11,8,47,0.5556,0.0
0.25,0.15,0.6,0.5,0.2,0.4118,0.4118,0.4118,0.1724,7,10,10,48,0.5556,0.0
0.25,0.15,0.6,0.5,0.3,0.2,0.1176,0.1481,0.1379,2,8,15,50,0.5556,0.0
0.25,0.15,0.6,0.6,0.1,0.5294,0.5294,0.5294,0.1379,9,8,8,50,0.5556,0.0
0.25,0.15,0.6,0.6,0.2,0.4615,0.3529,0.4,0.1207,6,7,11,51,0.5556,0.0
0.25,0.15,0.6,0.6,0.3,0.0,0.0,0.0,0.0862,0,5,17,53,0.5556,0.0
0.25,0.15,0.6,0.7,0.1,0.0,0.0,0.0,0.0,0,0,17,58,0.0,0.0
0.25,0.15,0.6,0.7,0.2,0.0,0.0,0.0,0.0,0,0,17,58,0.0,0.0
0.25,0.15,0.6,0.7,0.3,0.0,0.0,0.0,0.0,0,0,17,58,0.0,0.0
0.25,0.15,0.8,0.3,0.1,0.3846,0.5882,0.4651,0.2759,10,16,7,42,0.5556,0.0
0.25,0.15,0.8,0.3,0.2,0.375,0.5294,0.439,0.2586,9,15,8,43,0.5556,0.0
0.25,0.15,0.8,0.3,0.3,0.3636,0.4706,0.4103,0.2414,8,14,9,44,0.5556,0.0
0.25,0.15,0.8,0.4,0.1,0.4167,0.5882,0.4878,0.2414,10,14,7,44,0.5556,0.0
0.25,0.15,0.8,0.4,0.2,0.381,0.4706,0.4211,0.2241,8,13,9,45,0.5556,0.0
0.25,0.15,0.8,0.4,0.3,0.3333,0.3529,0.3429,0.2069,6,12,11,46,0.5556,0.0
0.25,0.15,0.8,0.5,0.1,0.45,0.5294,0.4865,0.1897,9,11,8,47,0.5556,0.0
0.25,0.15,0.8,0.5,0.2,0.4118,0.4118,0.4118,0.1724,7,10,10,48,0.5556,0.0
0.25,0.15,0.8,0.5,0.3,0.2,0.1176,0.1481,0.1379,2,8,15,50,0.5556,0.0
0.25,0.15,0.8,0.6,0.1,0.45,0.5294,0.4865,0.1897,9,11,8,47,0.5556,0.0
0.25,0.15,0.8,0.6,0.2,0.375,0.3529,0.3636,0.1724,6,10,11,48,0.5556,0.0
0.25,0.15,0.8,0.6,0.3,0.0,0.0,0.0,0.1379,0,8,17,50,0.5556,0.0
0.25,0.15,0.8,0.7,0.1,0.0,0.0,0.0,0.1379,0,8,17,50,0.5556,0.0
0.25,0.15,0.8,0.7,0.2,0.0,0.0,0.0,0.1379,0,8,17,50,0.5556,0.0
0.25,0.15,0.8,0.7,0.3,0.0,0.0,0.0,0.1379,0,8,17,50,0.5556,0.0
0.25,0.15,1.0,0.3,0.1,0.3846,0.5882,0.4651,0.2759,10,16,7,42,0.5556,0.0
0.25,0.15,1.0,0.3,0.2,0.375,0.5294,0.439,0.2586,9,15,8,43,0.5556,0.0
0.25,0.15,1.0,0.3,0.3,0.3636,0.4706,0.4103,0.2414,8,14,9,44,0.5556,0.0
0.25,0.15,1.0,0.4,0.1,0.4167,0.5882,0.4878,0.2414,10,14,7,44,0.5556,0.0
0.25,0.15,1.0,0.4,0.2,0.381,0.4706,0.4211,0.2241,8,13,9,45,0.5556,0.0
0.25,0.15,1.0,0.4,0.3,0.3333,0.3529,0.3429,0.2069,6,12,11,46,0.5556,0.0
0.25,0.15,1.0,0.5,0.1,0.4091,0.5294,0.4615,0.2241,9,13,8,45,0.5556,0.0
0.25,0.15,1.0,0.5,0.2,0.3684,0.4118,0.3889,0.2069,7,12,10,46,0.5556,0.0
0.25,0.15,1.0,0.5,0.3,0.1667,0.1176,0.1379,0.1724,2,10,15,48,0.5556,0.0
0.25,0.15,1.0,0.6,0.1,0.45,0.5294,0.4865,0.1897,9,11,8,47,0.5556,0.0
0.25,0.15,1.0,0.6,0.2,0.375,0.3529,0.3636,0.1724,6,10,11,48,0.5556,0.0
0.25,0.15,1.0,0.6,0.3,0.0,0.0,0.0,0.1379,0,8,17,50,0.5556,0.0
0.25,0.15,1.0,0.7,0.1,0.0,0.0,0.0,0.1379,0,8,17,50,0.5556,0.0
0.25,0.15,1.0,0.7,0.2,0.0,0.0,0.0,0.1379,0,8,17,50,0.5556,0.0
0.25,0.15,1.0,0.7,0.3,0.0,0.0,0.0,0.1379,0,8,17,50,0.5556,0.0
0.25,0.2,0.2,0.3,0.1,0.7143,0.5882,0.6452,0.069,10,4,7,54,0.0,0.0
0.25,0.2,0.2,0.3,0.2,0.8182,0.5294,0.6429,0.0345,9,2,8,56,0.0,0.0
0.25,0.2,0.2,0.3,0.3,0.75,0.3529,0.48,0.0345,6,2,11,56,0.0,0.0
0.25,0.2,0.2,0.4,0.1,0.7143,0.5882,0.6452,0.069,10,4,7,54,0.0,0.0
0.25,0.2,0.2,0.4,0.2,0.75,0.3529,0.48,0.0345,6,2,11,56,0.0,0.0
0.25,0.2,0.2,0.4,0.3,0.6667,0.2353,0.3478,0.0345,4,2,13,56,0.0,0.0
0.25,0.2,0.2,0.5,0.1,0.75,0.5294,0.6207,0.0517,9,3,8,55,0.0,0.0
0.25,0.2,0.2,0.5,0.2,0.6667,0.2353,0.3478,0.0345,4,2,13,56,0.0,0.0
0.25,0.2,0.2,0.5,0.3,0.0,0.0,0.0,0.0,0,0,17,58,0.0,0.0
0.25,0.2,0.2,0.6,0.1,0.8182,0.5294,0.6429,0.0345,9,2,8,56,0.0,0.0
0.25,0.2,0.2,0.6,0.2,0.6667,0.2353,0.3478,0.0345,4,2,13,56,0.0,0.0
0.25,0.2,0.2,0.6,0.3,0.0,0.0,0.0,0.0,0,0,17,58,0.0,0.0
0.25,0.2,0.2,0.7,0.1,0.0,0.0,0.0,0.0,0,0,17,58,0.0,0.0
0.25,0.2,0.2,0.7,0.2,0.0,0.0,0.0,0.0,0,0,17,58,0.0,0.0
0.25,0.2,0.2,0.7,0.3,0.0,0.0,0.0,0.0,0,0,17,58,0.0,0.0
0.25,0.2,0.35,0.3,0.1,0.4545,0.5882,0.5128,0.2069,10,12,7,46,0.5556,0.0
0.25,0.2,0.35,0.3,0.2,0.4737,0.5294,0.5,0.1724,9,10,8,48,0.5556,0.0
0.25,0.2,0.35,0.3,0.3,0.375,0.3529,0.3636,0.1724,6,10,11,48,0.5556,0.0
0.25,0.2,0.35,0.4,0.1,0.7143,0.5882,0.6452,0.069,10,4,7,54,0.0,0.0
0.25,0.2,0.35,0.4,0.2,0.75,0.3529,0.48,0.0345,6,2,11,56,0.0,0.0
0.25,0.2,0.35,0.4,0.3,0.6667,0.2353,0.3478,0.0345,4,2,13,56,0.0,0.0
0.25,0.2,0.35,0.5,0.1,0.75,0.5294,0.6207,0.0517,9,3,8,55,0.0,0.0
0.25,0.2,0.35,0.5,0.2,0.6667,0.2353,0.3478,0.0345,4,2,13,56,0.0,0.0
0.25,0.2,0.35,0.5,0.3,0.0,0.0,0.0,0.0,0,0,17,58,0.0,0.0
0.25,0.2,0.35,0.6,0.1,0.8182,0.5294,0.6429,0.0345,9,2,8,56,0.0,0.0
0.25,0.2,0.35,0.6,0.2,0.6667,0.2353,0.3478,0.0345,4,2,13,56,0.0,0.0
0.25,0.2,0.35,0.6,0.3,0.0,0.0,0.0,0.0,0,0,17,58,0.0,0.0
0.25,0.2,0.35,0.7,0.1,0.0,0.0,0.0,0.0,0,0,17,58,0.0,0.0
0.25,0.2,0.35,0.7,0.2,0.0,0.0,0.0,0.0,0,0,17,58,0.0,0.0
0.25,0.2,0.35,0.7,0.3,0.0,0.0,0.0,0.0,0,0,17,58,0.0,0.0
0.25,0.2,0.45,0.3,0.1,0.4545,0.5882,0.5128,0.2069,10,12,7,46,0.5556,0.0
0.25,0.2,0.45,0.3,0.2,0.4737,0.5294,0.5,0.1724,9,10,8,48,0.5556,0.0
0.25,0.2,0.45,0.3,0.3,0.375,0.3529,0.3636,0.1724,6,10,11,48,0.5556,0.0
0.25,0.2,0.45,0.4,0.1,0.4545,0.5882,0.5128,0.2069,10,12,7,46,0.5556,0.0
0.25,0.2,0.45,0.4,0.2,0.375,0.3529,0.3636,0.1724,6,10,11,48,0.5556,0.0
0.25,0.2,0.45,0.4,0.3,0.2857,0.2353,0.2581,0.1724,4,10,13,48,0.5556,0.0
0.25,0.2,0.45,0.5,0.1,0.75,0.5294,0.6207,0.0517,9,3,8,55,0.0,0.0
0.25,0.2,0.45,0.5,0.2,0.6667,0.2353,0.3478,0.0345,4,2,13,56,0.0,0.0
0.25,0.2,0.45,0.5,0.3,0.0,0.0,0.0,0.0,0,0,17,58,0.0,0.0
0.25,0.2,0.45,0.6,0.1,0.8182,0.5294,0.6429,0.0345,9,2,8,56,0.0,0.0
0.25,0.2,0.45,0.6,0.2,0.6667,0.2353,0.3478,0.0345,4,2,13,56,0.0,0.0
0.25,0.2,0.45,0.6,0.3,0.0,0.0,0.0,0.0,0,0,17,58,0.0,0.0
0.25,0.2,0.45,0.7,0.1,0.0,0.0,0.0,0.0,0,0,17,58,0.0,0.0
0.25,0.2,0.45,0.7,0.2,0.0,0.0,0.0,0.0,0,0,17,58,0.0,0.0
0.25,0.2,0.45,0.7,0.3,0.0,0.0,0.0,0.0,0,0,17,58,0.0,0.0
0.25,0.2,0.6,0.3,0.1,0.4167,0.5882,0.4878,0.2414,10,14,7,44,0.5556,0.0
0.25,0.2,0.6,0.3,0.2,0.4286,0.5294,0.4737,0.2069,9,12,8,46,0.5556,0.0
0.25,0.2,0.6,0.3,0.3,0.3333,0.3529,0.3429,0.2069,6,12,11,46,0.5556,0.0
0.25,0.2,0.6,0.4,0.1,0.4545,0.5882,0.5128,0.2069,10,12,7,46,0.5556,0.0
0.25,0.2,0.6,0.4,0.2,0.375,0.3529,0.3636,0.1724,6,10,11,48,0.5556,0.0
0.25,0.2,0.6,0.4,0.3,0.2857,0.2353,0.2581,0.1724,4,10,13,48,0.5556,0.0
0.25,0.2,0.6,0.5,0.1,0.45,0.5294,0.4865,0.1897,9,11,8,47,0.5556,0.0
0.25,0.2,0.6,0.5,0.2,0.2857,0.2353,0.2581,0.1724,4,10,13,48,0.5556,0.0
0.25,0.2,0.6,0.5,0.3,0.0,0.0,0.0,0.1379,0,8,17,50,0.5556,0.0
0.25,0.2,0.6,0.6,0.1,0.5625,0.5294,0.5455,0.1207,9,7,8,51,0.5556,0.0
0.25,0.2,0.6,0.6,0.2,0.3636,0.2353,0.2857,0.1207,4,7,13,51,0.5556,0.0
0.25,0.2,0.6,0.6,0.3,0.0,0.0,0.0,0.0862,0,5,17,53,0.5556,0.0
0.25,0.2,0.6,0.7,0.1,0.0,0.0,0.0,0.0,0,0,17,58,0.0,0.0
0.25,0.2,0.6,0.7,0.2,0.0,0.0,0.0,0.0,0,0,17,58,0.0,0.0
0.25,0.2,0.6,0.7,0.3,0.0,0.0,0.0,0.0,0,0,17,58,0.0,0.0
0.25,0.2,0.8,0.3,0.1,0.3846,0.5882,0.4651,0.2759,10,16,7,42,0.5556,0.0
0.25,0.2,0.8,0.3,0.2,0.3913,0.5294,0.45,0.2414,9,14,8,44,0.5556,0.0
0.25,0.2,0.8,0.3,0.3,0.3,0.3529,0.3243,0.2414,6,14,11,44,0.5556,0.0
0.25,0.2,0.8,0.4,0.1,0.4167,0.5882,0.4878,0.2414,10,14,7,44,0.5556,0.0
0.25,0.2,0.8,0.4,0.2,0.3333,0.3529,0.3429,0.2069,6,12,11,46,0.5556,0.0
0.25,0.2,0.8,0.4,0.3,0.25,0.2353,0.2424,0.2069,4,12,13,46,0.5556,0.0
0.25,0.2,0.8,0.5,0.1,0.45,0.5294,0.4865,0.1897,9,11,8,47,0.5556,0.0
0.25,0.2,0.8,0.5,0.2,0.2857,0.2353,0.2581,0.1724,4,10,13,48,0.5556,0.0
0.25,0.2,0.8,0.5,0.3,0.0,0.0,0.0,0.1379,0,8,17,50,0.5556,0.0
0.25,0.2,0.8,0.6,0.1,0.4737,0.5294,0.5,0.1724,9,10,8,48,0.5556,0.0
0.25,0.2,0.8,0.6,0.2,0.2857,0.2353,0.2581,0.1724,4,10,13,48,0.5556,0.0
0.25,0.2,0.8,0.6,0.3,0.0,0.0,0.0,0.1379,0,8,17,50,0.5556,0.0
0.25,0.2,0.8,0.7,0.1,0.0,0.0,0.0,0.1379,0,8,17,50,0.5556,0.0
0.25,0.2,0.8,0.7,0.2,0.0,0.0,0.0,0.1379,0,8,17,50,0.5556,0.0
0.25,0.2,0.8,0.7,0.3,0.0,0.0,0.0,0.1379,0,8,17,50,0.5556,0.0
0.25,0.2,1.0,0.3,0.1,0.3846,0.5882,0.4651,0.2759,10,16,7,42,0.5556,0.0
0.25,0.2,1.0,0.3,0.2,0.3913,0.5294,0.45,0.2414,9,14,8,44,0.5556,0.0
0.25,0.2,1.0,0.3,0.3,0.3,0.3529,0.3243,0.2414,6,14,11,44,0.5556,0.0
0.25,0.2,1.0,0.4,0.1,0.4167,0.5882,0.4878,0.2414,10,14,7,44,0.5556,0.0
0.25,0.2,1.0,0.4,0.2,0.3333,0.3529,0.3429,0.2069,6,12,11,46,0.5556,0.0
0.25,0.2,1.0,0.4,0.3,0.25,0.2353,0.2424,0.2069,4,12,13,46,0.5556,0.0
0.25,0.2,1.0,0.5,0.1,0.4091,0.5294,0.4615,0.2241,9,13,8,45,0.5556,0.0
0.25,0.2,1.0,0.5,0.2,0.25,0.2353,0.2424,0.2069,4,12,13,46,0.5556,0.0
0.25,0.2,1.0,0.5,0.3,0.0,0.0,0.0,0.1724,0,10,17,48,0.5556,0.0
0.25,0.2,1.0,0.6,0.1,0.4737,0.5294,0.5,0.1724,9,10,8,48,0.5556,0.0
0.25,0.2,1.0,0.6,0.2,0.2857,0.2353,0.2581,0.1724,4,10,13,48,0.5556,0.0
0.25,0.2,1.0,0.6,0.3,0.0,0.0,0.0,0.1379,0,8,17,50,0.5556,0.0
0.25,0.2,1.0,0.7,0.1,0.0,0.0,0.0,0.1379,0,8,17,50,0.5556,0.0
0.25,0.2,1.0,0.7,0.2,0.0,0.0,0.0,0.1379,0,8,17,50,0.5556,0.0
0.25,0.2,1.0,0.7,0.3,0.0,0.0,0.0,0.1379,0,8,17,50,0.5556,0.0
0.25,0.25,0.2,0.3,0.1,0.7692,0.5882,0.6667,0.0517,10,3,7,55,0.0,0.0
0.25,0.25,0.2,0.3,0.2,0.7778,0.4118,0.5385,0.0345,7,2,10,56,0.0,0.0
0.25,0.25,0.2,0.3,0.3,0.6667,0.2353,0.3478,0.0345,4,2,13,56,0.0,0.0
0.25,0.25,0.2,0.4,0.1,0.75,0.5294,0.6207,0.0517,9,3,8,55,0.0,0.0
0.25,0.25,0.2,0.4,0.2,0.6667,0.2353,0.3478,0.0345,4,2,13,56,0.0,0.0
0.25,0.25,0.2,0.4,0.3,0.5,0.1176,0.1905,0.0345,2,2,15,56,0.0,0.0
0.25,0.25,0.2,0.5,0.1,0.7778,0.4118,0.5385,0.0345,7,2,10,56,0.0,0.0
0.25,0.25,0.2,0.5,0.2,0.5,0.1176,0.1905,0.0345,2,2,15,56,0.0,0.0
0.25,0.25,0.2,0.5,0.3,0.0,0.0,0.0,0.0,0,0,17,58,0.0,0.0
0.25,0.25,0.2,0.6,0.1,0.7778,0.4118,0.5385,0.0345,7,2,10,56,0.0,0.0
0.25,0.25,0.2,0.6,0.2,0.5,0.1176,0.1905,0.0345,2,2,15,56,0.0,0.0
0.25,0.25,0.2,0.6,0.3,0.0,0.0,0.0,0.0,0,0,17,58,0.0,0.0
0.25,0.25,0.2,0.7,0.1,0.0,0.0,0.0,0.0,0,0,17,58,0.0,0.0
0.25,0.25,0.2,0.7,0.2,0.0,0.0,0.0,0.0,0,0,17,58,0.0,0.0
0.25,0.25,0.2,0.7,0.3,0.0,0.0,0.0,0.0,0,0,17,58,0.0,0.0
0.25,0.25,0.35,0.3,0.1,0.4762,0.5882,0.5263,0.1897,10,11,7,47,0.5556,0.0
0.25,0.25,0.35,0.3,0.2,0.4118,0.4118,0.4118,0.1724,7,10,10,48,0.5556,0.0
0.25,0.25,0.35,0.3,0.3,0.2857,0.2353,0.2581,0.1724,4,10,13,48,0.5556,0.0
0.25,0.25,0.35,0.4,0.1,0.75,0.5294,0.6207,0.0517,9,3,8,55,0.0,0.0
0.25,0.25,0.35,0.4,0.2,0.6667,0.2353,0.3478,0.0345,4,2,13,56,0.0,0.0
0.25,0.25,0.35,0.4,0.3,0.5,0.1176,0.1905,0.0345,2,2,15,56,0.0,0.0
0.25,0.25,0.35,0.5,0.1,0.7778,0.4118,0.5385,0.0345,7,2,10,56,0.0,0.0
0.25,0.25,0.35,0.5,0.2,0.5,0.1176,0.1905,0.0345,2,2,15,56,0.0,0.0
0.25,0.25,0.35,0.5,0.3,0.0,0.0,0.0,0.0,0,0,17,58,0.0,0.0
0.25,0.25,0.35,0.6,0.1,0.7778,0.4118,0.5385,0.0345,7,2,10,56,0.0,0.0
0.25,0.25,0.35,0.6,0.2,0.5,0.1176,0.1905,0.0345,2,2,15,56,0.0,0.0
0.25,0.25,0.35,0.6,0.3,0.0,0.0,0.0,0.0,0,0,17,58,0.0,0.0
0.25,0.25,0.35,0.7,0.1,0.0,0.0,0.0,0.0,0,0,17,58,0.0,0.0
0.25,0.25,0.35,0.7,0.2,0.0,0.0,0.0,0.0,0,0,17,58,0.0,0.0
0.25,0.25,0.35,0.7,0.3,0.0,0.0,0.0,0.0,0,0,17,58,0.0,0.0
0.25,0.25,0.45,0.3,0.1,0.4762,0.5882,0.5263,0.1897,10,11,7,47,0.5556,0.0
0.25,0.25,0.45,0.3,0.2,0.4118,0.4118,0.4118,0.1724,7,10,10,48,0.5556,0.0
0.25,0.25,0.45,0.3,0.3,0.2857,0.2353,0.2581,0.1724,4,10,13,48,0.5556,0.0
0.25,0.25,0.45,0.4,0.1,0.45,0.5294,0.4865,0.1897,9,11,8,47,0.5556,0.0
0.25,0.25,0.45,0.4,0.2,0.2857,0.2353,0.2581,0.1724,4,10,13,48,0.5556,0.0
0.25,0.25,0.45,0.4,0.3,0.1667,0.1176,0.1379,0.1724,2,10,15,48,0.5556,0.0
0.25,0.25,0.45,0.5,0.1,0.7778,0.4118,0.5385,0.0345,7,2,10,56,0.0,0.0
0.25,0.25,0.45,0.5,0.2,0.5,0.1176,0.1905,0.0345,2,2,15,56,0.0,0.0
0.25,0.25,0.45,0.5,0.3,0.0,0.0,0.0,0.0,0,0,17,58,0.0,0.0
0.25,0.25,0.45,0.6,0.1,0.7778,0.4118,0.5385,0.0345,7,2,10,56,0.0,0.0
0.25,0.25,0.45,0.6,0.2,0.5,0.1176,0.1905,0.0345,2,2,15,56,0.0,0.0
0.25,0.25,0.45,0.6,0.3,0.0,0.0,0.0,0.0,0,0,17,58,0.0,0.0
0.25,0.25,0.45,0.7,0.1,0.0,0.0,0.0,0.0,0,0,17,58,0.0,0.0
0.25,0.25,0.45,0.7,0.2,0.0,0.0,0.0,0.0,0,0,17,58,0.0,0.0
0.25,0.25,0.45,0.7,0.3,0.0,0.0,0.0,0.0,0,0,17,58,0.0,0.0
0.25,0.25,0.6,0.3,0.1,0.4348,0.5882,0.5,0.2241,10,13,7,45,0.5556,0.0
0.25,0.25,0.6,0.3,0.2,0.3684,0.4118,0.3889,0.2069,7,12,10,46,0.5556,0.0
0.25,0.25,0.6,0.3,0.3,0.25,0.2353,0.2424,0.2069,4,12,13,46,0.5556,0.0
0.25,0.25,0.6,0.4,0.1,0.45,0.5294,0.4865,0.1897,9,11,8,47,0.5556,0.0
0.25,0.25,0.6,0.4,0.2,0.2857,0.2353,0.2581,0.1724,4,10,13,48,0.5556,0.0
0.25,0.25,0.6,0.4,0.3,0.1667,0.1176,0.1379,0.1724,2,10,15,48,0.5556,0.0
0.25,0.25,0.6,0.5,0.1,0.4118,0.4118,0.4118,0.1724,7,10,10,48,0.5556,0.0
0.25,0.25,0.6,0.5,0.2,0.1667,0.1176,0.1379,0.1724,2,10,15,48,0.5556,0.0
0.25,0.25,0.6,0.5,0.3,0.0,0.0,0.0,0.1379,0,8,17,50,0.5556,0.0
0.25,0.25,0.6,0.6,0.1,0.5,0.4118,0.4516,0.1207,7,7,10,51,0.5556,0.0
0.25,0.25,0.6,0.6,0.2,0.2222,0.1176,0.1538,0.1207,2,7,15,51,0.5556,0.0
0.25,0.25,0.6,0.6,0.3,0.0,0.0,0.0,0.0862,0,5,17,53,0.5556,0.0
0.25,0.25,0.6,0.7,0.1,0.0,0.0,0.0,0.0,0,0,17,58,0.0,0.0
0.25,0.25,0.6,0.7,0.2,0.0,0.0,0.0,0.0,0,0,17,58,0.0,0.0
0.25,0.25,0.6,0.7,0.3,0.0,0.0,0.0,0.0,0,0,17,58,0.0,0.0
0.25,0.25,0.8,0.3,0.1,0.4,0.5882,0.4762,0.2586,10,15,7,43,0.5556,0.0
0.25,0.25,0.8,0.3,0.2,0.3333,0.4118,0.3684,0.2414,7,14,10,44,0.5556,0.0
0.25,0.25,0.8,0.3,0.3,0.2222,0.2353,0.2286,0.2414,4,14,13,44,0.5556,0.0
0.25,0.25,0.8,0.4,0.1,0.4091,0.5294,0.4615,0.2241,9,13,8,45,0.5556,0.0
0.25,0.25,0.8,0.4,0.2,0.25,0.2353,0.2424,0.2069,4,12,13,46,0.5556,0.0
0.25,0.25,0.8,0.4,0.3,0.1429,0.1176,0.129,0.2069,2,12,15,46,0.5556,0.0
0.25,0.25,0.8,0.5,0.1,0.4118,0.4118,0.4118,0.1724,7,10,10,48,0.5556,0.0
0.25,0.25,0.8,0.5,0.2,0.1667,0.1176,0.1379,0.1724,2,10,15,48,0.5556,0.0
0.25,0.25,0.8,0.5,0.3,0.0,0.0,0.0,0.1379,0,8,17,50,0.5556,0.0
0.25,0.25,0.8,0.6,0.1,0.4118,0.4118,0.4118,0.1724,7,10,10,48,0.5556,0.0
0.25,0.25,0.8,0.6,0.2,0.1667,0.1176,0.1379,0.1724,2,10,15,48,0.5556,0.0
0.25,0.25,0.8,0.6,0.3,0.0,0.0,0.0,0.1379,0,8,17,50,0.5556,0.0
0.25,0.25,0.8,0.7,0.1,0.0,0.0,0.0,0.1379,0,8,17,50,0.5556,0.0
0.25,0.25,0.8,0.7,0.2,0.0,0.0,0.0,0.1379,0,8,17,50,0.5556,0.0
0.25,0.25,0.8,0.7,0.3,0.0,0.0,0.0,0.1379,0,8,17,50,0.5556,0.0
0.25,0.25,1.0,0.3,0.1,0.4,0.5882,0.4762,0.2586,10,15,7,43,0.5556,0.0
0.25,0.25,1.0,0.3,0.2,0.3333,0.4118,0.3684,0.2414,7,14,10,44,0.5556,0.0
0.25,0.25,1.0,0.3,0.3,0.2222,0.2353,0.2286,0.2414,4,14,13,44,0.5556,0.0
0.25,0.25,1.0,0.4,0.1,0.4091,0.5294,0.4615,0.2241,9,13,8,45,0.5556,0.0
0.25,0.25,1.0,0.4,0.2,0.25,0.2353,0.2424,0.2069,4,12,13,46,0.5556,0.0
0.25,0.25,1.0,0.4,0.3,0.1429,0.1176,0.129,0.2069,2,12,15,46,0.5556,0.0
0.25,0.25,1.0,0.5,0.1,0.3684,0.4118,0.3889,0.2069,7,12,10,46,0.5556,0.0
0.25,0.25,1.0,0.5,0.2,0.1429,0.1176,0.129,0.2069,2,12,15,46,0.5556,0.0
0.25,0.25,1.0,0.5,0.3,0.0,0.0,0.0,0.1724,0,10,17,48,0.5556,0.0
0.25,0.25,1.0,0.6,0.1,0.4118,0.4118,0.4118,0.1724,7,10,10,48,0.5556,0.0
0.25,0.25,1.0,0.6,0.2,0.1667,0.1176,0.1379,0.1724,2,10,15,48,0.5556,0.0
0.25,0.25,1.0,0.6,0.3,0.0,0.0,0.0,0.1379,0,8,17,50,0.5556,0.0
0.25,0.25,1.0,0.7,0.1,0.0,0.0,0.0,0.1379,0,8,17,50,0.5556,0.0
0.25,0.25,1.0,0.7,0.2,0.0,0.0,0.0,0.1379,0,8,17,50,0.5556,0.0
0.25,0.25,1.0,0.7,0.3,0.0,0.0,0.0,0.1379,0,8,17,50,0.5556,0.0
0.3,0.0,0.2,0.3,0.1,0.5217,0.7059,0.6,0.1897,12,11,5,47,0.1111,0.0
0.3,0.0,0.2,0.3,0.2,0.6471,0.6471,0.6471,0.1034,11,6,6,52,0.1111,0.0
0.3,0.0,0.2,0.3,0.3,0.6923,0.5294,0.6,0.069,9,4,8,54,0.1111,0.0
0.3,0.0,0.2,0.4,0.1,0.5,0.6471,0.5641,0.1897,11,11,6,47,0.1111,0.0
0.3,0.0,0.2,0.4,0.2,0.7143,0.5882,0.6452,0.069,10,4,7,54,0.1111,0.0
0.3,0.0,0.2,0.4,0.3,0.7273,0.4706,0.5714,0.0517,8,3,9,55,0.0,0.0
0.3,0.0,0.2,0.5,0.1,0.55,0.6471,0.5946,0.1552,11,9,6,49,0.1111,0.0
0.3,0.0,0.2,0.5,0.2,0.7273,0.4706,0.5714,0.0517,8,3,9,55,0.0,0.0
0.3,0.0,0.2,0.5,0.3,0.7273,0.4706,0.5714,0.0517,8,3,9,55,0.0,0.0
0.3,0.0,0.2,0.6,0.1,0.6875,0.6471,0.6667,0.0862,11,5,6,53,0.1111,0.0
0.3,0.0,0.2,0.6,0.2,0.7273,0.4706,0.5714,0.0517,8,3,9,55,0.0,0.0
0.3,0.0,0.2,0.6,0.3,0.8,0.4706,0.5926,0.0345,8,2,9,56,0.0,0.0
0.3,0.0,0.2,0.7,0.1,0.0,0.0,0.0,0.0172,0,1,17,57,0.1111,0.0
0.3,0.0,0.2,0.7,0.2,0.0,0.0,0.0,0.0,0,0,17,58,0.0,0.0
0.3,0.0,0.2,0.7,0.3,0.0,0.0,0.0,0.0,0,0,17,58,0.0,0.0
0.3,0.0,0.35,0.3,0.1,0.4138,0.7059,0.5217,0.2931,12,17,5,41,0.5556,0.0
0.3,0.0,0.35,0.3,0.2,0.4783,0.6471,0.55,0.2069,11,12,6,46,0.5556,0.0
0.3,0.0,0.35,0.3,0.3,0.45,0.5294,0.4865,0.1897,9,11,8,47,0.5556,0.0
0.3,0.0,0.35,0.4,0.1,0.5,0.6471,0.5641,0.1897,11,11,6,47,0.1111,0.0
0.3,0.0,0.35,0.4,0.2,0.6667,0.5882,0.625,0.0862,10,5,7,53,0.1111,0.0
0.3,0.0,0.35,0.4,0.3,0.6154,0.4706,0.5333,0.0862,8,5,9,53,0.1111,0.0
0.3,0.0,0.35,0.5,0.1,0.55,0.6471,0.5946,0.1552,11,9,6,49,0.1111,0.0
0.3,0.0,0.35,0.5,0.2,0.6667,0.4706,0.5517,0.069,8,4,9,54,0.1111,0.0
0.3,0.0,0.35,0.5,0.3,0.6667,0.4706,0.5517,0.069,8,4,9,54,0.1111,0.0
0.3,0.0,0.35,0.6,0.1,0.6875,0.6471,0.6667,0.0862,11,5,6,53,0.1111,0.0
0.3,0.0,0.35,0.6,0.2,0.7273,0.4706,0.5714,0.0517,8,3,9,55,0.0,0.0
0.3,0.0,0.35,0.6,0.3,0.8,0.4706,0.5926,0.0345,8,2,9,56,0.0,0.0
0.3,0.0,0.35,0.7,0.1,0.0,0.0,0.0,0.0172,0,1,17,57,0.1111,0.0
0.3,0.0,0.35,0.7,0.2,0.0,0.0,0.0,0.0,0,0,17,58,0.0,0.0
0.3,0.0,0.35,0.7,0.3,0.0,0.0,0.0,0.0,0,0,17,58,0.0,0.0
0.3,0.0,0.45,0.3,0.1,0.4138,0.7059,0.5217,0.2931,12,17,5,41,0.5556,0.0
0.3,0.0,0.45,0.3,0.2,0.4783,0.6471,0.55,0.2069,11,12,6,46,0.5556,0.0
0.3,0.0,0.45,0.3,0.3,0.45,0.5294,0.4865,0.1897,9,11,8,47,0.5556,0.0
0.3,0.0,0.45,0.4,0.1,0.3929,0.6471,0.4889,0.2931,11,17,6,41,0.5556,0.0
0.3,0.0,0.45,0.4,0.2,0.4762,0.5882,0.5263,0.1897,10,11,7,47,0.5556,0.0
0.3,0.0,0.45,0.4,0.3,0.4211,0.4706,0.4444,0.1897,8,11,9,47,0.5556,0.0
0.3,0.0,0.45,0.5,0.1,0.55,0.6471,0.5946,0.1552,11,9,6,49,0.1111,0.0
0.3,0.0,0.45,0.5,0.2,0.6154,0.4706,0.5333,0.0862,8,5,9,53,0.1111,0.0
0.3,0.0,0.45,0.5,0.3,0.6154,0.4706,0.5333,0.0862,8,5,9,53,0.1111,0.0
0.3,0.0,0.45,0.6,0.1,0.6471,0.6471,0.6471,0.1034,11,6,6,52,0.1111,0.0
0.3,0.0,0.45,0.6,0.2,0.6667,0.4706,0.5517,0.069,8,4,9,54,0.1111,0.0
0.3,0.0,0.45,0.6,0.3,0.8,0.4706,0.5926,0.0345,8,2,9,56,0.0,0.0
0.3,0.0,0.45,0.7,0.1,0.0,0.0,0.0,0.0172,0,1,17,57,0.1111,0.0
0.3,0.0,0.45,0.7,0.2,0.0,0.0,0.0,0.0,0,0,17,58,0.0,0.0
0.3,0.0,0.45,0.7,0.3,0.0,0.0,0.0,0.0,0,0,17,58,0.0,0.0
0.3,0.0,0.6,0.3,0.1,0.3871,0.7059,0.5,0.3276,12,19,5,39,0.5556,0.0
0.3,0.0,0.6,0.3,0.2,0.44,0.6471,0.5238,0.2414,11,14,6,44,0.5556,0.0
0.3,0.0,0.6,0.3,0.3,0.4091,0.5294,0.4615,0.2241,9,13,8,45,0.5556,0.0
0.3,0.0,0.6,0.4,0.1,0.3929,0.6471,0.4889,0.2931,11,17,6,41,0.5556,0.0
0.3,0.0,0.6,0.4,0.2,0.4762,0.5882,0.5263,0.1897,10,11,7,47,0.5556,0.0
0.3,0.0,0.6,0.4,0.3,0.4211,0.4706,0.4444,0.1897,8,11,9,47,0.5556,0.0
0.3,0.0,0.6,0.5,0.1,0.4231,0.6471,0.5116,0.2586,11,15,6,43,0.5556,0.0
0.3,0.0,0.6,0.5,0.2,0.4211,0.4706,0.4444,0.1897,8,11,9,47,0.5556,0.0
0.3,0.0,0.6,0.5,0.3,0.4211,0.4706,0.4444,0.1897,8,11,9,47,0.5556,0.0
0.3,0.0,0.6,0.6,0.1,0.5238,0.6471,0.5789,0.1724,11,10,6,48,0.5556,0.0
0.3,0.0,0.6,0.6,0.2,0.4706,0.4706,0.4706,0.1552,8,9,9,49,0.5556,0.0
0.3,0.0,0.6,0.6,0.3,0.5,0.4706,0.4848,0.1379,8,8,9,50,0.5556,0.0
0.3,0.0,0.6,0.7,0.1,0.0,0.0,0.0,0.0345,0,2,17,56,0.1111,0.0
0.3,0.0,0.6,0.7,0.2,0.0,0.0,0.0,0.0172,0,1,17,57,0.1111,0.0
0.3,0.0,0.6,0.7,0.3,0.0,0.0,0.0,0.0,0,0,17,58,0.0,0.0
0.3,0.0,0.8,0.3,0.1,0.375,0.7059,0.4898,0.3448,12,20,5,38,0.5556,0.0
0.3,0.0,0.8,0.3,0.2,0.4074,0.6471,0.5,0.2759,11,16,6,42,0.5556,0.0
0.3,0.0,0.8,0.3,0.3,0.375,0.5294,0.439,0.2586,9,15,8,43,0.5556,0.0
0.3,0.0,0.8,0.4,0.1,0.3667,0.6471,0.4681,0.3276,11,19,6,39,0.5556,0.0
0.3,0.0,0.8,0.4,0.2,0.4348,0.5882,0.5,0.2241,10,13,7,45,0.5556,0.0
0.3,0.0,0.8,0.4,0.3,0.381,0.4706,0.4211,0.2241,8,13,9,45,0.5556,0.0
0.3,0.0,0.8,0.5,0.1,0.4231,0.6471,0.5116,0.2586,11,15,6,43,0.5556,0.0
0.3,0.0,0.8,0.5,0.2,0.4211,0.4706,0.4444,0.1897,8,11,9,47,0.5556,0.0
0.3,0.0,0.8,0.5,0.3,0.4211,0.4706,0.4444,0.1897,8,11,9,47,0.5556,0.0
0.3,0.0,0.8,0.6,0.1,0.4783,0.6471,0.55,0.2069,11,12,6,46,0.5556,0.0
0.3,0.0,0.8,0.6,0.2,0.4211,0.4706,0.4444,0.1897,8,11,9,47,0.5556,0.0
0.3,0.0,0.8,0.6,0.3,0.4444,0.4706,0.4571,0.1724,8,10,9,48,0.5556,0.0
0.3,0.0,0.8,0.7,0.1,0.0,0.0,0.0,0.1379,0,8,17,50,0.5556,0.0
0.3,0.0,0.8,0.7,0.2,0.0,0.0,0.0,0.1379,0,8,17,50,0.5556,0.0
0.3,0.0,0.8,0.7,0.3,0.0,0.0,0.0,0.1379,0,8,17,50,0.5556,0.0
0.3,0.0,1.0,0.3,0.1,0.375,0.7059,0.4898,0.3448,12,20,5,38,0.5556,0.0
0.3,0.0,1.0,0.3,0.2,0.4074,0.6471,0.5,0.2759,11,16,6,42,0.5556,0.0
0.3,0.0,1.0,0.3,0.3,0.375,0.5294,0.439,0.2586,9,15,8,43,0.5556,0.0
0.3,0.0,1.0,0.4,0.1,0.3667,0.6471,0.4681,0.3276,11,19,6,39,0.5556,0.0
0.3,0.0,1.0,0.4,0.2,0.4348,0.5882,0.5,0.2241,10,13,7,45,0.5556,0.0
0.3,0.0,1.0,0.4,0.3,0.381,0.4706,0.4211,0.2241,8,13,9,45,0.5556,0.0
0.3,0.0,1.0,0.5,0.1,0.3929,0.6471,0.4889,0.2931,11,17,6,41,0.5556,0.0
0.3,0.0,1.0,0.5,0.2,0.381,0.4706,0.4211,0.2241,8,13,9,45,0.5556,0.0
0.3,0.0,1.0,0.5,0.3,0.381,0.4706,0.4211,0.2241,8,13,9,45,0.5556,0.0
0.3,0.0,1.0,0.6,0.1,0.4783,0.6471,0.55,0.2069,11,12,6,46,0.5556,0.0
0.3,0.0,1.0,0.6,0.2,0.4211,0.4706,0.4444,0.1897,8,11,9,47,0.5556,0.0
0.3,0.0,1.0,0.6,0.3,0.4444,0.4706,0.4571,0.1724,8,10,9,48,0.5556,0.0
0.3,0.0,1.0,0.7,0.1,0.0,0.0,0.0,0.1379,0,8,17,50,0.5556,0.0
0.3,0.0,1.0,0.7,0.2,0.0,0.0,0.0,0.1379,0,8,17,50,0.5556,0.0
0.3,0.0,1.0,0.7,0.3,0.0,0.0,0.0,0.1379,0,8,17,50,0.5556,0.0
0.3,0.05,0.2,0.3,0.1,0.5217,0.7059,0.6,0.1897,12,11,5,47,0.1111,0.0
0.3,0.05,0.2,0.3,0.2,0.625,0.5882,0.6061,0.1034,10,6,7,52,0.1111,0.0
0.3,0.05,0.2,0.3,0.3,0.75,0.5294,0.6207,0.0517,9,3,8,55,0.0,0.0
0.3,0.05,0.2,0.4,0.1,0.5,0.6471,0.5641,0.1897,11,11,6,47,0.1111,0.0
0.3,0.05,0.2,0.4,0.2,0.75,0.5294,0.6207,0.0517,9,3,8,55,0.0,0.0
0.3,0.05,0.2,0.4,0.3,0.7273,0.4706,0.5714,0.0517,8,3,9,55,0.0,0.0
0.3,0.05,0.2,0.5,0.1,0.6111,0.6471,0.6286,0.1207,11,7,6,51,0.0,0.0
0.3,0.05,0.2,0.5,0.2,0.7273,0.4706,0.5714,0.0517,8,3,9,55,0.0,0.0
0.3,0.05,0.2,0.5,0.3,0.8,0.4706,0.5926,0.0345,8,2,9,56,0.0,0.0
0.3,0.05,0.2,0.6,0.1,0.7143,0.5882,0.6452,0.069,10,4,7,54,0.0,0.0
0.3,0.05,0.2,0.6,0.2,0.7273,0.4706,0.5714,0.0517,8,3,9,55,0.0,0.0
0.3,0.05,0.2,0.6,0.3,0.75,0.3529,0.48,0.0345,6,2,11,56,0.0,0.0
0.3,0.05,0.2,0.7,0.1,0.0,0.0,0.0,0.0,0,0,17,58,0.0,0.0
0.3,0.05,0.2,0.7,0.2,0.0,0.0,0.0,0.0,0,0,17,58,0.0,0.0
0.3,0.05,0.2,0.7,0.3,0.0,0.0,0.0,0.0,0,0,17,58,0.0,0.0
0.3,0.05,0.35,0.3,0.1,0.4138,0.7059,0.5217,0.2931,12,17,5,41,0.5556,0.0
0.3,0.05,0.35,0.3,0.2,0.4545,0.5882,0.5128,0.2069,10,12,7,46,0.5556,0.0
0.3,0.05,0.35,0.3,0.3,0.45,0.5294,0.4865,0.1897,9,11,8,47,0.5556,0.0
0.3,0.05,0.35,0.4,0.1,0.5,0.6471,0.5641,0.1897,11,11,6,47,0.1111,0.0
0.3,0.05,0.35,0.4,0.2,0.6429,0.5294,0.5806,0.0862,9,5,8,53,0.1111,0.0
0.3,0.05,0.35,0.4,0.3,0.6154,0.4706,0.5333,0.0862,8,5,9,53,0.1111,0.0
0.3,0.05,0.35,0.5,0.1,0.5789,0.6471,0.6111,0.1379,11,8,6,50,0.1111,0.0
0.3,0.05,0.35,0.5,0.2,0.7273,0.4706,0.5714,0.0517,8,3,9,55,0.0,0.0
0.3,0.05,0.35,0.5,0.3,0.8,0.4706,0.5926,0.0345,8,2,9,56,0.0,0.0
0.3,0.05,0.35,0.6,0.1,0.7143,0.5882,0.6452,0.069,10,4,7,54,0.0,0.0
0.3,0.05,0.35,0.6,0.2,0.7273,0.4706,0.5714,0.0517,8,3,9,55,0.0,0.0
0.3,0.05,0.35,0.6,0.3,0.75,0.3529,0.48,0.0345,6,2,11,56,0.0,0.0
0.3,0.05,0.35,0.7,0.1,0.0,0.0,0.0,0.0,0,0,17,58,0.0,0.0
0.3,0.05,0.35,0.7,0.2,0.0,0.0,0.0,0.0,0,0,17,58,0.0,0.0
0.3,0.05,0.35,0.7,0.3,0.0,0.0,0.0,0.0,0,0,17,58,0.0,0.0
0.3,0.05,0.45,0.3,0.1,0.4138,0.7059,0.5217,0.2931,12,17,5,41,0.5556,0.0
0.3,0.05,0.45,0.3,0.2,0.4545,0.5882,0.5128,0.2069,10,12,7,46,0.5556,0.0
0.3,0.05,0.45,0.3,0.3,0.45,0.5294,0.4865,0.1897,9,11,8,47,0.5556,0.0
0.3,0.05,0.45,0.4,0.1,0.3929,0.6471,0.4889,0.2931,11,17,6,41,0.5556,0.0
0.3,0.05,0.45,0.4,0.2,0.45,0.5294,0.4865,0.1897,9,11,8,47,0.5556,0.0
0.3,0.05,0.45,0.4,0.3,0.4211,0.4706,0.4444,0.1897,8,11,9,47,0.5556,0.0
0.3,0.05,0.45,0.5,0.1,0.5789,0.6471,0.6111,0.1379,11,8,6,50,0.1111,0.0
0.3,0.05,0.45,0.5,0.2,0.6154,0.4706,0.5333,0.0862,8,5,9,53,0.1111,0.0
0.3,0.05,0.45,0.5,0.3,0.6667,0.4706,0.5517,0.069,8,4,9,54,0.1111,0.0
0.3,0.05,0.45,0.6,0.1,0.625,0.5882,0.6061,0.1034,10,6,7,52,0.1111,0.0
0.3,0.05,0.45,0.6,0.2,0.7273,0.4706,0.5714,0.0517,8,3,9,55,0.0,0.0
0.3,0.05,0.45,0.6,0.3,0.75,0.3529,0.48,0.0345,6,2,11,56,0.0,0.0
0.3,0.05,0.45,0.7,0.1,0.0,0.0,0.0,0.0,0,0,17,58,0.0,0.0
0.3,0.05,0.45,0.7,0.2,0.0,0.0,0.0,0.0,0,0,17,58,0.0,0.0
0.3,0.05,0.45,0.7,0.3,0.0,0.0,0.0,0.0,0,0,17,58,0.0,0.0
0.3,0.05,0.6,0.3,0.1,0.3871,0.7059,0.5,0.3276,12,19,5,39,0.5556,0.0
0.3,0.05,0.6,0.3,0.2,0.4167,0.5882,0.4878,0.2414,10,14,7,44,0.5556,0.0
0.3,0.05,0.6,0.3,0.3,0.4091,0.5294,0.4615,0.2241,9,13,8,45,0.5556,0.0
0.3,0.05,0.6,0.4,0.1,0.3929,0.6471,0.4889,0.2931,11,17,6,41,0.5556,0.0
0.3,0.05,0.6,0.4,0.2,0.45,0.5294,0.4865,0.1897,9,11,8,47,0.5556,0.0
0.3,0.05,0.6,0.4,0.3,0.4211,0.4706,0.4444,0.1897,8,11,9,47,0.5556,0.0
0.3,0.05,0.6,0.5,0.1,0.44,0.6471,0.5238,0.2414,11,14,6,44,0.5556,0.0
0.3,0.05,0.6,0.5,0.2,0.4211,0.4706,0.4444,0.1897,8,11,9,47,0.5556,0.0
0.3,0.05,0.6,0.5,0.3,0.4444,0.4706,0.4571,0.1724,8,10,9,48,0.5556,0.0
0.3,0.05,0.6,0.6,0.1,0.5,0.5882,0.5405,0.1724,10,10,7,48,0.5556,0.0
0.3,0.05,0.6,0.6,0.2,0.4706,0.4706,0.4706,0.1552,8,9,9,49,0.5556,0.0
0.3,0.05,0.6,0.6,0.3,0.4286,0.3529,0.3871,0.1379,6,8,11,50,0.5556,0.0
0.3,0.05,0.6,0.7,0.1,0.0,0.0,0.0,0.0345,0,2,17,56,0.1111,0.0
0.3,0.05,0.6,0.7,0.2,0.0,0.0,0.0,0.0,0,0,17,58,0.0,0.0
0.3,0.05,0.6,0.7,0.3,0.0,0.0,0.0,0.0,0,0,17,58,0.0,0.0
0.3,0.05,0.8,0.3,0.1,0.375,0.7059,0.4898,0.3448,12,20,5,38,0.5556,0.0
0.3,0.05,0.8,0.3,0.2,0.3846,0.5882,0.4651,0.2759,10,16,7,42,0.5556,0.0
0.3,0.05,0.8,0.3,0.3,0.375,0.5294,0.439,0.2586,9,15,8,43,0.5556,0.0
0.3,0.05,0.8,0.4,0.1,0.3667,0.6471,0.4681,0.3276,11,19,6,39,0.5556,0.0
0.3,0.05,0.8,0.4,0.2,0.4091,0.5294,0.4615,0.2241,9,13,8,45,0.5556,0.0
0.3,0.05,0.8,0.4,0.3,0.381,0.4706,0.4211,0.2241,8,13,9,45,0.5556,0.0
0.3,0.05,0.8,0.5,0.1,0.44,0.6471,0.5238,0.2414,11,14,6,44,0.5556,0.0
0.3,0.05,0.8,0.5,0.2,0.4211,0.4706,0.4444,0.1897,8,11,9,47,0.5556,0.0
0.3,0.05,0.8,0.5,0.3,0.4444,0.4706,0.4571,0.1724,8,10,9,48,0.5556,0.0
0.3,0.05,0.8,0.6,0.1,0.4545,0.5882,0.5128,0.2069,10,12,7,46,0.5556,0.0
0.3,0.05,0.8,0.6,0.2,0.4211,0.4706,0.4444,0.1897,8,11,9,47,0.5556,0.0
0.3,0.05,0.8,0.6,0.3,0.375,0.3529,0.3636,0.1724,6,10,11,48,0.5556,0.0
0.3,0.05,0.8,0.7,0.1,0.0,0.0,0.0,0.1379,0,8,17,50,0.5556,0.0
0.3,0.05,0.8,0.7,0.2,0.0,0.0,0.0,0.1379,0,8,17,50,0.5556,0.0
0.3,0.05,0.8,0.7,0.3,0.0,0.0,0.0,0.1379,0,8,17,50,0.5556,0.0
0.3,0.05,1.0,0.3,0.1,0.375,0.7059,0.4898,0.3448,12,20,5,38,0.5556,0.0
0.3,0.05,1.0,0.3,0.2,0.3846,0.5882,0.4651,0.2759,10,16,7,42,0.5556,0.0
0.3,0.05,1.0,0.3,0.3,0.375,0.5294,0.439,0.2586,9,15,8,43,0.5556,0.0
0.3,0.05,1.0,0.4,0.1,0.3667,0.6471,0.4681,0.3276,11,19,6,39,0.5556,0.0
0.3,0.05,1.0,0.4,0.2,0.4091,0.5294,0.4615,0.2241,9,13,8,45,0.5556,0.0
0.3,0.05,1.0,0.4,0.3,0.381,0.4706,0.4211,0.2241,8,13,9,45,0.5556,0.0
0.3,0.05,1.0,0.5,0.1,0.4074,0.6471,0.5,0.2759,11,16,6,42,0.5556,0.0
0.3,0.05,1.0,0.5,0.2,0.381,0.4706,0.4211,0.2241,8,13,9,45,0.5556,0.0
0.3,0.05,1.0,0.5,0.3,0.4,0.4706,0.4324,0.2069,8,12,9,46,0.5556,0.0
0.3,0.05,1.0,0.6,0.1,0.4545,0.5882,0.5128,0.2069,10,12,7,46,0.5556,0.0
0.3,0.05,1.0,0.6,0.2,0.4211,0.4706,0.4444,0.1897,8,11,9,47,0.5556,0.0
0.3,0.05,1.0,0.6,0.3,0.375,0.3529,0.3636,0.1724,6,10,11,48,0.5556,0.0
0.3,0.05,1.0,0.7,0.1,0.0,0.0,0.0,0.1379,0,8,17,50,0.5556,0.0
0.3,0.05,1.0,0.7,0.2,0.0,0.0,0.0,0.1379,0,8,17,50,0.5556,0.0
0.3,0.05,1.0,0.7,0.3,0.0,0.0,0.0,0.1379,0,8,17,50,0.5556,0.0
0.3,0.1,0.2,0.3,0.1,0.5,0.6471,0.5641,0.1897,11,11,6,47,0.1111,0.0
0.3,0.1,0.2,0.3,0.2,0.625,0.5882,0.6061,0.1034,10,6,7,52,0.1111,0.0
0.3,0.1,0.2,0.3,0.3,0.75,0.5294,0.6207,0.0517,9,3,8,55,0.0,0.0
0.3,0.1,0.2,0.4,0.1,0.4762,0.5882,0.5263,0.1897,10,11,7,47,0.1111,0.0
0.3,0.1,0.2,0.4,0.2,0.75,0.5294,0.6207,0.0517,9,3,8,55,0.0,0.0
0.3,0.1,0.2,0.4,0.3,0.8,0.4706,0.5926,0.0345,8,2,9,56,0.0,0.0
0.3,0.1,0.2,0.5,0.1,0.5882,0.5882,0.5882,0.1207,10,7,7,51,0.0,0.0
0.3,0.1,0.2,0.5,0.2,0.7273,0.4706,0.5714,0.0517,8,3,9,55,0.0,0.0
0.3,0.1,0.2,0.5,0.3,0.75,0.3529,0.48,0.0345,6,2,11,56,0.0,0.0
0.3,0.1,0.2,0.6,0.1,0.7143,0.5882,0.6452,0.069,10,4,7,54,0.0,0.0
0.3,0.1,0.2,0.6,0.2,0.8,0.4706,0.5926,0.0345,8,2,9,56,0.0,0.0
0.3,0.1,0.2,0.6,0.3,1.0,0.1176,0.2105,0.0,2,0,15,58,0.0,0.0
0.3,0.1,0.2,0.7,0.1,0.0,0.0,0.0,0.0,0,0,17,58,0.0,0.0
0.3,0.1,0.2,0.7,0.2,0.0,0.0,0.0,0.0,0,0,17,58,0.0,0.0
0.3,0.1,0.2,0.7,0.3,0.0,0.0,0.0,0.0,0,0,17,58,0.0,0.0
0.3,0.1,0.35,0.3,0.1,0.3929,0.6471,0.4889,0.2931,11,17,6,41,0.5556,0.0
0.3,0.1,0.35,0.3,0.2,0.4545,0.5882,0.5128,0.2069,10,12,7,46,0.5556,0.0
0.3,0.1,0.35,0.3,0.3,0.45,0.5294,0.4865,0.1897,9,11,8,47,0.5556,0.0
0.3,0.1,0.35,0.4,0.1,0.4762,0.5882,0.5263,0.1897,10,11,7,47,0.1111,0.0
0.3,0.1,0.35,0.4,0.2,0.6429,0.5294,0.5806,0.0862,9,5,8,53,0.1111,0.0
0.3,0.1,0.35,0.4,0.3,0.6667,0.4706,0.5517,0.069,8,4,9,54,0.1111,0.0
0.3,0.1,0.35,0.5,0.1,0.5556,0.5882,0.5714,0.1379,10,8,7,50,0.1111,0.0
0.3,0.1,0.35,0.5,0.2,0.7273,0.4706,0.5714,0.0517,8,3,9,55,0.0,0.0
0.3,0.1,0.35,0.5,0.3,0.75,0.3529,0.48,0.0345,6,2,11,56,0.0,0.0
0.3,0.1,0.35,0.6,0.1,0.7143,0.5882,0.6452,0.069,10,4,7,54,0.0,0.0
0.3,0.1,0.35,0.6,0.2,0.8,0.4706,0.5926,0.0345,8,2,9,56,0.0,0.0
0.3,0.1,0.35,0.6,0.3,1.0,0.1176,0.2105,0.0,2,0,15,58,0.0,0.0
0.3,0.1,0.35,0.7,0.1,0.0,0.0,0.0,0.0,0,0,17,58,0.0,0.0
0.3,0.1,0.35,0.7,0.2,0.0,0.0,0.0,0.0,0,0,17,58,0.0,0.0
0.3,0.1,0.35,0.7,0.3,0.0,0.0,0.0,0.0,0,0,17,58,0.0,0.0
0.3,0.1,0.45,0.3,0.1,0.3929,0.6471,0.4889,0.2931,11,17,6,41,0.5556,0.0
0.3,0.1,0.45,0.3,0.2,0.4545,0.5882,0.5128,0.2069,10,12,7,46,0.5556,0.0
0.3,0.1,0.45,0.3,0.3,0.45,0.5294,0.4865,0.1897,9,11,8,47,0.5556,0.0
0.3,0.1,0.45,0.4,0.1,0.3704,0.5882,0.4545,0.2931,10,17,7,41,0.5556,0.0
0.3,0.1,0.45,0.4,0.2,0.45,0.5294,0.4865,0.1897,9,11,8,47,0.5556,0.0
0.3,0.1,0.45,0.4,0.3,0.4444,0.4706,0.4571,0.1724,8,10,9,48,0.5556,0.0
0.3,0.1,0.45,0.5,0.1,0.5556,0.5882,0.5714,0.1379,10,8,7,50,0.1111,0.0
0.3,0.1,0.45,0.5,0.2,0.6154,0.4706,0.5333,0.0862,8,5,9,53,0.1111,0.0
0.3,0.1,0.45,0.5,0.3,0.6,0.3529,0.4444,0.069,6,4,11,54,0.1111,0.0
0.3,0.1,0.45,0.6,0.1,0.625,0.5882,0.6061,0.1034,10,6,7,52,0.1111,0.0
0.3,0.1,0.45,0.6,0.2,0.8,0.4706,0.5926,0.0345,8,2,9,56,0.0,0.0
0.3,0.1,0.45,0.6,0.3,1.0,0.1176,0.2105,0.0,2,0,15,58,0.0,0.0
0.3,0.1,0.45,0.7,0.1,0.0,0.0,0.0,0.0,0,0,17,58,0.0,0.0
0.3,0.1,0.45,0.7,0.2,0.0,0.0,0.0,0.0,0,0,17,58,0.0,0.0
0.3,0.1,0.45,0.7,0.3,0.0,0.0,0.0,0.0,0,0,17,58,0.0,0.0
0.3,0.1,0.6,0.3,0.1,0.3667,0.6471,0.4681,0.3276,11,19,6,39,0.5556,0.0
0.3,0.1,0.6,0.3,0.2,0.4167,0.5882,0.4878,0.2414,10,14,7,44,0.5556,0.0
0.3,0.1,0.6,0.3,0.3,0.4091,0.5294,0.4615,0.2241,9,13,8,45,0.5556,0.0
0.3,0.1,0.6,0.4,0.1,0.3704,0.5882,0.4545,0.2931,10,17,7,41,0.5556,0.0
0.3,0.1,0.6,0.4,0.2,0.45,0.5294,0.4865,0.1897,9,11,8,47,0.5556,0.0
0.3,0.1,0.6,0.4,0.3,0.4444,0.4706,0.4571,0.1724,8,10,9,48,0.5556,0.0
0.3,0.1,0.6,0.5,0.1,0.4167,0.5882,0.4878,0.2414,10,14,7,44,0.5556,0.0
0.3,0.1,0.6,0.5,0.2,0.4211,0.4706,0.4444,0.1897,8,11,9,47,0.5556,0.0
0.3,0.1,0.6,0.5,0.3,0.375,0.3529,0.3636,0.1724,6,10,11,48,0.5556,0.0
0.3,0.1,0.6,0.6,0.1,0.5,0.5882,0.5405,0.1724,10,10,7,48,0.5556,0.0
0.3,0.1,0.6,0.6,0.2,0.5,0.4706,0.4848,0.1379,8,8,9,50,0.5556,0.0
0.3,0.1,0.6,0.6,0.3,0.25,0.1176,0.16,0.1034,2,6,15,52,0.5556,0.0
0.3,0.1,0.6,0.7,0.1,0.0,0.0,0.0,0.0345,0,2,17,56,0.1111,0.0
0.3,0.1,0.6,0.7,0.2,0.0,0.0,0.0,0.0,0,0,17,58,0.0,0.0
0.3,0.1,0.6,0.7,0.3,0.0,0.0,0.0,0.0,0,0,17,58,0.0,0.0
0.3,0.1,0.8,0.3,0.1,0.3548,0.6471,0.4583,0.3448,11,20,6,38,0.5556,0.0
0.3,0.1,0.8,0.3,0.2,0.3846,0.5882,0.4651,0.2759,10,16,7,42,0.5556,0.0
0.3,0.1,0.8,0.3,0.3,0.375,0.5294,0.439,0.2586,9,15,8,43,0.5556,0.0
0.3,0.1,0.8,0.4,0.1,0.3448,0.5882,0.4348,0.3276,10,19,7,39,0.5556,0.0
0.3,0.1,0.8,0.4,0.2,0.4091,0.5294,0.4615,0.2241,9,13,8,45,0.5556,0.0
0.3,0.1,0.8,0.4,0.3,0.4,0.4706,0.4324,0.2069,8,12,9,46,0.5556,0.0
0.3,0.1,0.8,0.5,0.1,0.4167,0.5882,0.4878,0.2414,10,14,7,44,0.5556,0.0
0.3,0.1,0.8,0.5,0.2,0.4211,0.4706,0.4444,0.1897,8,11,9,47,0.5556,0.0
0.3,0.1,0.8,0.5,0.3,0.375,0.3529,0.3636,0.1724,6,10,11,48,0.5556,0.0
0.3,0.1,0.8,0.6,0.1,0.4545,0.5882,0.5128,0.2069,10,12,7,46,0.5556,0.0
0.3,0.1,0.8,0.6,0.2,0.4444,0.4706,0.4571,0.1724,8,10,9,48,0.5556,0.0
0.3,0.1,0.8,0.6,0.3,0.2,0.1176,0.1481,0.1379,2,8,15,50,0.5556,0.0
0.3,0.1,0.8,0.7,0.1,0.0,0.0,0.0,0.1379,0,8,17,50,0.5556,0.0
0.3,0.1,0.8,0.7,0.2,0.0,0.0,0.0,0.1379,0,8,17,50,0.5556,0.0
0.3,0.1,0.8,0.7,0.3,0.0,0.0,0.0,0.1379,0,8,17,50,0.5556,0.0
0.3,0.1,1.0,0.3,0.1,0.3548,0.6471,0.4583,0.3448,11,20,6,38,0.5556,0.0
0.3,0.1,1.0,0.3,0.2,0.3846,0.5882,0.4651,0.2759,10,16,7,42,0.5556,0.0
0.3,0.1,1.0,0.3,0.3,0.375,0.5294,0.439,0.2586,9,15,8,43,0.5556,0.0
0.3,0.1,1.0,0.4,0.1,0.3448,0.5882,0.4348,0.3276,10,19,7,39,0.5556,0.0
0.3,0.1,1.0,0.4,0.2,0.4091,0.5294,0.4615,0.2241,9,13,8,45,0.5556,0.0
0.3,0.1,1.0,0.4,0.3,0.4,0.4706,0.4324,0.2069,8,12,9,46,0.5556,0.0
0.3,0.1,1.0,0.5,0.1,0.3846,0.5882,0.4651,0.2759,10,16,7,42,0.5556,0.0
0.3,0.1,1.0,0.5,0.2,0.381,0.4706,0.4211,0.2241,8,13,9,45,0.5556,0.0
0.3,0.1,1.0,0.5,0.3,0.3333,0.3529,0.3429,0.2069,6,12,11,46,0.5556,0.0
0.3,0.1,1.0,0.6,0.1,0.4545,0.5882,0.5128,0.2069,10,12,7,46,0.5556,0.0
0.3,0.1,1.0,0.6,0.2,0.4444,0.4706,0.4571,0.1724,8,10,9,48,0.5556,0.0
0.3,0.1,1.0,0.6,0.3,0.2,0.1176,0.1481,0.1379,2,8,15,50,0.5556,0.0
0.3,0.1,1.0,0.7,0.1,0.0,0.0,0.0,0.1379,0,8,17,50,0.5556,0.0
0.3,0.1,1.0,0.7,0.2,0.0,0.0,0.0,0.1379,0,8,17,50,0.5556,0.0
0.3,0.1,1.0,0.7,0.3,0.0,0.0,0.0,0.1379,0,8,17,50,0.5556,0.0
0.3,0.15,0.2,0.3,0.1,0.5,0.6471,0.5641,0.1897,11,11,6,47,0.1111,0.0
0.3,0.15,0.2,0.3,0.2,0.625,0.5882,0.6061,0.1034,10,6,7,52,0.1111,0.0
0.3,0.15,0.2,0.3,0.3,0.8182,0.5294,0.6429,0.0345,9,2,8,56,0.0,0.0
0.3,0.15,0.2,0.4,0.1,0.4762,0.5882,0.5263,0.1897,10,11,7,47,0.1111,0.0
0.3,0.15,0.2,0.4,0.2,0.75,0.5294,0.6207,0.0517,9,3,8,55,0.0,0.0
0.3,0.15,0.2,0.4,0.3,0.75,0.3529,0.48,0.0345,6,2,11,56,0.0,0.0
0.3,0.15,0.2,0.5,0.1,0.5882,0.5882,0.5882,0.1207,10,7,7,51,0.0,0.0
0.3,0.15,0.2,0.5,0.2,0.7778,0.4118,0.5385,0.0345,7,2,10,56,0.0,0.0
0.3,0.15,0.2,0.5,0.3,0.6667,0.2353,0.3478,0.0345,4,2,13,56,0.0,0.0
0.3,0.15,0.2,0.6,0.1,0.7143,0.5882,0.6452,0.069,10,4,7,54,0.0,0.0
0.3,0.15,0.2,0.6,0.2,0.75,0.3529,0.48,0.0345,6,2,11,56,0.0,0.0
0.3,0.15,0.2,0.6,0.3,0.0,0.0,0.0,0.0,0,0,17,58,0.0,0.0
0.3,0.15,0.2,0.7,0.1,0.0,0.0,0.0,0.0,0,0,17,58,0.0,0.0
0.3,0.15,0.2,0.7,0.2,0.0,0.0,0.0,0.0,0,0,17,58,0.0,0.0
0.3,0.15,0.2,0.7,0.3,0.0,0.0,0.0,0.0,0,0,17,58,0.0,0.0
0.3,0.15,0.35,0.3,0.1,0.3929,0.6471,0.4889,0.2931,11,17,6,41,0.5556,0.0
0.3,0.15,0.35,0.3,0.2,0.4545,0.5882,0.5128,0.2069,10,12,7,46,0.5556,0.0
0.3,0.15,0.35,0.3,0.3,0.4737,0.5294,0.5,0.1724,9,10,8,48,0.5556,0.0
0.3,0.15,0.35,0.4,0.1,0.4762,0.5882,0.5263,0.1897,10,11,7,47,0.1111,0.0
0.3,0.15,0.35,0.4,0.2,0.6429,0.5294,0.5806,0.0862,9,5,8,53,0.1111,0.0
0.3,0.15,0.35,0.4,0.3,0.6,0.3529,0.4444,0.069,6,4,11,54,0.1111,0.0
0.3,0.15,0.35,0.5,0.1,0.5556,0.5882,0.5714,0.1379,10,8,7,50,0.1111,0.0
0.3,0.15,0.35,0.5,0.2,0.7778,0.4118,0.5385,0.0345,7,2,10,56,0.0,0.0
0.3,0.15,0.35,0.5,0.3,0.6667,0.2353,0.3478,0.0345,4,2,13,56,0.0,0.0
0.3,0.15,0.35,0.6,0.1,0.7143,0.5882,0.6452,0.069,10,4,7,54,0.0,0.0
0.3,0.15,0.35,0.6,0.2,0.75,0.3529,0.48,0.0345,6,2,11,56,0.0,0.0
0.3,0.15,0.35,0.6,0.3,0.0,0.0,0.0,0.0,0,0,17,58,0.0,0.0
0.3,0.15,0.35,0.7,0.1,0.0,0.0,0.0,0.0,0,0,17,58,0.0,0.0
0.3,0.15,0.35,0.7,0.2,0.0,0.0,0.0,0.0,0,0,17,58,0.0,0.0
0.3,0.15,0.35,0.7,0.3,0.0,0.0,0.0,0.0,0,0,17,58,0.0,0.0
0.3,0.15,0.45,0.3,0.1,0.3929,0.6471,0.4889,0.2931,11,17,6,41,0.5556,0.0
0.3,0.15,0.45,0.3,0.2,0.4545,0.5882,0.5128,0.2069,10,12,7,46,0.5556,0.0
0.3,0.15,0.45,0.3,0.3,0.4737,0.5294,0.5,0.1724,9,10,8,48,0.5556,0.0
0.3,0.15,0.45,0.4,0.1,0.3704,0.5882,0.4545,0.2931,10,17,7,41,0.5556,0.0
0.3,0.15,0.45,0.4,0.2,0.45,0.5294,0.4865,0.1897,9,11,8,47,0.5556,0.0
0.3,0.15,0.45,0.4,0.3,0.375,0.3529,0.3636,0.1724,6,10,11,48,0.5556,0.0
0.3,0.15,0.45,0.5,0.1,0.5556,0.5882,0.5714,0.1379,10,8,7,50,0.1111,0.0
0.3,0.15,0.45,0.5,0.2,0.6364,0.4118,0.5,0.069,7,4,10,54,0.1111,0.0
0.3,0.15,0.45,0.5,0.3,0.5,0.2353,0.32,0.069,4,4,13,54,0.1111,0.0
0.3,0.15,0.45,0.6,0.1,0.625,0.5882,0.6061,0.1034,10,6,7,52,0.1111,0.0
0.3,0.15,0.45,0.6,0.2,0.75,0.3529,0.48,0.0345,6,2,11,56,0.0,0.0
0.3,0.15,0.45,0.6,0.3,0.0,0.0,0.0,0.0,0,0,17,58,0.0,0.0
0.3,0.15,0.45,0.7,0.1,0.0,0.0,0.0,0.0,0,0,17,58,0.0,0.0
0.3,0.15,0.45,0.7,0.2,0.0,0.0,0.0,0.0,0,0,17,58,0.0,0.0
0.3,0.15,0.45,0.7,0.3,0.0,0.0,0.0,0.0,0,0,17,58,0.0,0.0
0.3,0.15,0.6,0.3,0.1,0.3667,0.6471,0.4681,0.3276,11,19,6,39,0.5556,0.0
0.3,0.15,0.6,0.3,0.2,0.4167,0.5882,0.4878,0.2414,10,14,7,44,0.5556,0.0
0.3,0.15,0.6,0.3,0.3,0.4286,0.5294,0.4737,0.2069,9,12,8,46,0.5556,0.0
0.3,0.15,0.6,0.4,0.1,0.3704,0.5882,0.4545,0.2931,10,17,7,41,0.5556,0.0
0.3,0.15,0.6,0.4,0.2,0.45,0.5294,0.4865,0.1897,9,11,8,47,0.5556,0.0
0.3,0.15,0.6,0.4,0.3,0.375,0.3529,0.3636,0.1724,6,10,11,48,0.5556,0.0
0.3,0.15,0.6,0.5,0.1,0.4167,0.5882,0.4878,0.2414,10,14,7,44,0.5556,0.0
0.3,0.15,0.6,0.5,0.2,0.4118,0.4118,0.4118,0.1724,7,10,10,48,0.5556,0.0
0.3,0.15,0.6,0.5,0.3,0.2857,0.2353,0.2581,0.1724,4,10,13,48,0.5556,0.0
0.3,0.15,0.6,0.6,0.1,0.5,0.5882,0.5405,0.1724,10,10,7,48,0.5556,0.0
0.3,0.15,0.6,0.6,0.2,0.4286,0.3529,0.3871,0.1379,6,8,11,50,0.5556,0.0
0.3,0.15,0.6,0.6,0.3,0.0,0.0,0.0,0.1034,0,6,17,52,0.5556,0.0
0.3,0.15,0.6,0.7,0.1,0.0,0.0,0.0,0.0345,0,2,17,56,0.1111,0.0
0.3,0.15,0.6,0.7,0.2,0.0,0.0,0.0,0.0,0,0,17,58,0.0,0.0
0.3,0.15,0.6,0.7,0.3,0.0,0.0,0.0,0.0,0,0,17,58,0.0,0.0
0.3,0.15,0.8,0.3,0.1,0.3548,0.6471,0.4583,0.3448,11,20,6,38,0.5556,0.0
0.3,0.15,0.8,0.3,0.2,0.3846,0.5882,0.4651,0.2759,10,16,7,42,0.5556,0.0
0.3,0.15,0.8,0.3,0.3,0.3913,0.5294,0.45,0.2414,9,14,8,44,0.5556,0.0
0.3,0.15,0.8,0.4,0.1,0.3448,0.5882,0.4348,0.3276,10,19,7,39,0.5556,0.0
0.3,0.15,0.8,0.4,0.2,0.4091,0.5294,0.4615,0.2241,9,13,8,45,0.5556,0.0
0.3,0.15,0.8,0.4,0.3,0.3333,0.3529,0.3429,0.2069,6,12,11,46,0.5556,0.0
0.3,0.15,0.8,0.5,0.1,0.4167,0.5882,0.4878,0.2414,10,14,7,44,0.5556,0.0
0.3,0.15,0.8,0.5,0.2,0.4118,0.4118,0.4118,0.1724,7,10,10,48,0.5556,0.0
0.3,0.15,0.8,0.5,0.3,0.2857,0.2353,0.2581,0.1724,4,10,13,48,0.5556,0.0
0.3,0.15,0.8,0.6,0.1,0.4545,0.5882,0.5128,0.2069,10,12,7,46,0.5556,0.0
0.3,0.15,0.8,0.6,0.2,0.375,0.3529,0.3636,0.1724,6,10,11,48,0.5556,0.0
0.3,0.15,0.8,0.6,0.3,0.0,0.0,0.0,0.1379,0,8,17,50,0.5556,0.0
0.3,0.15,0.8,0.7,0.1,0.0,0.0,0.0,0.1379,0,8,17,50,0.5556,0.0
0.3,0.15,0.8,0.7,0.2,0.0,0.0,0.0,0.1379,0,8,17,50,0.5556,0.0
0.3,0.15,0.8,0.7,0.3,0.0,0.0,0.0,0.1379,0,8,17,50,0.5556,0.0
0.3,0.15,1.0,0.3,0.1,0.3548,0.6471,0.4583,0.3448,11,20,6,38,0.5556,0.0
0.3,0.15,1.0,0.3,0.2,0.3846,0.5882,0.4651,0.2759,10,16,7,42,0.5556,0.0
0.3,0.15,1.0,0.3,0.3,0.3913,0.5294,0.45,0.2414,9,14,8,44,0.5556,0.0
0.3,0.15,1.0,0.4,0.1,0.3448,0.5882,0.4348,0.3276,10,19,7,39,0.5556,0.0
0.3,0.15,1.0,0.4,0.2,0.4091,0.5294,0.4615,0.2241,9,13,8,45,0.5556,0.0
0.3,0.15,1.0,0.4,0.3,0.3333,0.3529,0.3429,0.2069,6,12,11,46,0.5556,0.0
0.3,0.15,1.0,0.5,0.1,0.3846,0.5882,0.4651,0.2759,10,16,7,42,0.5556,0.0
0.3,0.15,1.0,0.5,0.2,0.3684,0.4118,0.3889,0.2069,7,12,10,46,0.5556,0.0
0.3,0.15,1.0,0.5,0.3,0.25,0.2353,0.2424,0.2069,4,12,13,46,0.5556,0.0
0.3,0.15,1.0,0.6,0.1,0.4545,0.5882,0.5128,0.2069,10,12,7,46,0.5556,0.0
0.3,0.15,1.0,0.6,0.2,0.375,0.3529,0.3636,0.1724,6,10,11,48,0.5556,0.0
0.3,0.15,1.0,0.6,0.3,0.0,0.0,0.0,0.1379,0,8,17,50,0.5556,0.0
0.3,0.15,1.0,0.7,0.1,0.0,0.0,0.0,0.1379,0,8,17,50,0.5556,0.0
0.3,0.15,1.0,0.7,0.2,0.0,0.0,0.0,0.1379,0,8,17,50,0.5556,0.0
0.3,0.15,1.0,0.7,0.3,0.0,0.0,0.0,0.1379,0,8,17,50,0.5556,0.0
0.3,0.2,0.2,0.3,0.1,0.5,0.6471,0.5641,0.1897,11,11,6,47,0.1111,0.0
0.3,0.2,0.2,0.3,0.2,0.6667,0.5882,0.625,0.0862,10,5,7,53,0.1111,0.0
0.3,0.2,0.2,0.3,0.3,0.7778,0.4118,0.5385,0.0345,7,2,10,56,0.0,0.0
0.3,0.2,0.2,0.4,0.1,0.4762,0.5882,0.5263,0.1897,10,11,7,47,0.1111,0.0
0.3,0.2,0.2,0.4,0.2,0.7778,0.4118,0.5385,0.0345,7,2,10,56,0.0,0.0
0.3,0.2,0.2,0.4,0.3,0.6667,0.2353,0.3478,0.0345,4,2,13,56,0.0,0.0
0.3,0.2,0.2,0.5,0.1,0.5882,0.5882,0.5882,0.1207,10,7,7,51,0.0,0.0
0.3,0.2,0.2,0.5,0.2,0.6667,0.2353,0.3478,0.0345,4,2,13,56,0.0,0.0
0.3,0.2,0.2,0.5,0.3,0.5,0.1176,0.1905,0.0345,2,2,15,56,0.0,0.0
0.3,0.2,0.2,0.6,0.1,0.7692,0.5882,0.6667,0.0517,10,3,7,55,0.0,0.0
0.3,0.2,0.2,0.6,0.2,0.6667,0.2353,0.3478,0.0345,4,2,13,56,0.0,0.0
0.3,0.2,0.2,0.6,0.3,0.0,0.0,0.0,0.0,0,0,17,58,0.0,0.0
0.3,0.2,0.2,0.7,0.1,0.0,0.0,0.0,0.0,0,0,17,58,0.0,0.0
0.3,0.2,0.2,0.7,0.2,0.0,0.0,0.0,0.0,0,0,17,58,0.0,0.0
0.3,0.2,0.2,0.7,0.3,0.0,0.0,0.0,0.0,0,0,17,58,0.0,0.0
0.3,0.2,0.35,0.3,0.1,0.3929,0.6471,0.4889,0.2931,11,17,6,41,0.5556,0.0
0.3,0.2,0.35,0.3,0.2,0.4762,0.5882,0.5263,0.1897,10,11,7,47,0.5556,0.0
0.3,0.2,0.35,0.3,0.3,0.4118,0.4118,0.4118,0.1724,7,10,10,48,0.5556,0.0
0.3,0.2,0.35,0.4,0.1,0.4762,0.5882,0.5263,0.1897,10,11,7,47,0.1111,0.0
0.3,0.2,0.35,0.4,0.2,0.6364,0.4118,0.5,0.069,7,4,10,54,0.1111,0.0
0.3,0.2,0.35,0.4,0.3,0.5,0.2353,0.32,0.069,4,4,13,54,0.1111,0.0
0.3,0.2,0.35,0.5,0.1,0.5556,0.5882,0.5714,0.1379,10,8,7,50,0.1111,0.0
0.3,0.2,0.35,0.5,0.2,0.6667,0.2353,0.3478,0.0345,4,2,13,56,0.0,0.0
0.3,0.2,0.35,0.5,0.3,0.5,0.1176,0.1905,0.0345,2,2,15,56,0.0,0.0
0.3,0.2,0.35,0.6,0.1,0.7692,0.5882,0.6667,0.0517,10,3,7,55,0.0,0.0
0.3,0.2,0.35,0.6,0.2,0.6667,0.2353,0.3478,0.0345,4,2,13,56,0.0,0.0
0.3,0.2,0.35,0.6,0.3,0.0,0.0,0.0,0.0,0,0,17,58,0.0,0.0
0.3,0.2,0.35,0.7,0.1,0.0,0.0,0.0,0.0,0,0,17,58,0.0,0.0
0.3,0.2,0.35,0.7,0.2,0.0,0.0,0.0,0.0,0,0,17,58,0.0,0.0
0.3,0.2,0.35,0.7,0.3,0.0,0.0,0.0,0.0,0,0,17,58,0.0,0.0
0.3,0.2,0.45,0.3,0.1,0.3929,0.6471,0.4889,0.2931,11,17,6,41,0.5556,0.0
0.3,0.2,0.45,0.3,0.2,0.4762,0.5882,0.5263,0.1897,10,11,7,47,0.5556,0.0
0.3,0.2,0.45,0.3,0.3,0.4118,0.4118,0.4118,0.1724,7,10,10,48,0.5556,0.0
0.3,0.2,0.45,0.4,0.1,0.3704,0.5882,0.4545,0.2931,10,17,7,41,0.5556,0.0
0.3,0.2,0.45,0.4,0.2,0.4118,0.4118,0.4118,0.1724,7,10,10,48,0.5556,0.0
0.3,0.2,0.45,0.4,0.3,0.2857,0.2353,0.2581,0.1724,4,10,13,48,0.5556,0.0
0.3,0.2,0.45,0.5,0.1,0.5556,0.5882,0.5714,0.1379,10,8,7,50,0.1111,0.0
0.3,0.2,0.45,0.5,0.2,0.5,0.2353,0.32,0.069,4,4,13,54,0.1111,0.0
0.3,0.2,0.45,0.5,0.3,0.3333,0.1176,0.1739,0.069,2,4,15,54,0.1111,0.0
0.3,0.2,0.45,0.6,0.1,0.6667,0.5882,0.625,0.0862,10,5,7,53,0.1111,0.0
0.3,0.2,0.45,0.6,0.2,0.6667,0.2353,0.3478,0.0345,4,2,13,56,0.0,0.0
0.3,0.2,0.45,0.6,0.3,0.0,0.0,0.0,0.0,0,0,17,58,0.0,0.0
0.3,0.2,0.45,0.7,0.1,0.0,0.0,0.0,0.0,0,0,17,58,0.0,0.0
0.3,0.2,0.45,0.7,0.2,0.0,0.0,0.0,0.0,0,0,17,58,0.0,0.0
0.3,0.2,0.45,0.7,0.3,0.0,0.0,0.0,0.0,0,0,17,58,0.0,0.0
0.3,0.2,0.6,0.3,0.1,0.3667,0.6471,0.4681,0.3276,11,19,6,39,0.5556,0.0
0.3,0.2,0.6,0.3,0.2,0.4348,0.5882,0.5,0.2241,10,13,7,45,0.5556,0.0
0.3,0.2,0.6,0.3,0.3,0.3684,0.4118,0.3889,0.2069,7,12,10,46,0.5556,0.0
0.3,0.2,0.6,0.4,0.1,0.3704,0.5882,0.4545,0.2931,10,17,7,41,0.5556,0.0
0.3,0.2,0.6,0.4,0.2,0.4118,0.4118,0.4118,0.1724,7,10,10,48,0.5556,0.0
0.3,0.2,0.6,0.4,0.3,0.2857,0.2353,0.2581,0.1724,4,10,13,48,0.5556,0.0
0.3,0.2,0.6,0.5,0.1,0.4167,0.5882,0.4878,0.2414,10,14,7,44,0.5556,0.0
0.3,0.2,0.6,0.5,0.2,0.2857,0.2353,0.2581,0.1724,4,10,13,48,0.5556,0.0
0.3,0.2,0.6,0.5,0.3,0.1667,0.1176,0.1379,0.1724,2,10,15,48,0.5556,0.0
0.3,0.2,0.6,0.6,0.1,0.5263,0.5882,0.5556,0.1552,10,9,7,49,0.5556,0.0
0.3,0.2,0.6,0.6,0.2,0.3333,0.2353,0.2759,0.1379,4,8,13,50,0.5556,0.0
0.3,0.2,0.6,0.6,0.3,0.0,0.0,0.0,0.1034,0,6,17,52,0.5556,0.0
0.3,0.2,0.6,0.7,0.1,0.0,0.0,0.0,0.0345,0,2,17,56,0.1111,0.0
0.3,0.2,0.6,0.7,0.2,0.0,0.0,0.0,0.0,0,0,17,58,0.0,0.0
0.3,0.2,0.6,0.7,0.3,0.0,0.0,0.0,0.0,0,0,17,58,0.0,0.0
0.3,0.2,0.8,0.3,0.1,0.3548,0.6471,0.4583,0.3448,11,20,6,38,0.5556,0.0
0.3,0.2,0.8,0.3,0.2,0.4,0.5882,0.4762,0.2586,10,15,7,43,0.5556,0.0
0.3,0.2,0.8,0.3,0.3,0.3333,0.4118,0.3684,0.2414,7,14,10,44,0.5556,0.0
0.3,0.2,0.8,0.4,0.1,0.3448,0.5882,0.4348,0.3276,10,19,7,39,0.5556,0.0
0.3,0.2,0.8,0.4,0.2,0.3684,0.4118,0.3889,0.2069,7,12,10,46,0.5556,0.0
0.3,0.2,0.8,0.4,0.3,0.25,0.2353,0.2424,0.2069,4,12,13,46,0.5556,0.0
0.3,0.2,0.8,0.5,0.1,0.4167,0.5882,0.4878,0.2414,10,14,7,44,0.5556,0.0
0.3,0.2,0.8,0.5,0.2,0.2857,0.2353,0.2581,0.1724,4,10,13,48,0.5556,0.0
0.3,0.2,0.8,0.5,0.3,0.1667,0.1176,0.1379,0.1724,2,10,15,48,0.5556,0.0
0.3,0.2,0.8,0.6,0.1,0.4762,0.5882,0.5263,0.1897,10,11,7,47,0.5556,0.0
0.3,0.2,0.8,0.6,0.2,0.2857,0.2353,0.2581,0.1724,4,10,13,48,0.5556,0.0
0.3,0.2,0.8,0.6,0.3,0.0,0.0,0.0,0.1379,0,8,17,50,0.5556,0.0
0.3,0.2,0.8,0.7,0.1,0.0,0.0,0.0,0.1379,0,8,17,50,0.5556,0.0
0.3,0.2,0.8,0.7,0.2,0.0,0.0,0.0,0.1379,0,8,17,50,0.5556,0.0
0.3,0.2,0.8,0.7,0.3,0.0,0.0,0.0,0.1379,0,8,17,50,0.5556,0.0
0.3,0.2,1.0,0.3,0.1,0.3548,0.6471,0.4583,0.3448,11,20,6,38,0.5556,0.0
0.3,0.2,1.0,0.3,0.2,0.4,0.5882,0.4762,0.2586,10,15,7,43,0.5556,0.0
0.3,0.2,1.0,0.3,0.3,0.3333,0.4118,0.3684,0.2414,7,14,10,44,0.5556,0.0
0.3,0.2,1.0,0.4,0.1,0.3448,0.5882,0.4348,0.3276,10,19,7,39,0.5556,0.0
0.3,0.2,1.0,0.4,0.2,0.3684,0.4118,0.3889,0.2069,7,12,10,46,0.5556,0.0
0.3,0.2,1.0,0.4,0.3,0.25,0.2353,0.2424,0.2069,4,12,13,46,0.5556,0.0
0.3,0.2,1.0,0.5,0.1,0.3846,0.5882,0.4651,0.2759,10,16,7,42,0.5556,0.0
0.3,0.2,1.0,0.5,0.2,0.25,0.2353,0.2424,0.2069,4,12,13,46,0.5556,0.0
0.3,0.2,1.0,0.5,0.3,0.1429,0.1176,0.129,0.2069,2,12,15,46,0.5556,0.0
0.3,0.2,1.0,0.6,0.1,0.4762,0.5882,0.5263,0.1897,10,11,7,47,0.5556,0.0
0.3,0.2,1.0,0.6,0.2,0.2857,0.2353,0.2581,0.1724,4,10,13,48,0.5556,0.0
0.3,0.2,1.0,0.6,0.3,0.0,0.0,0.0,0.1379,0,8,17,50,0.5556,0.0
0.3,0.2,1.0,0.7,0.1,0.0,0.0,0.0,0.1379,0,8,17,50,0.5556,0.0
0.3,0.2,1.0,0.7,0.2,0.0,0.0,0.0,0.1379,0,8,17,50,0.5556,0.0
0.3,0.2,1.0,0.7,0.3,0.0,0.0,0.0,0.1379,0,8,17,50,0.5556,0.0
0.3,0.25,0.2,0.3,0.1,0.5238,0.6471,0.5789,0.1724,11,10,6,48,0.1111,0.0
0.3,0.25,0.2,0.3,0.2,0.6154,0.4706,0.5333,0.0862,8,5,9,53,0.1111,0.0
0.3,0.25,0.2,0.3,0.3,0.7143,0.2941,0.4167,0.0345,5,2,12,56,0.0,0.0
0.3,0.25,0.2,0.4,0.1,0.4737,0.5294,0.5,0.1724,9,10,8,48,0.1111,0.0
0.3,0.25,0.2,0.4,0.2,0.7143,0.2941,0.4167,0.0345,5,2,12,56,0.0,0.0
0.3,0.25,0.2,0.4,0.3,0.5,0.1176,0.1905,0.0345,2,2,15,56,0.0,0.0
0.3,0.25,0.2,0.5,0.1,0.5714,0.4706,0.5161,0.1034,8,6,9,52,0.0,0.0
0.3,0.25,0.2,0.5,0.2,0.5,0.1176,0.1905,0.0345,2,2,15,56,0.0,0.0
0.3,0.25,0.2,0.5,0.3,0.5,0.1176,0.1905,0.0345,2,2,15,56,0.0,0.0
0.3,0.25,0.2,0.6,0.1,0.7273,0.4706,0.5714,0.0517,8,3,9,55,0.0,0.0
0.3,0.25,0.2,0.6,0.2,0.5,0.1176,0.1905,0.0345,2,2,15,56,0.0,0.0
0.3,0.25,0.2,0.6,0.3,0.0,0.0,0.0,0.0,0,0,17,58,0.0,0.0
0.3,0.25,0.2,0.7,0.1,0.0,0.0,0.0,0.0,0,0,17,58,0.0,0.0
0.3,0.25,0.2,0.7,0.2,0.0,0.0,0.0,0.0,0,0,17,58,0.0,0.0
0.3,0.25,0.2,0.7,0.3,0.0,0.0,0.0,0.0,0,0,17,58,0.0,0.0
0.3,0.25,0.35,0.3,0.1,0.4074,0.6471,0.5,0.2759,11,16,6,42,0.5556,0.0
0.3,0.25,0.35,0.3,0.2,0.4211,0.4706,0.4444,0.1897,8,11,9,47,0.5556,0.0
0.3,0.25,0.35,0.3,0.3,0.3333,0.2941,0.3125,0.1724,5,10,12,48,0.5556,0.0
0.3,0.25,0.35,0.4,0.1,0.4737,0.5294,0.5,0.1724,9,10,8,48,0.1111,0.0
0.3,0.25,0.35,0.4,0.2,0.5556,0.2941,0.3846,0.069,5,4,12,54,0.1111,0.0
0.3,0.25,0.35,0.4,0.3,0.3333,0.1176,0.1739,0.069,2,4,15,54,0.1111,0.0
0.3,0.25,0.35,0.5,0.1,0.5333,0.4706,0.5,0.1207,8,7,9,51,0.1111,0.0
0.3,0.25,0.35,0.5,0.2,0.5,0.1176,0.1905,0.0345,2,2,15,56,0.0,0.0
0.3,0.25,0.35,0.5,0.3,0.5,0.1176,0.1905,0.0345,2,2,15,56,0.0,0.0
0.3,0.25,0.35,0.6,0.1,0.7273,0.4706,0.5714,0.0517,8,3,9,55,0.0,0.0
0.3,0.25,0.35,0.6,0.2,0.5,0.1176,0.1905,0.0345,2,2,15,56,0.0,0.0
0.3,0.25,0.35,0.6,0.3,0.0,0.0,0.0,0.0,0,0,17,58,0.0,0.0
0.3,0.25,0.35,0.7,0.1,0.0,0.0,0.0,0.0,0,0,17,58,0.0,0.0
0.3,0.25,0.35,0.7,0.2,0.0,0.0,0.0,0.0,0,0,17,58,0.0,0.0
0.3,0.25,0.35,0.7,0.3,0.0,0.0,0.0,0.0,0,0,17,58,0.0,0.0
0.3,0.25,0.45,0.3,0.1,0.4074,0.6471,0.5,0.2759,11,16,6,42,0.5556,0.0
0.3,0.25,0.45,0.3,0.2,0.4211,0.4706,0.4444,0.1897,8,11,9,47,0.5556,0.0
0.3,0.25,0.45,0.3,0.3,0.3333,0.2941,0.3125,0.1724,5,10,12,48,0.5556,0.0
0.3,0.25,0.45,0.4,0.1,0.36,0.5294,0.4286,0.2759,9,16,8,42,0.5556,0.0
0.3,0.25,0.45,0.4,0.2,0.3333,0.2941,0.3125,0.1724,5,10,12,48,0.5556,0.0
0.3,0.25,0.45,0.4,0.3,0.1667,0.1176,0.1379,0.1724,2,10,15,48,0.5556,0.0
0.3,0.25,0.45,0.5,0.1,0.5333,0.4706,0.5,0.1207,8,7,9,51,0.1111,0.0
0.3,0.25,0.45,0.5,0.2,0.3333,0.1176,0.1739,0.069,2,4,15,54,0.1111,0.0
0.3,0.25,0.45,0.5,0.3,0.3333,0.1176,0.1739,0.069,2,4,15,54,0.1111,0.0
0.3,0.25,0.45,0.6,0.1,0.6154,0.4706,0.5333,0.0862,8,5,9,53,0.1111,0.0
0.3,0.25,0.45,0.6,0.2,0.5,0.1176,0.1905,0.0345,2,2,15,56,0.0,0.0
0.3,0.25,0.45,0.6,0.3,0.0,0.0,0.0,0.0,0,0,17,58,0.0,0.0
0.3,0.25,0.45,0.7,0.1,0.0,0.0,0.0,0.0,0,0,17,58,0.0,0.0
0.3,0.25,0.45,0.7,0.2,0.0,0.0,0.0,0.0,0,0,17,58,0.0,0.0
0.3,0.25,0.45,0.7,0.3,0.0,0.0,0.0,0.0,0,0,17,58,0.0,0.0
0.3,0.25,0.6,0.3,0.1,0.3793,0.6471,0.4783,0.3103,11,18,6,40,0.5556,0.0
0.3,0.25,0.6,0.3,0.2,0.381,0.4706,0.4211,0.2241,8,13,9,45,0.5556,0.0
0.3,0.25,0.6,0.3,0.3,0.2941,0.2941,0.2941,0.2069,5,12,12,46,0.5556,0.0
0.3,0.25,0.6,0.4,0.1,0.36,0.5294,0.4286,0.2759,9,16,8,42,0.5556,0.0
0.3,0.25,0.6,0.4,0.2,0.3333,0.2941,0.3125,0.1724,5,10,12,48,0.5556,0.0
0.3,0.25,0.6,0.4,0.3,0.1667,0.1176,0.1379,0.1724,2,10,15,48,0.5556,0.0
0.3,0.25,0.6,0.5,0.1,0.381,0.4706,0.4211,0.2241,8,13,9,45,0.5556,0.0
0.3,0.25,0.6,0.5,0.2,0.1667,0.1176,0.1379,0.1724,2,10,15,48,0.5556,0.0
0.3,0.25,0.6,0.5,0.3,0.1667,0.1176,0.1379,0.1724,2,10,15,48,0.5556,0.0
0.3,0.25,0.6,0.6,0.1,0.4706,0.4706,0.4706,0.1552,8,9,9,49,0.5556,0.0
0.3,0.25,0.6,0.6,0.2,0.2,0.1176,0.1481,0.1379,2,8,15,50,0.5556,0.0
0.3,0.25,0.6,0.6,0.3,0.0,0.0,0.0,0.1034,0,6,17,52,0.5556,0.0
0.3,0.25,0.6,0.7,0.1,0.0,0.0,0.0,0.0345,0,2,17,56,0.1111,0.0
0.3,0.25,0.6,0.7,0.2,0.0,0.0,0.0,0.0,0,0,17,58,0.0,0.0
0.3,0.25,0.6,0.7,0.3,0.0,0.0,0.0,0.0,0,0,17,58,0.0,0.0
0.3,0.25,0.8,0.3,0.1,0.3667,0.6471,0.4681,0.3276,11,19,6,39,0.5556,0.0
0.3,0.25,0.8,0.3,0.2,0.3478,0.4706,0.4,0.2586,8,15,9,43,0.5556,0.0
0.3,0.25,0.8,0.3,0.3,0.2632,0.2941,0.2778,0.2414,5,14,12,44,0.5556,0.0
0.3,0.25,0.8,0.4,0.1,0.3333,0.5294,0.4091,0.3103,9,18,8,40,0.5556,0.0
0.3,0.25,0.8,0.4,0.2,0.2941,0.2941,0.2941,0.2069,5,12,12,46,0.5556,0.0
0.3,0.25,0.8,0.4,0.3,0.1429,0.1176,0.129,0.2069,2,12,15,46,0.5556,0.0
0.3,0.25,0.8,0.5,0.1,0.381,0.4706,0.4211,0.2241,8,13,9,45,0.5556,0.0
0.3,0.25,0.8,0.5,0.2,0.1667,0.1176,0.1379,0.1724,2,10,15,48,0.5556,0.0
0.3,0.25,0.8,0.5,0.3,0.1667,0.1176,0.1379,0.1724,2,10,15,48,0.5556,0.0
0.3,0.25,0.8,0.6,0.1,0.4211,0.4706,0.4444,0.1897,8,11,9,47,0.5556,0.0
0.3,0.25,0.8,0.6,0.2,0.1667,0.1176,0.1379,0.1724,2,10,15,48,0.5556,0.0
0.3,0.25,0.8,0.6,0.3,0.0,0.0,0.0,0.1379,0,8,17,50,0.5556,0.0
0.3,0.25,0.8,0.7,0.1,0.0,0.0,0.0,0.1379,0,8,17,50,0.5556,0.0
0.3,0.25,0.8,0.7,0.2,0.0,0.0,0.0,0.1379,0,8,17,50,0.5556,0.0
0.3,0.25,0.8,0.7,0.3,0.0,0.0,0.0,0.1379,0,8,17,50,0.5556,0.0
0.3,0.25,1.0,0.3,0.1,0.3667,0.6471,0.4681,0.3276,11,19,6,39,0.5556,0.0
0.3,0.25,1.0,0.3,0.2,0.3478,0.4706,0.4,0.2586,8,15,9,43,0.5556,0.0
0.3,0.25,1.0,0.3,0.3,0.2632,0.2941,0.2778,0.2414,5,14,12,44,0.5556,0.0
0.3,0.25,1.0,0.4,0.1,0.3333,0.5294,0.4091,0.3103,9,18,8,40,0.5556,0.0
0.3,0.25,1.0,0.4,0.2,0.2941,0.2941,0.2941,0.2069,5,12,12,46,0.5556,0.0
0.3,0.25,1.0,0.4,0.3,0.1429,0.1176,0.129,0.2069,2,12,15,46,0.5556,0.0
0.3,0.25,1.0,0.5,0.1,0.3478,0.4706,0.4,0.2586,8,15,9,43,0.5556,0.0
0.3,0.25,1.0,0.5,0.2,0.1429,0.1176,0.129,0.2069,2,12,15,46,0.5556,0.0
0.3,0.25,1.0,0.5,0.3,0.1429,0.1176,0.129,0.2069,2,12,15,46,0.5556,0.0
0.3,0.25,1.0,0.6,0.1,0.4211,0.4706,0.4444,0.1897,8,11,9,47,0.5556,0.0
0.3,0.25,1.0,0.6,0.2,0.1667,0.1176,0.1379,0.1724,2,10,15,48,0.5556,0.0
0.3,0.25,1.0,0.6,0.3,0.0,0.0,0.0,0.1379,0,8,17,50,0.5556,0.0
0.3,0.25,1.0,0.7,0.1,0.0,0.0,0.0,0.1379,0,8,17,50,0.5556,0.0
0.3,0.25,1.0,0.7,0.2,0.0,0.0,0.0,0.1379,0,8,17,50,0.5556,0.0
0.3,0.25,1.0,0.7,0.3,0.0,0.0,0.0,0.1379,0,8,17,50,0.5556,0.0
0.35,0.0,0.2,0.3,0.1,0.4615,0.7059,0.5581,0.2414,12,14,5,44,0.1111,0.0
0.35,0.0,0.2,0.3,0.2,0.5217,0.7059,0.6,0.1897,12,11,5,47,0.1111,0.0
0.35,0.0,0.2,0.3,0.3,0.625,0.5882,0.6061,0.1034,10,6,7,52,0.1111,0.0
0.35,0.0,0.2,0.4,0.1,0.48,0.7059,0.5714,0.2241,12,13,5,45,0.1111,0.0
0.35,0.0,0.2,0.4,0.2,0.5789,0.6471,0.6111,0.1379,11,8,6,50,0.1111,0.0
0.35,0.0,0.2,0.4,0.3,0.6429,0.5294,0.5806,0.0862,9,5,8,53,0.1111,0.0
0.35,0.0,0.2,0.5,0.1,0.5,0.7059,0.5854,0.2069,12,12,5,46,0.1111,0.0
0.35,0.0,0.2,0.5,0.2,0.625,0.5882,0.6061,0.1034,10,6,7,52,0.1111,0.0
0.35,0.0,0.2,0.5,0.3,0.7273,0.4706,0.5714,0.0517,8,3,9,55,0.0,0.0
0.35,0.0,0.2,0.6,0.1,0.5217,0.7059,0.6,0.1897,12,11,5,47,0.1111,0.0
0.35,0.0,0.2,0.6,0.2,0.75,0.5294,0.6207,0.0517,9,3,8,55,0.0,0.0
0.35,0.0,0.2,0.6,0.3,0.8,0.4706,0.5926,0.0345,8,2,9,56,0.0,0.0
0.35,0.0,0.2,0.7,0.1,0.0,0.0,0.0,0.0345,0,2,17,56,0.1111,0.0
0.35,0.0,0.2,0.7,0.2,0.0,0.0,0.0,0.0,0,0,17,58,0.0,0.0
0.35,0.0,0.2,0.7,0.3,0.0,0.0,0.0,0.0,0,0,17,58,0.0,0.0
0.35,0.0,0.35,0.3,0.1,0.375,0.7059,0.4898,0.3448,12,20,5,38,0.5556,0.0
0.35,0.0,0.35,0.3,0.2,0.4138,0.7059,0.5217,0.2931,12,17,5,41,0.5556,0.0
0.35,0.0,0.35,0.3,0.3,0.4545,0.5882,0.5128,0.2069,10,12,7,46,0.5556,0.0
0.35,0.0,0.35,0.4,0.1,0.48,0.7059,0.5714,0.2241,12,13,5,45,0.1111,0.0
0.35,0.0,0.35,0.4,0.2,0.5789,0.6471,0.6111,0.1379,11,8,6,50,0.1111,0.0
0.35,0.0,0.35,0.4,0.3,0.6429,0.5294,0.5806,0.0862,9,5,8,53,0.1111,0.0
0.35,0.0,0.35,0.5,0.1,0.5,0.7059,0.5854,0.2069,12,12,5,46,0.1111,0.0
0.35,0.0,0.35,0.5,0.2,0.625,0.5882,0.6061,0.1034,10,6,7,52,0.1111,0.0
0.35,0.0,0.35,0.5,0.3,0.6154,0.4706,0.5333,0.0862,8,5,9,53,0.1111,0.0
0.35,0.0,0.35,0.6,0.1,0.5217,0.7059,0.6,0.1897,12,11,5,47,0.1111,0.0
0.35,0.0,0.35,0.6,0.2,0.6429,0.5294,0.5806,0.0862,9,5,8,53,0.1111,0.0
0.35,0.0,0.35,0.6,0.3,0.8,0.4706,0.5926,0.0345,8,2,9,56,0.0,0.0
0.35,0.0,0.35,0.7,0.1,0.0,0.0,0.0,0.0345,0,2,17,56,0.1111,0.0
0.35,0.0,0.35,0.7,0.2,0.0,0.0,0.0,0.0,0,0,17,58,0.0,0.0
0.35,0.0,0.35,0.7,0.3,0.0,0.0,0.0,0.0,0,0,17,58,0.0,0.0
0.35,0.0,0.45,0.3,0.1,0.375,0.7059,0.4898,0.3448,12,20,5,38,0.5556,0.0
0.35,0.0,0.45,0.3,0.2,0.4138,0.7059,0.5217,0.2931,12,17,5,41,0.5556,0.0
0.35,0.0,0.45,0.3,0.3,0.4545,0.5882,0.5128,0.2069,10,12,7,46,0.5556,0.0
0.35,0.0,0.45,0.4,0.1,0.3871,0.7059,0.5,0.3276,12,19,5,39,0.5556,0.0
0.35,0.0,0.45,0.4,0.2,0.44,0.6471,0.5238,0.2414,11,14,6,44,0.5556,0.0
0.35,0.0,0.45,0.4,0.3,0.45,0.5294,0.4865,0.1897,9,11,8,47,0.5556,0.0
0.35,0.0,0.45,0.5,0.1,0.5,0.7059,0.5854,0.2069,12,12,5,46,0.1111,0.0
0.35,0.0,0.45,0.5,0.2,0.625,0.5882,0.6061,0.1034,10,6,7,52,0.1111,0.0
0.35,0.0,0.45,0.5,0.3,0.6154,0.4706,0.5333,0.0862,8,5,9,53,0.1111,0.0
0.35,0.0,0.45,0.6,0.1,0.5217,0.7059,0.6,0.1897,12,11,5,47,0.1111,0.0
0.35,0.0,0.45,0.6,0.2,0.6429,0.5294,0.5806,0.0862,9,5,8,53,0.1111,0.0
0.35,0.0,0.45,0.6,0.3,0.7273,0.4706,0.5714,0.0517,8,3,9,55,0.1111,0.0
0.35,0.0,0.45,0.7,0.1,0.0,0.0,0.0,0.0345,0,2,17,56,0.1111,0.0
0.35,0.0,0.45,0.7,0.2,0.0,0.0,0.0,0.0,0,0,17,58,0.0,0.0
0.35,0.0,0.45,0.7,0.3,0.0,0.0,0.0,0.0,0,0,17,58,0.0,0.0
0.35,0.0,0.6,0.3,0.1,0.3529,0.7059,0.4706,0.3793,12,22,5,36,0.5556,0.0
0.35,0.0,0.6,0.3,0.2,0.3871,0.7059,0.5,0.3276,12,19,5,39,0.5556,0.0
0.35,0.0,0.6,0.3,0.3,0.4,0.5882,0.4762,0.2586,10,15,7,43,0.5556,0.0
0.35,0.0,0.6,0.4,0.1,0.3871,0.7059,0.5,0.3276,12,19,5,39,0.5556,0.0
0.35,0.0,0.6,0.4,0.2,0.44,0.6471,0.5238,0.2414,11,14,6,44,0.5556,0.0
0.35,0.0,0.6,0.4,0.3,0.45,0.5294,0.4865,0.1897,9,11,8,47,0.5556,0.0
0.35,0.0,0.6,0.5,0.1,0.4,0.7059,0.5106,0.3103,12,18,5,40,0.5556,0.0
0.35,0.0,0.6,0.5,0.2,0.4545,0.5882,0.5128,0.2069,10,12,7,46,0.5556,0.0
0.35,0.0,0.6,0.5,0.3,0.4211,0.4706,0.4444,0.1897,8,11,9,47,0.5556,0.0
0.35,0.0,0.6,0.6,0.1,0.4444,0.7059,0.5455,0.2586,12,15,5,43,0.5556,0.0
0.35,0.0,0.6,0.6,0.2,0.5,0.5294,0.5143,0.1552,9,9,8,49,0.5556,0.0
0.35,0.0,0.6,0.6,0.3,0.5,0.4706,0.4848,0.1379,8,8,9,50,0.5556,0.0
0.35,0.0,0.6,0.7,0.1,0.0,0.0,0.0,0.0345,0,2,17,56,0.1111,0.0
0.35,0.0,0.6,0.7,0.2,0.0,0.0,0.0,0.0345,0,2,17,56,0.1111,0.0
0.35,0.0,0.6,0.7,0.3,0.0,0.0,0.0,0.0172,0,1,17,57,0.1111,0.0
0.35,0.0,0.8,0.3,0.1,0.3529,0.7059,0.4706,0.3793,12,22,5,36,0.5556,0.0
0.35,0.0,0.8,0.3,0.2,0.375,0.7059,0.4898,0.3448,12,20,5,38,0.5556,0.0
0.35,0.0,0.8,0.3,0.3,0.3846,0.5882,0.4651,0.2759,10,16,7,42,0.5556,0.0
0.35,0.0,0.8,0.4,0.1,0.3636,0.7059,0.48,0.3621,12,21,5,37,0.5556,0.0
0.35,0.0,0.8,0.4,0.2,0.4074,0.6471,0.5,0.2759,11,16,6,42,0.5556,0.0
0.35,0.0,0.8,0.4,0.3,0.4091,0.5294,0.4615,0.2241,9,13,8,45,0.5556,0.0
0.35,0.0,0.8,0.5,0.1,0.4,0.7059,0.5106,0.3103,12,18,5,40,0.5556,0.0
0.35,0.0,0.8,0.5,0.2,0.4545,0.5882,0.5128,0.2069,10,12,7,46,0.5556,0.0
0.35,0.0,0.8,0.5,0.3,0.4211,0.4706,0.4444,0.1897,8,11,9,47,0.5556,0.0
0.35,0.0,0.8,0.6,0.1,0.4138,0.7059,0.5217,0.2931,12,17,5,41,0.5556,0.0
0.35,0.0,0.8,0.6,0.2,0.45,0.5294,0.4865,0.1897,9,11,8,47,0.5556,0.0
0.35,0.0,0.8,0.6,0.3,0.4444,0.4706,0.4571,0.1724,8,10,9,48,0.5556,0.0
0.35,0.0,0.8,0.7,0.1,0.0,0.0,0.0,0.1379,0,8,17,50,0.5556,0.0
0.35,0.0,0.8,0.7,0.2,0.0,0.0,0.0,0.1379,0,8,17,50,0.5556,0.0
0.35,0.0,0.8,0.7,0.3,0.0,0.0,0.0,0.1379,0,8,17,50,0.5556,0.0
0.35,0.0,1.0,0.3,0.1,0.3529,0.7059,0.4706,0.3793,12,22,5,36,0.5556,0.0
0.35,0.0,1.0,0.3,0.2,0.375,0.7059,0.4898,0.3448,12,20,5,38,0.5556,0.0
0.35,0.0,1.0,0.3,0.3,0.3846,0.5882,0.4651,0.2759,10,16,7,42,0.5556,0.0
0.35,0.0,1.0,0.4,0.1,0.3636,0.7059,0.48,0.3621,12,21,5,37,0.5556,0.0
0.35,0.0,1.0,0.4,0.2,0.4074,0.6471,0.5,0.2759,11,16,6,42,0.5556,0.0
0.35,0.0,1.0,0.4,0.3,0.4091,0.5294,0.4615,0.2241,9,13,8,45,0.5556,0.0
0.35,0.0,1.0,0.5,0.1,0.375,0.7059,0.4898,0.3448,12,20,5,38,0.5556,0.0
0.35,0.0,1.0,0.5,0.2,0.4167,0.5882,0.4878,0.2414,10,14,7,44,0.5556,0.0
0.35,0.0,1.0,0.5,0.3,0.381,0.4706,0.4211,0.2241,8,13,9,45,0.5556,0.0
0.35,0.0,1.0,0.6,0.1,0.4138,0.7059,0.5217,0.2931,12,17,5,41,0.5556,0.0
0.35,0.0,1.0,0.6,0.2,0.45,0.5294,0.4865,0.1897,9,11,8,47,0.5556,0.0
0.35,0.0,1.0,0.6,0.3,0.4444,0.4706,0.4571,0.1724,8,10,9,48,0.5556,0.0
0.35,0.0,1.0,0.7,0.1,0.0,0.0,0.0,0.1379,0,8,17,50,0.5556,0.0
0.35,0.0,1.0,0.7,0.2,0.0,0.0,0.0,0.1379,0,8,17,50,0.5556,0.0
0.35,0.0,1.0,0.7,0.3,0.0,0.0,0.0,0.1379,0,8,17,50,0.5556,0.0
0.35,0.05,0.2,0.3,0.1,0.4615,0.7059,0.5581,0.2414,12,14,5,44,0.1111,0.0
0.35,0.05,0.2,0.3,0.2,0.5,0.6471,0.5641,0.1897,11,11,6,47,0.1111,0.0
0.35,0.05,0.2,0.3,0.3,0.625,0.5882,0.6061,0.1034,10,6,7,52,0.1111,0.0
0.35,0.05,0.2,0.4,0.1,0.48,0.7059,0.5714,0.2241,12,13,5,45,0.1111,0.0
0.35,0.05,0.2,0.4,0.2,0.5556,0.5882,0.5714,0.1379,10,8,7,50,0.1111,0.0
0.35,0.05,0.2,0.4,0.3,0.6429,0.5294,0.5806,0.0862,9,5,8,53,0.1111,0.0
0.35,0.05,0.2,0.5,0.1,0.5,0.7059,0.5854,0.2069,12,12,5,46,0.1111,0.0
0.35,0.05,0.2,0.5,0.2,0.625,0.5882,0.6061,0.1034,10,6,7,52,0.1111,0.0
0.35,0.05,0.2,0.5,0.3,0.8,0.4706,0.5926,0.0345,8,2,9,56,0.0,0.0
0.35,0.05,0.2,0.6,0.1,0.5,0.6471,0.5641,0.1897,11,11,6,47,0.1111,0.0
0.35,0.05,0.2,0.6,0.2,0.75,0.5294,0.6207,0.0517,9,3,8,55,0.0,0.0
0.35,0.05,0.2,0.6,0.3,0.75,0.3529,0.48,0.0345,6,2,11,56,0.0,0.0
0.35,0.05,0.2,0.7,0.1,0.0,0.0,0.0,0.0345,0,2,17,56,0.1111,0.0
0.35,0.05,0.2,0.7,0.2,0.0,0.0,0.0,0.0,0,0,17,58,0.0,0.0
0.35,0.05,0.2,0.7,0.3,0.0,0.0,0.0,0.0,0,0,17,58,0.0,0.0
0.35,0.05,0.35,0.3,0.1,0.375,0.7059,0.4898,0.3448,12,20,5,38,0.5556,0.0
0.35,0.05,0.35,0.3,0.2,0.3929,0.6471,0.4889,0.2931,11,17,6,41,0.5556,0.0
0.35,0.05,0.35,0.3,0.3,0.4545,0.5882,0.5128,0.2069,10,12,7,46,0.5556,0.0
0.35,0.05,0.35,0.4,0.1,0.48,0.7059,0.5714,0.2241,12,13,5,45,0.1111,0.0
0.35,0.05,0.35,0.4,0.2,0.5556,0.5882,0.5714,0.1379,10,8,7,50,0.1111,0.0
0.35,0.05,0.35,0.4,0.3,0.6429,0.5294,0.5806,0.0862,9,5,8,53,0.1111,0.0
0.35,0.05,0.35,0.5,0.1,0.5,0.7059,0.5854,0.2069,12,12,5,46,0.1111,0.0
0.35,0.05,0.35,0.5,0.2,0.625,0.5882,0.6061,0.1034,10,6,7,52,0.1111,0.0
0.35,0.05,0.35,0.5,0.3,0.6667,0.4706,0.5517,0.069,8,4,9,54,0.1111,0.0
0.35,0.05,0.35,0.6,0.1,0.5,0.6471,0.5641,0.1897,11,11,6,47,0.1111,0.0
0.35,0.05,0.35,0.6,0.2,0.6429,0.5294,0.5806,0.0862,9,5,8,53,0.1111,0.0
0.35,0.05,0.35,0.6,0.3,0.75,0.3529,0.48,0.0345,6,2,11,56,0.0,0.0
0.35,0.05,0.35,0.7,0.1,0.0,0.0,0.0,0.0345,0,2,17,56,0.1111,0.0
0.35,0.05,0.35,0.7,0.2,0.0,0.0,0.0,0.0,0,0,17,58,0.0,0.0
0.35,0.05,0.35,0.7,0.3,0.0,0.0,0.0,0.0,0,0,17,58,0.0,0.0
0.35,0.05,0.45,0.3,0.1,0.375,0.7059,0.4898,0.3448,12,20,5,38,0.5556,0.0
0.35,0.05,0.45,0.3,0.2,0.3929,0.6471,0.4889,0.2931,11,17,6,41,0.5556,0.0
0.35,0.05,0.45,0.3,0.3,0.4545,0.5882,0.5128,0.2069,10,12,7,46,0.5556,0.0
0.35,0.05,0.45,0.4,0.1,0.3871,0.7059,0.5,0.3276,12,19,5,39,0.5556,0.0
0.35,0.05,0.45,0.4,0.2,0.4167,0.5882,0.4878,0.2414,10,14,7,44,0.5556,0.0
0.35,0.05,0.45,0.4,0.3,0.45,0.5294,0.4865,0.1897,9,11,8,47,0.5556,0.0
0.35,0.05,0.45,0.5,0.1,0.5,0.7059,0.5854,0.2069,12,12,5,46,0.1111,0.0
0.35,0.05,0.45,0.5,0.2,0.625,0.5882,0.6061,0.1034,10,6,7,52,0.1111,0.0
0.35,0.05,0.45,0.5,0.3,0.6667,0.4706,0.5517,0.069,8,4,9,54,0.1111,0.0
0.35,0.05,0.45,0.6,0.1,0.5,0.6471,0.5641,0.1897,11,11,6,47,0.1111,0.0
0.35,0.05,0.45,0.6,0.2,0.6429,0.5294,0.5806,0.0862,9,5,8,53,0.1111,0.0
0.35,0.05,0.45,0.6,0.3,0.6667,0.3529,0.4615,0.0517,6,3,11,55,0.1111,0.0
0.35,0.05,0.45,0.7,0.1,0.0,0.0,0.0,0.0345,0,2,17,56,0.1111,0.0
0.35,0.05,0.45,0.7,0.2,0.0,0.0,0.0,0.0,0,0,17,58,0.0,0.0
0.35,0.05,0.45,0.7,0.3,0.0,0.0,0.0,0.0,0,0,17,58,0.0,0.0
0.35,0.05,0.6,0.3,0.1,0.3529,0.7059,0.4706,0.3793,12,22,5,36,0.5556,0.0
0.35,0.05,0.6,0.3,0.2,0.3667,0.6471,0.4681,0.3276,11,19,6,39,0.5556,0.0
0.35,0.05,0.6,0.3,0.3,0.4,0.5882,0.4762,0.2586,10,15,7,43,0.5556,0.0
0.35,0.05,0.6,0.4,0.1,0.3871,0.7059,0.5,0.3276,12,19,5,39,0.5556,0.0
0.35,0.05,0.6,0.4,0.2,0.4167,0.5882,0.4878,0.2414,10,14,7,44,0.5556,0.0
0.35,0.05,0.6,0.4,0.3,0.45,0.5294,0.4865,0.1897,9,11,8,47,0.5556,0.0
0.35,0.05,0.6,0.5,0.1,0.4,0.7059,0.5106,0.3103,12,18,5,40,0.5556,0.0
0.35,0.05,0.6,0.5,0.2,0.4545,0.5882,0.5128,0.2069,10,12,7,46,0.5556,0.0
0.35,0.05,0.6,0.5,0.3,0.4444,0.4706,0.4571,0.1724,8,10,9,48,0.5556,0.0
0.35,0.05,0.6,0.6,0.1,0.4231,0.6471,0.5116,0.2586,11,15,6,43,0.5556,0.0
0.35,0.05,0.6,0.6,0.2,0.5,0.5294,0.5143,0.1552,9,9,8,49,0.5556,0.0
0.35,0.05,0.6,0.6,0.3,0.4286,0.3529,0.3871,0.1379,6,8,11,50,0.5556,0.0
0.35,0.05,0.6,0.7,0.1,0.0,0.0,0.0,0.0345,0,2,17,56,0.1111,0.0
0.35,0.05,0.6,0.7,0.2,0.0,0.0,0.0,0.0345,0,2,17,56,0.1111,0.0
0.35,0.05,0.6,0.7,0.3,0.0,0.0,0.0,0.0172,0,1,17,57,0.1111,0.0
0.35,0.05,0.8,0.3,0.1,0.3529,0.7059,0.4706,0.3793,12,22,5,36,0.5556,0.0
0.35,0.05,0.8,0.3,0.2,0.3548,0.6471,0.4583,0.3448,11,20,6,38,0.5556,0.0
0.35,0.05,0.8,0.3,0.3,0.3846,0.5882,0.4651,0.2759,10,16,7,42,0.5556,0.0
0.35,0.05,0.8,0.4,0.1,0.3636,0.7059,0.48,0.3621,12,21,5,37,0.5556,0.0
0.35,0.05,0.8,0.4,0.2,0.3846,0.5882,0.4651,0.2759,10,16,7,42,0.5556,0.0
0.35,0.05,0.8,0.4,0.3,0.4091,0.5294,0.4615,0.2241,9,13,8,45,0.5556,0.0
0.35,0.05,0.8,0.5,0.1,0.4,0.7059,0.5106,0.3103,12,18,5,40,0.5556,0.0
0.35,0.05,0.8,0.5,0.2,0.4545,0.5882,0.5128,0.2069,10,12,7,46,0.5556,0.0
0.35,0.05,0.8,0.5,0.3,0.4444,0.4706,0.4571,0.1724,8,10,9,48,0.5556,0.0
0.35,0.05,0.8,0.6,0.1,0.3929,0.6471,0.4889,0.2931,11,17,6,41,0.5556,0.0
0.35,0.05,0.8,0.6,0.2,0.45,0.5294,0.4865,0.1897,9,11,8,47,0.5556,0.0
0.35,0.05,0.8,0.6,0.3,0.375,0.3529,0.3636,0.1724,6,10,11,48,0.5556,0.0
0.35,0.05,0.8,0.7,0.1,0.0,0.0,0.0,0.1379,0,8,17,50,0.5556,0.0
0.35,0.05,0.8,0.7,0.2,0.0,0.0,0.0,0.1379,0,8,17,50,0.5556,0.0
0.35,0.05,0.8,0.7,0.3,0.0,0.0,0.0,0.1379,0,8,17,50,0.5556,0.0
0.35,0.05,1.0,0.3,0.1,0.3529,0.7059,0.4706,0.3793,12,22,5,36,0.5556,0.0
0.35,0.05,1.0,0.3,0.2,0.3548,0.6471,0.4583,0.3448,11,20,6,38,0.5556,0.0
0.35,0.05,1.0,0.3,0.3,0.3846,0.5882,0.4651,0.2759,10,16,7,42,0.5556,0.0
0.35,0.05,1.0,0.4,0.1,0.3636,0.7059,0.48,0.3621,12,21,5,37,0.5556,0.0
0.35,0.05,1.0,0.4,0.2,0.3846,0.5882,0.4651,0.2759,10,16,7,42,0.5556,0.0
0.35,0.05,1.0,0.4,0.3,0.4091,0.5294,0.4615,0.2241,9,13,8,45,0.5556,0.0
0.35,0.05,1.0,0.5,0.1,0.375,0.7059,0.4898,0.3448,12,20,5,38,0.5556,0.0
0.35,0.05,1.0,0.5,0.2,0.4167,0.5882,0.4878,0.2414,10,14,7,44,0.5556,0.0
0.35,0.05,1.0,0.5,0.3,0.4,0.4706,0.4324,0.2069,8,12,9,46,0.5556,0.0
0.35,0.05,1.0,0.6,0.1,0.3929,0.6471,0.4889,0.2931,11,17,6,41,0.5556,0.0
0.35,0.05,1.0,0.6,0.2,0.45,0.5294,0.4865,0.1897,9,11,8,47,0.5556,0.0
0.35,0.05,1.0,0.6,0.3,0.375,0.3529,0.3636,0.1724,6,10,11,48,0.5556,0.0
0.35,0.05,1.0,0.7,0.1,0.0,0.0,0.0,0.1379,0,8,17,50,0.5556,0.0
0.35,0.05,1.0,0.7,0.2,0.0,0.0,0.0,0.1379,0,8,17,50,0.5556,0.0
0.35,0.05,1.0,0.7,0.3,0.0,0.0,0.0,0.1379,0,8,17,50,0.5556,0.0
0.35,0.1,0.2,0.3,0.1,0.44,0.6471,0.5238,0.2414,11,14,6,44,0.1111,0.0
0.35,0.1,0.2,0.3,0.2,0.5,0.6471,0.5641,0.1897,11,11,6,47,0.1111,0.0
0.35,0.1,0.2,0.3,0.3,0.625,0.5882,0.6061,0.1034,10,6,7,52,0.1111,0.0
0.35,0.1,0.2,0.4,0.1,0.4583,0.6471,0.5366,0.2241,11,13,6,45,0.1111,0.0
0.35,0.1,0.2,0.4,0.2,0.5556,0.5882,0.5714,0.1379,10,8,7,50,0.1111,0.0
0.35,0.1,0.2,0.4,0.3,0.6923,0.5294,0.6,0.069,9,4,8,54,0.1111,0.0
0.35,0.1,0.2,0.5,0.1,0.4783,0.6471,0.55,0.2069,11,12,6,46,0.1111,0.0
0.35,0.1,0.2,0.5,0.2,0.625,0.5882,0.6061,0.1034,10,6,7,52,0.1111,0.0
0.35,0.1,0.2,0.5,0.3,0.75,0.3529,0.48,0.0345,6,2,11,56,0.0,0.0
0.35,0.1,0.2,0.6,0.1,0.5,0.6471,0.5641,0.1897,11,11,6,47,0.1111,0.0
0.35,0.1,0.2,0.6,0.2,0.8182,0.5294,0.6429,0.0345,9,2,8,56,0.0,0.0
0.35,0.1,0.2,0.6,0.3,0.6667,0.2353,0.3478,0.0345,4,2,13,56,0.0,0.0
0.35,0.1,0.2,0.7,0.1,0.0,0.0,0.0,0.0345,0,2,17,56,0.1111,0.0
0.35,0.1,0.2,0.7,0.2,0.0,0.0,0.0,0.0,0,0,17,58,0.0,0.0
0.35,0.1,0.2,0.7,0.3,0.0,0.0,0.0,0.0,0,0,17,58,0.0,0.0
0.35,0.1,0.35,0.3,0.1,0.3548,0.6471,0.4583,0.3448,11,20,6,38,0.5556,0.0
0.35,0.1,0.35,0.3,0.2,0.3929,0.6471,0.4889,0.2931,11,17,6,41,0.5556,0.0
0.35,0.1,0.35,0.3,0.3,0.4545,0.5882,0.5128,0.2069,10,12,7,46,0.5556,0.0
0.35,0.1,0.35,0.4,0.1,0.4583,0.6471,0.5366,0.2241,11,13,6,45,0.1111,0.0
0.35,0.1,0.35,0.4,0.2,0.5556,0.5882,0.5714,0.1379,10,8,7,50,0.1111,0.0
0.35,0.1,0.35,0.4,0.3,0.6923,0.5294,0.6,0.069,9,4,8,54,0.1111,0.0
0.35,0.1,0.35,0.5,0.1,0.4783,0.6471,0.55,0.2069,11,12,6,46,0.1111,0.0
0.35,0.1,0.35,0.5,0.2,0.625,0.5882,0.6061,0.1034,10,6,7,52,0.1111,0.0
0.35,0.1,0.35,0.5,0.3,0.6,0.3529,0.4444,0.069,6,4,11,54,0.1111,0.0
0.35,0.1,0.35,0.6,0.1,0.5,0.6471,0.5641,0.1897,11,11,6,47,0.1111,0.0
0.35,0.1,0.35,0.6,0.2,0.6923,0.5294,0.6,0.069,9,4,8,54,0.1111,0.0
0.35,0.1,0.35,0.6,0.3,0.6667,0.2353,0.3478,0.0345,4,2,13,56,0.0,0.0
0.35,0.1,0.35,0.7,0.1,0.0,0.0,0.0,0.0345,0,2,17,56,0.1111,0.0
0.35,0.1,0.35,0.7,0.2,0.0,0.0,0.0,0.0,0,0,17,58,0.0,0.0
0.35,0.1,0.35,0.7,0.3,0.0,0.0,0.0,0.0,0,0,17,58,0.0,0.0
0.35,0.1,0.45,0.3,0.1,0.3548,0.6471,0.4583,0.3448,11,20,6,38,0.5556,0.0
0.35,0.1,0.45,0.3,0.2,0.3929,0.6471,0.4889,0.2931,11,17,6,41,0.5556,0.0
0.35,0.1,0.45,0.3,0.3,0.4545,0.5882,0.5128,0.2069,10,12,7,46,0.5556,0.0
0.35,0.1,0.45,0.4,0.1,0.3667,0.6471,0.4681,0.3276,11,19,6,39,0.5556,0.0
0.35,0.1,0.45,0.4,0.2,0.4167,0.5882,0.4878,0.2414,10,14,7,44,0.5556,0.0
0.35,0.1,0.45,0.4,0.3,0.4737,0.5294,0.5,0.1724,9,10,8,48,0.5556,0.0
0.35,0.1,0.45,0.5,0.1,0.4783,0.6471,0.55,0.2069,11,12,6,46,0.1111,0.0
0.35,0.1,0.45,0.5,0.2,0.625,0.5882,0.6061,0.1034,10,6,7,52,0.1111,0.0
0.35,0.1,0.45,0.5,0.3,0.6,0.3529,0.4444,0.069,6,4,11,54,0.1111,0.0
0.35,0.1,0.45,0.6,0.1,0.5,0.6471,0.5641,0.1897,11,11,6,47,0.1111,0.0
0.35,0.1,0.45,0.6,0.2,0.6923,0.5294,0.6,0.069,9,4,8,54,0.1111,0.0
0.35,0.1,0.45,0.6,0.3,0.5714,0.2353,0.3333,0.0517,4,3,13,55,0.1111,0.0
0.35,0.1,0.45,0.7,0.1,0.0,0.0,0.0,0.0345,0,2,17,56,0.1111,0.0
0.35,0.1,0.45,0.7,0.2,0.0,0.0,0.0,0.0,0,0,17,58,0.0,0.0
0.35,0.1,0.45,0.7,0.3,0.0,0.0,0.0,0.0,0,0,17,58,0.0,0.0
0.35,0.1,0.6,0.3,0.1,0.3333,0.6471,0.44,0.3793,11,22,6,36,0.5556,0.0
0.35,0.1,0.6,0.3,0.2,0.3667,0.6471,0.4681,0.3276,11,19,6,39,0.5556,0.0
0.35,0.1,0.6,0.3,0.3,0.4,0.5882,0.4762,0.2586,10,15,7,43,0.5556,0.0
0.35,0.1,0.6,0.4,0.1,0.3667,0.6471,0.4681,0.3276,11,19,6,39,0.5556,0.0
0.35,0.1,0.6,0.4,0.2,0.4167,0.5882,0.4878,0.2414,10,14,7,44,0.5556,0.0
0.35,0.1,0.6,0.4,0.3,0.4737,0.5294,0.5,0.1724,9,10,8,48,0.5556,0.0
0.35,0.1,0.6,0.5,0.1,0.3793,0.6471,0.4783,0.3103,11,18,6,40,0.5556,0.0
0.35,0.1,0.6,0.5,0.2,0.4545,0.5882,0.5128,0.2069,10,12,7,46,0.5556,0.0
0.35,0.1,0.6,0.5,0.3,0.375,0.3529,0.3636,0.1724,6,10,11,48,0.5556,0.0
0.35,0.1,0.6,0.6,0.1,0.4231,0.6471,0.5116,0.2586,11,15,6,43,0.5556,0.0
0.35,0.1,0.6,0.6,0.2,0.5294,0.5294,0.5294,0.1379,9,8,8,50,0.5556,0.0
0.35,0.1,0.6,0.6,0.3,0.3333,0.2353,0.2759,0.1379,4,8,13,50,0.5556,0.0
0.35,0.1,0.6,0.7,0.1,0.0,0.0,0.0,0.0345,0,2,17,56,0.1111,0.0
0.35,0.1,0.6,0.7,0.2,0.0,0.0,0.0,0.0345,0,2,17,56,0.1111,0.0
0.35,0.1,0.6,0.7,0.3,0.0,0.0,0.0,0.0172,0,1,17,57,0.1111,0.0
0.35,0.1,0.8,0.3,0.1,0.3333,0.6471,0.44,0.3793,11,22,6,36,0.5556,0.0
0.35,0.1,0.8,0.3,0.2,0.3548,0.6471,0.4583,0.3448,11,20,6,38,0.5556,0.0
0.35,0.1,0.8,0.3,0.3,0.3846,0.5882,0.4651,0.2759,10,16,7,42,0.5556,0.0
0.35,0.1,0.8,0.4,0.1,0.3438,0.6471,0.449,0.3621,11,21,6,37,0.5556,0.0
0.35,0.1,0.8,0.4,0.2,0.3846,0.5882,0.4651,0.2759,10,16,7,42,0.5556,0.0
0.35,0.1,0.8,0.4,0.3,0.4286,0.5294,0.4737,0.2069,9,12,8,46,0.5556,0.0
0.35,0.1,0.8,0.5,0.1,0.3793,0.6471,0.4783,0.3103,11,18,6,40,0.5556,0.0
0.35,0.1,0.8,0.5,0.2,0.4545,0.5882,0.5128,0.2069,10,12,7,46,0.5556,0.0
0.35,0.1,0.8,0.5,0.3,0.375,0.3529,0.3636,0.1724,6,10,11,48,0.5556,0.0
0.35,0.1,0.8,0.6,0.1,0.3929,0.6471,0.4889,0.2931,11,17,6,41,0.5556,0.0
0.35,0.1,0.8,0.6,0.2,0.4737,0.5294,0.5,0.1724,9,10,8,48,0.5556,0.0
0.35,0.1,0.8,0.6,0.3,0.2857,0.2353,0.2581,0.1724,4,10,13,48,0.5556,0.0
0.35,0.1,0.8,0.7,0.1,0.0,0.0,0.0,0.1379,0,8,17,50,0.5556,0.0
0.35,0.1,0.8,0.7,0.2,0.0,0.0,0.0,0.1379,0,8,17,50,0.5556,0.0
0.35,0.1,0.8,0.7,0.3,0.0,0.0,0.0,0.1379,0,8,17,50,0.5556,0.0
0.35,0.1,1.0,0.3,0.1,0.3333,0.6471,0.44,0.3793,11,22,6,36,0.5556,0.0
0.35,0.1,1.0,0.3,0.2,0.3548,0.6471,0.4583,0.3448,11,20,6,38,0.5556,0.0
0.35,0.1,1.0,0.3,0.3,0.3846,0.5882,0.4651,0.2759,10,16,7,42,0.5556,0.0
0.35,0.1,1.0,0.4,0.1,0.3438,0.6471,0.449,0.3621,11,21,6,37,0.5556,0.0
0.35,0.1,1.0,0.4,0.2,0.3846,0.5882,0.4651,0.2759,10,16,7,42,0.5556,0.0
0.35,0.1,1.0,0.4,0.3,0.4286,0.5294,0.4737,0.2069,9,12,8,46,0.5556,0.0
0.35,0.1,1.0,0.5,0.1,0.3548,0.6471,0.4583,0.3448,11,20,6,38,0.5556,0.0
0.35,0.1,1.0,0.5,0.2,0.4167,0.5882,0.4878,0.2414,10,14,7,44,0.5556,0.0
0.35,0.1,1.0,0.5,0.3,0.3333,0.3529,0.3429,0.2069,6,12,11,46,0.5556,0.0
0.35,0.1,1.0,0.6,0.1,0.3929,0.6471,0.4889,0.2931,11,17,6,41,0.5556,0.0
0.35,0.1,1.0,0.6,0.2,0.4737,0.5294,0.5,0.1724,9,10,8,48,0.5556,0.0
0.35,0.1,1.0,0.6,0.3,0.2857,0.2353,0.2581,0.1724,4,10,13,48,0.5556,0.0
0.35,0.1,1.0,0.7,0.1,0.0,0.0,0.0,0.1379,0,8,17,50,0.5556,0.0
0.35,0.1,1.0,0.7,0.2,0.0,0.0,0.0,0.1379,0,8,17,50,0.5556,0.0
0.35,0.1,1.0,0.7,0.3,0.0,0.0,0.0,0.1379,0,8,17,50,0.5556,0.0
0.35,0.15,0.2,0.3,0.1,0.44,0.6471,0.5238,0.2414,11,14,6,44,0.1111,0.0
0.35,0.15,0.2,0.3,0.2,0.5,0.6471,0.5641,0.1897,11,11,6,47,0.1111,0.0
0.35,0.15,0.2,0.3,0.3,0.6667,0.5882,0.625,0.0862,10,5,7,53,0.1111,0.0
0.35,0.15,0.2,0.4,0.1,0.4583,0.6471,0.5366,0.2241,11,13,6,45,0.1111,0.0
0.35,0.15,0.2,0.4,0.2,0.5556,0.5882,0.5714,0.1379,10,8,7,50,0.1111,0.0
0.35,0.15,0.2,0.4,0.3,0.6364,0.4118,0.5,0.069,7,4,10,54,0.1111,0.0
0.35,0.15,0.2,0.5,0.1,0.4783,0.6471,0.55,0.2069,11,12,6,46,0.1111,0.0
0.35,0.15,0.2,0.5,0.2,0.6429,0.5294,0.5806,0.0862,9,5,8,53,0.1111,0.0
0.35,0.15,0.2,0.5,0.3,0.6667,0.2353,0.3478,0.0345,4,2,13,56,0.0,0.0
0.35,0.15,0.2,0.6,0.1,0.5,0.6471,0.5641,0.1897,11,11,6,47,0.1111,0.0
0.35,0.15,0.2,0.6,0.2,0.7778,0.4118,0.5385,0.0345,7,2,10,56,0.0,0.0
0.35,0.15,0.2,0.6,0.3,0.5,0.1176,0.1905,0.0345,2,2,15,56,0.0,0.0
0.35,0.15,0.2,0.7,0.1,0.0,0.0,0.0,0.0345,0,2,17,56,0.1111,0.0
0.35,0.15,0.2,0.7,0.2,0.0,0.0,0.0,0.0,0,0,17,58,0.0,0.0
0.35,0.15,0.2,0.7,0.3,0.0,0.0,0.0,0.0,0,0,17,58,0.0,0.0
0.35,0.15,0.35,0.3,0.1,0.3548,0.6471,0.4583,0.3448,11,20,6,38,0.5556,0.0
0.35,0.15,0.35,0.3,0.2,0.3929,0.6471,0.4889,0.2931,11,17,6,41,0.5556,0.0
0.35,0.15,0.35,0.3,0.3,0.4762,0.5882,0.5263,0.1897,10,11,7,47,0.5556,0.0
0.35,0.15,0.35,0.4,0.1,0.4583,0.6471,0.5366,0.2241,11,13,6,45,0.1111,0.0
0.35,0.15,0.35,0.4,0.2,0.5556,0.5882,0.5714,0.1379,10,8,7,50,0.1111,0.0
0.35,0.15,0.35,0.4,0.3,0.6364,0.4118,0.5,0.069,7,4,10,54,0.1111,0.0
0.35,0.15,0.35,0.5,0.1,0.4783,0.6471,0.55,0.2069,11,12,6,46,0.1111,0.0
0.35,0.15,0.35,0.5,0.2,0.6429,0.5294,0.5806,0.0862,9,5,8,53,0.1111,0.0
0.35,0.15,0.35,0.5,0.3,0.5,0.2353,0.32,0.069,4,4,13,54,0.1111,0.0
0.35,0.15,0.35,0.6,0.1,0.5,0.6471,0.5641,0.1897,11,11,6,47,0.1111,0.0
0.35,0.15,0.35,0.6,0.2,0.6364,0.4118,0.5,0.069,7,4,10,54,0.1111,0.0
0.35,0.15,0.35,0.6,0.3,0.5,0.1176,0.1905,0.0345,2,2,15,56,0.0,0.0
0.35,0.15,0.35,0.7,0.1,0.0,0.0,0.0,0.0345,0,2,17,56,0.1111,0.0
0.35,0.15,0.35,0.7,0.2,0.0,0.0,0.0,0.0,0,0,17,58,0.0,0.0
0.35,0.15,0.35,0.7,0.3,0.0,0.0,0.0,0.0,0,0,17,58,0.0,0.0
0.35,0.15,0.45,0.3,0.1,0.3548,0.6471,0.4583,0.3448,11,20,6,38,0.5556,0.0
0.35,0.15,0.45,0.3,0.2,0.3929,0.6471,0.4889,0.2931,11,17,6,41,0.5556,0.0
0.35,0.15,0.45,0.3,0.3,0.4762,0.5882,0.5263,0.1897,10,11,7,47,0.5556,0.0
0.35,0.15,0.45,0.4,0.1,0.3667,0.6471,0.4681,0.3276,11,19,6,39,0.5556,0.0
0.35,0.15,0.45,0.4,0.2,0.4167,0.5882,0.4878,0.2414,10,14,7,44,0.5556,0.0
0.35,0.15,0.45,0.4,0.3,0.4118,0.4118,0.4118,0.1724,7,10,10,48,0.5556,0.0
0.35,0.15,0.45,0.5,0.1,0.4783,0.6471,0.55,0.2069,11,12,6,46,0.1111,0.0
0.35,0.15,0.45,0.5,0.2,0.6429,0.5294,0.5806,0.0862,9,5,8,53,0.1111,0.0
0.35,0.15,0.45,0.5,0.3,0.5,0.2353,0.32,0.069,4,4,13,54,0.1111,0.0
0.35,0.15,0.45,0.6,0.1,0.5,0.6471,0.5641,0.1897,11,11,6,47,0.1111,0.0
0.35,0.15,0.45,0.6,0.2,0.6364,0.4118,0.5,0.069,7,4,10,54,0.1111,0.0
0.35,0.15,0.45,0.6,0.3,0.4,0.1176,0.1818,0.0517,2,3,15,55,0.1111,0.0
0.35,0.15,0.45,0.7,0.1,0.0,0.0,0.0,0.0345,0,2,17,56,0.1111,0.0
0.35,0.15,0.45,0.7,0.2,0.0,0.0,0.0,0.0,0,0,17,58,0.0,0.0
0.35,0.15,0.45,0.7,0.3,0.0,0.0,0.0,0.0,0,0,17,58,0.0,0.0
0.35,0.15,0.6,0.3,0.1,0.3333,0.6471,0.44,0.3793,11,22,6,36,0.5556,0.0
0.35,0.15,0.6,0.3,0.2,0.3667,0.6471,0.4681,0.3276,11,19,6,39,0.5556,0.0
0.35,0.15,0.6,0.3,0.3,0.4167,0.5882,0.4878,0.2414,10,14,7,44,0.5556,0.0
0.35,0.15,0.6,0.4,0.1,0.3667,0.6471,0.4681,0.3276,11,19,6,39,0.5556,0.0
0.35,0.15,0.6,0.4,0.2,0.4167,0.5882,0.4878,0.2414,10,14,7,44,0.5556,0.0
0.35,0.15,0.6,0.4,0.3,0.4118,0.4118,0.4118,0.1724,7,10,10,48,0.5556,0.0
0.35,0.15,0.6,0.5,0.1,0.3793,0.6471,0.4783,0.3103,11,18,6,40,0.5556,0.0
0.35,0.15,0.6,0.5,0.2,0.45,0.5294,0.4865,0.1897,9,11,8,47,0.5556,0.0
0.35,0.15,0.6,0.5,0.3,0.2857,0.2353,0.2581,0.1724,4,10,13,48,0.5556,0.0
0.35,0.15,0.6,0.6,0.1,0.4231,0.6471,0.5116,0.2586,11,15,6,43,0.5556,0.0
0.35,0.15,0.6,0.6,0.2,0.4667,0.4118,0.4375,0.1379,7,8,10,50,0.5556,0.0
0.35,0.15,0.6,0.6,0.3,0.2,0.1176,0.1481,0.1379,2,8,15,50,0.5556,0.0
0.35,0.15,0.6,0.7,0.1,0.0,0.0,0.0,0.0345,0,2,17,56,0.1111,0.0
0.35,0.15,0.6,0.7,0.2,0.0,0.0,0.0,0.0345,0,2,17,56,0.1111,0.0
0.35,0.15,0.6,0.7,0.3,0.0,0.0,0.0,0.0172,0,1,17,57,0.1111,0.0
0.35,0.15,0.8,0.3,0.1,0.3333,0.6471,0.44,0.3793,11,22,6,36,0.5556,0.0
0.35,0.15,0.8,0.3,0.2,0.3548,0.6471,0.4583,0.3448,11,20,6,38,0.5556,0.0
0.35,0.15,0.8,0.3,0.3,0.4,0.5882,0.4762,0.2586,10,15,7,43,0.5556,0.0
0.35,0.15,0.8,0.4,0.1,0.3438,0.6471,0.449,0.3621,11,21,6,37,0.5556,0.0
0.35,0.15,0.8,0.4,0.2,0.3846,0.5882,0.4651,0.2759,10,16,7,42,0.5556,0.0
0.35,0.15,0.8,0.4,0.3,0.3684,0.4118,0.3889,0.2069,7,12,10,46,0.5556,0.0
0.35,0.15,0.8,0.5,0.1,0.3793,0.6471,0.4783,0.3103,11,18,6,40,0.5556,0.0
0.35,0.15,0.8,0.5,0.2,0.45,0.5294,0.4865,0.1897,9,11,8,47,0.5556,0.0
0.35,0.15,0.8,0.5,0.3,0.2857,0.2353,0.2581,0.1724,4,10,13,48,0.5556,0.0
0.35,0.15,0.8,0.6,0.1,0.3929,0.6471,0.4889,0.2931,11,17,6,41,0.5556,0.0
0.35,0.15,0.8,0.6,0.2,0.4118,0.4118,0.4118,0.1724,7,10,10,48,0.5556,0.0
0.35,0.15,0.8,0.6,0.3,0.1667,0.1176,0.1379,0.1724,2,10,15,48,0.5556,0.0
0.35,0.15,0.8,0.7,0.1,0.0,0.0,0.0,0.1379,0,8,17,50,0.5556,0.0
0.35,0.15,0.8,0.7,0.2,0.0,0.0,0.0,0.1379,0,8,17,50,0.5556,0.0
0.35,0.15,0.8,0.7,0.3,0.0,0.0,0.0,0.1379,0,8,17,50,0.5556,0.0
0.35,0.15,1.0,0.3,0.1,0.3333,0.6471,0.44,0.3793,11,22,6,36,0.5556,0.0
0.35,0.15,1.0,0.3,0.2,0.3548,0.6471,0.4583,0.3448,11,20,6,38,0.5556,0.0
0.35,0.15,1.0,0.3,0.3,0.4,0.5882,0.4762,0.2586,10,15,7,43,0.5556,0.0
0.35,0.15,1.0,0.4,0.1,0.3438,0.6471,0.449,0.3621,11,21,6,37,0.5556,0.0
0.35,0.15,1.0,0.4,0.2,0.3846,0.5882,0.4651,0.2759,10,16,7,42,0.5556,0.0
0.35,0.15,1.0,0.4,0.3,0.3684,0.4118,0.3889,0.2069,7,12,10,46,0.5556,0.0
0.35,0.15,1.0,0.5,0.1,0.3548,0.6471,0.4583,0.3448,11,20,6,38,0.5556,0.0
0.35,0.15,1.0,0.5,0.2,0.4091,0.5294,0.4615,0.2241,9,13,8,45,0.5556,0.0
0.35,0.15,1.0,0.5,0.3,0.25,0.2353,0.2424,0.2069,4,12,13,46,0.5556,0.0
0.35,0.15,1.0,0.6,0.1,0.3929,0.6471,0.4889,0.2931,11,17,6,41,0.5556,0.0
0.35,0.15,1.0,0.6,0.2,0.4118,0.4118,0.4118,0.1724,7,10,10,48,0.5556,0.0
0.35,0.15,1.0,0.6,0.3,0.1667,0.1176,0.1379,0.1724,2,10,15,48,0.5556,0.0
0.35,0.15,1.0,0.7,0.1,0.0,0.0,0.0,0.1379,0,8,17,50,0.5556,0.0
0.35,0.15,1.0,0.7,0.2,0.0,0.0,0.0,0.1379,0,8,17,50,0.5556,0.0
0.35,0.15,1.0,0.7,0.3,0.0,0.0,0.0,0.1379,0,8,17,50,0.5556,0.0
0.35,0.2,0.2,0.3,0.1,0.44,0.6471,0.5238,0.2414,11,14,6,44,0.1111,0.0
0.35,0.2,0.2,0.3,0.2,0.5238,0.6471,0.5789,0.1724,11,10,6,48,0.1111,0.0
0.35,0.2,0.2,0.3,0.3,0.6154,0.4706,0.5333,0.0862,8,5,9,53,0.1111,0.0
0.35,0.2,0.2,0.4,0.1,0.4583,0.6471,0.5366,0.2241,11,13,6,45,0.1111,0.0
0.35,0.2,0.2,0.4,0.2,0.5333,0.4706,0.5,0.1207,8,7,9,51,0.1111,0.0
0.35,0.2,0.2,0.4,0.3,0.5556,0.2941,0.3846,0.069,5,4,12,54,0.1111,0.0
0.35,0.2,0.2,0.5,0.1,0.4783,0.6471,0.55,0.2069,11,12,6,46,0.1111,0.0
0.35,0.2,0.2,0.5,0.2,0.5455,0.3529,0.4286,0.0862,6,5,11,53,0.1111,0.0
0.35,0.2,0.2,0.5,0.3,0.5,0.1176,0.1905,0.0345,2,2,15,56,0.0,0.0
0.35,0.2,0.2,0.6,0.1,0.5238,0.6471,0.5789,0.1724,11,10,6,48,0.1111,0.0
0.35,0.2,0.2,0.6,0.2,0.7143,0.2941,0.4167,0.0345,5,2,12,56,0.0,0.0
0.35,0.2,0.2,0.6,0.3,0.5,0.1176,0.1905,0.0345,2,2,15,56,0.0,0.0
0.35,0.2,0.2,0.7,0.1,0.0,0.0,0.0,0.0345,0,2,17,56,0.1111,0.0
0.35,0.2,0.2,0.7,0.2,0.0,0.0,0.0,0.0,0,0,17,58,0.0,0.0
0.35,0.2,0.2,0.7,0.3,0.0,0.0,0.0,0.0,0,0,17,58,0.0,0.0
0.35,0.2,0.35,0.3,0.1,0.3548,0.6471,0.4583,0.3448,11,20,6,38,0.5556,0.0
0.35,0.2,0.35,0.3,0.2,0.4074,0.6471,0.5,0.2759,11,16,6,42,0.5556,0.0
0.35,0.2,0.35,0.3,0.3,0.4211,0.4706,0.4444,0.1897,8,11,9,47,0.5556,0.0
0.35,0.2,0.35,0.4,0.1,0.4583,0.6471,0.5366,0.2241,11,13,6,45,0.1111,0.0
0.35,0.2,0.35,0.4,0.2,0.5333,0.4706,0.5,0.1207,8,7,9,51,0.1111,0.0
0.35,0.2,0.35,0.4,0.3,0.5556,0.2941,0.3846,0.069,5,4,12,54,0.1111,0.0
0.35,0.2,0.35,0.5,0.1,0.4783,0.6471,0.55,0.2069,11,12,6,46,0.1111,0.0
0.35,0.2,0.35,0.5,0.2,0.5455,0.3529,0.4286,0.0862,6,5,11,53,0.1111,0.0
0.35,0.2,0.35,0.5,0.3,0.3333,0.1176,0.1739,0.069,2,4,15,54,0.1111,0.0
0.35,0.2,0.35,0.6,0.1,0.5238,0.6471,0.5789,0.1724,11,10,6,48,0.1111,0.0
0.35,0.2,0.35,0.6,0.2,0.5556,0.2941,0.3846,0.069,5,4,12,54,0.1111,0.0
0.35,0.2,0.35,0.6,0.3,0.5,0.1176,0.1905,0.0345,2,2,15,56,0.0,0.0
0.35,0.2,0.35,0.7,0.1,0.0,0.0,0.0,0.0345,0,2,17,56,0.1111,0.0
0.35,0.2,0.35,0.7,0.2,0.0,0.0,0.0,0.0,0,0,17,58,0.0,0.0
0.35,0.2,0.35,0.7,0.3,0.0,0.0,0.0,0.0,0,0,17,58,0.0,0.0
0.35,0.2,0.45,0.3,0.1,0.3548,0.6471,0.4583,0.3448,11,20,6,38,0.5556,0.0
0.35,0.2,0.45,0.3,0.2,0.4074,0.6471,0.5,0.2759,11,16,6,42,0.5556,0.0
0.35,0.2,0.45,0.3,0.3,0.4211,0.4706,0.4444,0.1897,8,11,9,47,0.5556,0.0
0.35,0.2,0.45,0.4,0.1,0.3667,0.6471,0.4681,0.3276,11,19,6,39,0.5556,0.0
0.35,0.2,0.45,0.4,0.2,0.381,0.4706,0.4211,0.2241,8,13,9,45,0.5556,0.0
0.35,0.2,0.45,0.4,0.3,0.3333,0.2941,0.3125,0.1724,5,10,12,48,0.5556,0.0
0.35,0.2,0.45,0.5,0.1,0.4783,0.6471,0.55,0.2069,11,12,6,46,0.1111,0.0
0.35,0.2,0.45,0.5,0.2,0.5455,0.3529,0.4286,0.0862,6,5,11,53,0.1111,0.0
0.35,0.2,0.45,0.5,0.3,0.3333,0.1176,0.1739,0.069,2,4,15,54,0.1111,0.0
0.35,0.2,0.45,0.6,0.1,0.5238,0.6471,0.5789,0.1724,11,10,6,48,0.1111,0.0
0.35,0.2,0.45,0.6,0.2,0.5556,0.2941,0.3846,0.069,5,4,12,54,0.1111,0.0
0.35,0.2,0.45,0.6,0.3,0.4,0.1176,0.1818,0.0517,2,3,15,55,0.1111,0.0
0.35,0.2,0.45,0.7,0.1,0.0,0.0,0.0,0.0345,0,2,17,56,0.1111,0.0
0.35,0.2,0.45,0.7,0.2,0.0,0.0,0.0,0.0,0,0,17,58,0.0,0.0
0.35,0.2,0.45,0.7,0.3,0.0,0.0,0.0,0.0,0,0,17,58,0.0,0.0
0.35,0.2,0.6,0.3,0.1,0.3333,0.6471,0.44,0.3793,11,22,6,36,0.5556,0.0
0.35,0.2,0.6,0.3,0.2,0.3793,0.6471,0.4783,0.3103,11,18,6,40,0.5556,0.0
0.35,0.2,0.6,0.3,0.3,0.3636,0.4706,0.4103,0.2414,8,14,9,44,0.5556,0.0
0.35,0.2,0.6,0.4,0.1,0.3667,0.6471,0.4681,0.3276,11,19,6,39,0.5556,0.0
0.35,0.2,0.6,0.4,0.2,0.381,0.4706,0.4211,0.2241,8,13,9,45,0.5556,0.0
0.35,0.2,0.6,0.4,0.3,0.3333,0.2941,0.3125,0.1724,5,10,12,48,0.5556,0.0
0.35,0.2,0.6,0.5,0.1,0.3793,0.6471,0.4783,0.3103,11,18,6,40,0.5556,0.0
0.35,0.2,0.6,0.5,0.2,0.3529,0.3529,0.3529,0.1897,6,11,11,47,0.5556,0.0
0.35,0.2,0.6,0.5,0.3,0.1667,0.1176,0.1379,0.1724,2,10,15,48,0.5556,0.0
0.35,0.2,0.6,0.6,0.1,0.44,0.6471,0.5238,0.2414,11,14,6,44,0.5556,0.0
0.35,0.2,0.6,0.6,0.2,0.3846,0.2941,0.3333,0.1379,5,8,12,50,0.5556,0.0
0.35,0.2,0.6,0.6,0.3,0.2,0.1176,0.1481,0.1379,2,8,15,50,0.5556,0.0
0.35,0.2,0.6,0.7,0.1,0.0,0.0,0.0,0.0345,0,2,17,56,0.1111,0.0
0.35,0.2,0.6,0.7,0.2,0.0,0.0,0.0,0.0345,0,2,17,56,0.1111,0.0
0.35,0.2,0.6,0.7,0.3,0.0,0.0,0.0,0.0172,0,1,17,57,0.1111,0.0
0.35,0.2,0.8,0.3,0.1,0.3333,0.6471,0.44,0.3793,11,22,6,36,0.5556,0.0
0.35,0.2,0.8,0.3,0.2,0.3667,0.6471,0.4681,0.3276,11,19,6,39,0.5556,0.0
0.35,0.2,0.8,0.3,0.3,0.3478,0.4706,0.4,0.2586,8,15,9,43,0.5556,0.0
0.35,0.2,0.8,0.4,0.1,0.3438,0.6471,0.449,0.3621,11,21,6,37,0.5556,0.0
0.35,0.2,0.8,0.4,0.2,0.3478,0.4706,0.4,0.2586,8,15,9,43,0.5556,0.0
0.35,0.2,0.8,0.4,0.3,0.2941,0.2941,0.2941,0.2069,5,12,12,46,0.5556,0.0
0.35,0.2,0.8,0.5,0.1,0.3793,0.6471,0.4783,0.3103,11,18,6,40,0.5556,0.0
0.35,0.2,0.8,0.5,0.2,0.3529,0.3529,0.3529,0.1897,6,11,11,47,0.5556,0.0
0.35,0.2,0.8,0.5,0.3,0.1667,0.1176,0.1379,0.1724,2,10,15,48,0.5556,0.0
0.35,0.2,0.8,0.6,0.1,0.4074,0.6471,0.5,0.2759,11,16,6,42,0.5556,0.0
0.35,0.2,0.8,0.6,0.2,0.3333,0.2941,0.3125,0.1724,5,10,12,48,0.5556,0.0
0.35,0.2,0.8,0.6,0.3,0.1667,0.1176,0.1379,0.1724,2,10,15,48,0.5556,0.0
0.35,0.2,0.8,0.7,0.1,0.0,0.0,0.0,0.1379,0,8,17,50,0.5556,0.0
0.35,0.2,0.8,0.7,0.2,0.0,0.0,0.0,0.1379,0,8,17,50,0.5556,0.0
0.35,0.2,0.8,0.7,0.3,0.0,0.0,0.0,0.1379,0,8,17,50,0.5556,0.0
0.35,0.2,1.0,0.3,0.1,0.3333,0.6471,0.44,0.3793,11,22,6,36,0.5556,0.0
0.35,0.2,1.0,0.3,0.2,0.3667,0.6471,0.4681,0.3276,11,19,6,39,0.5556,0.0
0.35,0.2,1.0,0.3,0.3,0.3478,0.4706,0.4,0.2586,8,15,9,43,0.5556,0.0
0.35,0.2,1.0,0.4,0.1,0.3438,0.6471,0.449,0.3621,11,21,6,37,0.5556,0.0
0.35,0.2,1.0,0.4,0.2,0.3478,0.4706,0.4,0.2586,8,15,9,43,0.5556,0.0
0.35,0.2,1.0,0.4,0.3,0.2941,0.2941,0.2941,0.2069,5,12,12,46,0.5556,0.0
0.35,0.2,1.0,0.5,0.1,0.3548,0.6471,0.4583,0.3448,11,20,6,38,0.5556,0.0
0.35,0.2,1.0,0.5,0.2,0.3158,0.3529,0.3333,0.2241,6,13,11,45,0.5556,0.0
0.35,0.2,1.0,0.5,0.3,0.1429,0.1176,0.129,0.2069,2,12,15,46,0.5556,0.0
0.35,0.2,1.0,0.6,0.1,0.4074,0.6471,0.5,0.2759,11,16,6,42,0.5556,0.0
0.35,0.2,1.0,0.6,0.2,0.3333,0.2941,0.3125,0.1724,5,10,12,48,0.5556,0.0
0.35,0.2,1.0,0.6,0.3,0.1667,0.1176,0.1379,0.1724,2,10,15,48,0.5556,0.0
0.35,0.2,1.0,0.7,0.1,0.0,0.0,0.0,0.1379,0,8,17,50,0.5556,0.0
0.35,0.2,1.0,0.7,0.2,0.0,0.0,0.0,0.1379,0,8,17,50,0.5556,0.0
0.35,0.2,1.0,0.7,0.3,0.0,0.0,0.0,0.1379,0,8,17,50,0.5556,0.0
0.35,0.25,0.2,0.3,0.1,0.4583,0.6471,0.5366,0.2241,11,13,6,45,0.1111,0.0
0.35,0.25,0.2,0.3,0.2,0.4737,0.5294,0.5,0.1724,9,10,8,48,0.1111,0.0
0.35,0.25,0.2,0.3,0.3,0.5455,0.3529,0.4286,0.0862,6,5,11,53,0.1111,0.0
0.35,0.25,0.2,0.4,0.1,0.4545,0.5882,0.5128,0.2069,10,12,7,46,0.1111,0.0
0.35,0.25,0.2,0.4,0.2,0.4615,0.3529,0.4,0.1207,6,7,11,51,0.1111,0.0
0.35,0.25,0.2,0.4,0.3,0.4286,0.1765,0.25,0.069,3,4,14,54,0.1111,0.0
0.35,0.25,0.2,0.5,0.1,0.45,0.5294,0.4865,0.1897,9,11,8,47,0.1111,0.0
0.35,0.25,0.2,0.5,0.2,0.4444,0.2353,0.3077,0.0862,4,5,13,53,0.1111,0.0
0.35,0.25,0.2,0.5,0.3,0.5,0.1176,0.1905,0.0345,2,2,15,56,0.0,0.0
0.35,0.25,0.2,0.6,0.1,0.4737,0.5294,0.5,0.1724,9,10,8,48,0.1111,0.0
0.35,0.25,0.2,0.6,0.2,0.6,0.1765,0.2727,0.0345,3,2,14,56,0.0,0.0
0.35,0.25,0.2,0.6,0.3,0.5,0.1176,0.1905,0.0345,2,2,15,56,0.0,0.0
0.35,0.25,0.2,0.7,0.1,0.0,0.0,0.0,0.0345,0,2,17,56,0.1111,0.0
0.35,0.25,0.2,0.7,0.2,0.0,0.0,0.0,0.0,0,0,17,58,0.0,0.0
0.35,0.25,0.2,0.7,0.3,0.0,0.0,0.0,0.0,0,0,17,58,0.0,0.0
0.35,0.25,0.35,0.3,0.1,0.3667,0.6471,0.4681,0.3276,11,19,6,39,0.5556,0.0
0.35,0.25,0.35,0.3,0.2,0.36,0.5294,0.4286,0.2759,9,16,8,42,0.5556,0.0
0.35,0.25,0.35,0.3,0.3,0.3529,0.3529,0.3529,0.1897,6,11,11,47,0.5556,0.0
0.35,0.25,0.35,0.4,0.1,0.4545,0.5882,0.5128,0.2069,10,12,7,46,0.1111,0.0
0.35,0.25,0.35,0.4,0.2,0.4615,0.3529,0.4,0.1207,6,7,11,51,0.1111,0.0
0.35,0.25,0.35,0.4,0.3,0.4286,0.1765,0.25,0.069,3,4,14,54,0.1111,0.0
0.35,0.25,0.35,0.5,0.1,0.45,0.5294,0.4865,0.1897,9,11,8,47,0.1111,0.0
0.35,0.25,0.35,0.5,0.2,0.4444,0.2353,0.3077,0.0862,4,5,13,53,0.1111,0.0
0.35,0.25,0.35,0.5,0.3,0.3333,0.1176,0.1739,0.069,2,4,15,54,0.1111,0.0
0.35,0.25,0.35,0.6,0.1,0.4737,0.5294,0.5,0.1724,9,10,8,48,0.1111,0.0
0.35,0.25,0.35,0.6,0.2,0.4286,0.1765,0.25,0.069,3,4,14,54,0.1111,0.0
0.35,0.25,0.35,0.6,0.3,0.5,0.1176,0.1905,0.0345,2,2,15,56,0.0,0.0
0.35,0.25,0.35,0.7,0.1,0.0,0.0,0.0,0.0345,0,2,17,56,0.1111,0.0
0.35,0.25,0.35,0.7,0.2,0.0,0.0,0.0,0.0,0,0,17,58,0.0,0.0
0.35,0.25,0.35,0.7,0.3,0.0,0.0,0.0,0.0,0,0,17,58,0.0,0.0
0.35,0.25,0.45,0.3,0.1,0.3667,0.6471,0.4681,0.3276,11,19,6,39,0.5556,0.0
0.35,0.25,0.45,0.3,0.2,0.36,0.5294,0.4286,0.2759,9,16,8,42,0.5556,0.0
0.35,0.25,0.45,0.3,0.3,0.3529,0.3529,0.3529,0.1897,6,11,11,47,0.5556,0.0
0.35,0.25,0.45,0.4,0.1,0.3571,0.5882,0.4444,0.3103,10,18,7,40,0.5556,0.0
0.35,0.25,0.45,0.4,0.2,0.3158,0.3529,0.3333,0.2241,6,13,11,45,0.5556,0.0
0.35,0.25,0.45,0.4,0.3,0.2308,0.1765,0.2,0.1724,3,10,14,48,0.5556,0.0
0.35,0.25,0.45,0.5,0.1,0.45,0.5294,0.4865,0.1897,9,11,8,47,0.1111,0.0
0.35,0.25,0.45,0.5,0.2,0.4444,0.2353,0.3077,0.0862,4,5,13,53,0.1111,0.0
0.35,0.25,0.45,0.5,0.3,0.3333,0.1176,0.1739,0.069,2,4,15,54,0.1111,0.0
0.35,0.25,0.45,0.6,0.1,0.4737,0.5294,0.5,0.1724,9,10,8,48,0.1111,0.0
0.35,0.25,0.45,0.6,0.2,0.4286,0.1765,0.25,0.069,3,4,14,54,0.1111,0.0
0.35,0.25,0.45,0.6,0.3,0.4,0.1176,0.1818,0.0517,2,3,15,55,0.1111,0.0
0.35,0.25,0.45,0.7,0.1,0.0,0.0,0.0,0.0345,0,2,17,56,0.1111,0.0
0.35,0.25,0.45,0.7,0.2,0.0,0.0,0.0,0.0,0,0,17,58,0.0,0.0
0.35,0.25,0.45,0.7,0.3,0.0,0.0,0.0,0.0,0,0,17,58,0.0,0.0
0.35,0.25,0.6,0.3,0.1,0.3438,0.6471,0.449,0.3621,11,21,6,37,0.5556,0.0
0.35,0.25,0.6,0.3,0.2,0.3333,0.5294,0.4091,0.3103,9,18,8,40,0.5556,0.0
0.35,0.25,0.6,0.3,0.3,0.3,0.3529,0.3243,0.2414,6,14,11,44,0.5556,0.0
0.35,0.25,0.6,0.4,0.1,0.3571,0.5882,0.4444,0.3103,10,18,7,40,0.5556,0.0
0.35,0.25,0.6,0.4,0.2,0.3158,0.3529,0.3333,0.2241,6,13,11,45,0.5556,0.0
0.35,0.25,0.6,0.4,0.3,0.2308,0.1765,0.2,0.1724,3,10,14,48,0.5556,0.0
0.35,0.25,0.6,0.5,0.1,0.3462,0.5294,0.4186,0.2931,9,17,8,41,0.5556,0.0
0.35,0.25,0.6,0.5,0.2,0.2667,0.2353,0.25,0.1897,4,11,13,47,0.5556,0.0
0.35,0.25,0.6,0.5,0.3,0.1667,0.1176,0.1379,0.1724,2,10,15,48,0.5556,0.0
0.35,0.25,0.6,0.6,0.1,0.3913,0.5294,0.45,0.2414,9,14,8,44,0.5556,0.0
0.35,0.25,0.6,0.6,0.2,0.2727,0.1765,0.2143,0.1379,3,8,14,50,0.5556,0.0
0.35,0.25,0.6,0.6,0.3,0.2,0.1176,0.1481,0.1379,2,8,15,50,0.5556,0.0
0.35,0.25,0.6,0.7,0.1,0.0,0.0,0.0,0.0345,0,2,17,56,0.1111,0.0
0.35,0.25,0.6,0.7,0.2,0.0,0.0,0.0,0.0345,0,2,17,56,0.1111,0.0
0.35,0.25,0.6,0.7,0.3,0.0,0.0,0.0,0.0172,0,1,17,57,0.1111,0.0
0.35,0.25,0.8,0.3,0.1,0.3438,0.6471,0.449,0.3621,11,21,6,37,0.5556,0.0
0.35,0.25,0.8,0.3,0.2,0.3214,0.5294,0.4,0.3276,9,19,8,39,0.5556,0.0
0.35,0.25,0.8,0.3,0.3,0.2857,0.3529,0.3158,0.2586,6,15,11,43,0.5556,0.0
0.35,0.25,0.8,0.4,0.1,0.3333,0.5882,0.4255,0.3448,10,20,7,38,0.5556,0.0
0.35,0.25,0.8,0.4,0.2,0.2857,0.3529,0.3158,0.2586,6,15,11,43,0.5556,0.0
0.35,0.25,0.8,0.4,0.3,0.2,0.1765,0.1875,0.2069,3,12,14,46,0.5556,0.0
0.35,0.25,0.8,0.5,0.1,0.3462,0.5294,0.4186,0.2931,9,17,8,41,0.5556,0.0
0.35,0.25,0.8,0.5,0.2,0.2667,0.2353,0.25,0.1897,4,11,13,47,0.5556,0.0
0.35,0.25,0.8,0.5,0.3,0.1667,0.1176,0.1379,0.1724,2,10,15,48,0.5556,0.0
0.35,0.25,0.8,0.6,0.1,0.36,0.5294,0.4286,0.2759,9,16,8,42,0.5556,0.0
0.35,0.25,0.8,0.6,0.2,0.2308,0.1765,0.2,0.1724,3,10,14,48,0.5556,0.0
0.35,0.25,0.8,0.6,0.3,0.1667,0.1176,0.1379,0.1724,2,10,15,48,0.5556,0.0
0.35,0.25,0.8,0.7,0.1,0.0,0.0,0.0,0.1379,0,8,17,50,0.5556,0.0
0.35,0.25,0.8,0.7,0.2,0.0,0.0,0.0,0.1379,0,8,17,50,0.5556,0.0
0.35,0.25,0.8,0.7,0.3,0.0,0.0,0.0,0.1379,0,8,17,50,0.5556,0.0
0.35,0.25,1.0,0.3,0.1,0.3438,0.6471,0.449,0.3621,11,21,6,37,0.5556,0.0
0.35,0.25,1.0,0.3,0.2,0.3214,0.5294,0.4,0.3276,9,19,8,39,0.5556,0.0
0.35,0.25,1.0,0.3,0.3,0.2857,0.3529,0.3158,0.2586,6,15,11,43,0.5556,0.0
0.35,0.25,1.0,0.4,0.1,0.3333,0.5882,0.4255,0.3448,10,20,7,38,0.5556,0.0
0.35,0.25,1.0,0.4,0.2,0.2857,0.3529,0.3158,0.2586,6,15,11,43,0.5556,0.0
0.35,0.25,1.0,0.4,0.3,0.2,0.1765,0.1875,0.2069,3,12,14,46,0.5556,0.0
0.35,0.25,1.0,0.5,0.1,0.3214,0.5294,0.4,0.3276,9,19,8,39,0.5556,0.0
0.35,0.25,1.0,0.5,0.2,0.2353,0.2353,0.2353,0.2241,4,13,13,45,0.5556,0.0
0.35,0.25,1.0,0.5,0.3,0.1429,0.1176,0.129,0.2069,2,12,15,46,0.5556,0.0
0.35,0.25,1.0,0.6,0.1,0.36,0.5294,0.4286,0.2759,9,16,8,42,0.5556,0.0
0.35,0.25,1.0,0.6,0.2,0.2308,0.1765,0.2,0.1724,3,10,14,48,0.5556,0.0
0.35,0.25,1.0,0.6,0.3,0.1667,0.1176,0.1379,0.1724,2,10,15,48,0.5556,0.0
0.35,0.25,1.0,0.7,0.1,0.0,0.0,0.0,0.1379,0,8,17,50,0.5556,0.0
0.35,0.25,1.0,0.7,0.2,0.0,0.0,0.0,0.1379,0,8,17,50,0.5556,0.0
0.35,0.25,1.0,0.7,0.3,0.0,0.0,0.0,0.1379,0,8,17,50,0.5556,0.0
0.4,0.0,0.2,0.3,0.1,0.4444,0.7059,0.5455,0.2586,12,15,5,43,0.1111,0.0
0.4,0.0,0.2,0.3,0.2,0.4615,0.7059,0.5581,0.2414,12,14,5,44,0.1111,0.0
0.4,0.0,0.2,0.3,0.3,0.5,0.6471,0.5641,0.1897,11,11,6,47,0.1111,0.0
0.4,0.0,0.2,0.4,0.1,0.4444,0.7059,0.5455,0.2586,12,15,5,43,0.1111,0.0
0.4,0.0,0.2,0.4,0.2,0.5,0.7059,0.5854,0.2069,12,12,5,46,0.1111,0.0
0.4,0.0,0.2,0.4,0.3,0.625,0.5882,0.6061,0.1034,10,6,7,52,0.1111,0.0
0.4,0.0,0.2,0.5,0.1,0.4615,0.7059,0.5581,0.2414,12,14,5,44,0.1111,0.0
0.4,0.0,0.2,0.5,0.2,0.4762,0.5882,0.5263,0.1897,10,11,7,47,0.1111,0.0
0.4,0.0,0.2,0.5,0.3,0.6429,0.5294,0.5806,0.0862,9,5,8,53,0.1111,0.0
0.4,0.0,0.2,0.6,0.1,0.4615,0.7059,0.5581,0.2414,12,14,5,44,0.1111,0.0
0.4,0.0,0.2,0.6,0.2,0.625,0.5882,0.6061,0.1034,10,6,7,52,0.1111,0.0
0.4,0.0,0.2,0.6,0.3,0.8,0.4706,0.5926,0.0345,8,2,9,56,0.0,0.0
0.4,0.0,0.2,0.7,0.1,0.0,0.0,0.0,0.0345,0,2,17,56,0.1111,0.0
0.4,0.0,0.2,0.7,0.2,0.0,0.0,0.0,0.0345,0,2,17,56,0.1111,0.0
0.4,0.0,0.2,0.7,0.3,0.0,0.0,0.0,0.0,0,0,17,58,0.0,0.0
0.4,0.0,0.35,0.3,0.1,0.3529,0.7059,0.4706,0.3793,12,22,5,36,0.5556,0.0
0.4,0.0,0.35,0.3,0.2,0.375,0.7059,0.4898,0.3448,12,20,5,38,0.5556,0.0
0.4,0.0,0.35,0.3,0.3,0.3929,0.6471,0.4889,0.2931,11,17,6,41,0.5556,0.0
0.4,0.0,0.35,0.4,0.1,0.4444,0.7059,0.5455,0.2586,12,15,5,43,0.1111,0.0
0.4,0.0,0.35,0.4,0.2,0.5,0.7059,0.5854,0.2069,12,12,5,46,0.1111,0.0
0.4,0.0,0.35,0.4,0.3,0.625,0.5882,0.6061,0.1034,10,6,7,52,0.1111,0.0
0.4,0.0,0.35,0.5,0.1,0.4615,0.7059,0.5581,0.2414,12,14,5,44,0.1111,0.0
0.4,0.0,0.35,0.5,0.2,0.4762,0.5882,0.5263,0.1897,10,11,7,47,0.1111,0.0
0.4,0.0,0.35,0.5,0.3,0.6429,0.5294,0.5806,0.0862,9,5,8,53,0.1111,0.0
0.4,0.0,0.35,0.6,0.1,0.4615,0.7059,0.5581,0.2414,12,14,5,44,0.1111,0.0
0.4,0.0,0.35,0.6,0.2,0.625,0.5882,0.6061,0.1034,10,6,7,52,0.1111,0.0
0.4,0.0,0.35,0.6,0.3,0.6667,0.4706,0.5517,0.069,8,4,9,54,0.1111,0.0
0.4,0.0,0.35,0.7,0.1,0.0,0.0,0.0,0.0345,0,2,17,56,0.1111,0.0
0.4,0.0,0.35,0.7,0.2,0.0,0.0,0.0,0.0345,0,2,17,56,0.1111,0.0
0.4,0.0,0.35,0.7,0.3,0.0,0.0,0.0,0.0,0,0,17,58,0.0,0.0
0.4,0.0,0.45,0.3,0.1,0.3529,0.7059,0.4706,0.3793,12,22,5,36,0.5556,0.0
0.4,0.0,0.45,0.3,0.2,0.3636,0.7059,0.48,0.3621,12,21,5,37,0.5556,0.0
0.4,0.0,0.45,0.3,0.3,0.3929,0.6471,0.4889,0.2931,11,17,6,41,0.5556,0.0
0.4,0.0,0.45,0.4,0.1,0.3636,0.7059,0.48,0.3621,12,21,5,37,0.5556,0.0
0.4,0.0,0.45,0.4,0.2,0.4,0.7059,0.5106,0.3103,12,18,5,40,0.5556,0.0
0.4,0.0,0.45,0.4,0.3,0.4545,0.5882,0.5128,0.2069,10,12,7,46,0.5556,0.0
0.4,0.0,0.45,0.5,0.1,0.4615,0.7059,0.5581,0.2414,12,14,5,44,0.1111,0.0
0.4,0.0,0.45,0.5,0.2,0.4762,0.5882,0.5263,0.1897,10,11,7,47,0.1111,0.0
0.4,0.0,0.45,0.5,0.3,0.6429,0.5294,0.5806,0.0862,9,5,8,53,0.1111,0.0
0.4,0.0,0.45,0.6,0.1,0.4615,0.7059,0.5581,0.2414,12,14,5,44,0.1111,0.0
0.4,0.0,0.45,0.6,0.2,0.625,0.5882,0.6061,0.1034,10,6,7,52,0.1111,0.0
0.4,0.0,0.45,0.6,0.3,0.6667,0.4706,0.5517,0.069,8,4,9,54,0.1111,0.0
0.4,0.0,0.45,0.7,0.1,0.0,0.0,0.0,0.0345,0,2,17,56,0.1111,0.0
0.4,0.0,0.45,0.7,0.2,0.0,0.0,0.0,0.0345,0,2,17,56,0.1111,0.0
0.4,0.0,0.45,0.7,0.3,0.0,0.0,0.0,0.0,0,0,17,58,0.0,0.0
0.4,0.0,0.6,0.3,0.1,0.3429,0.7059,0.4615,0.3966,12,23,5,35,0.5556,0.0
0.4,0.0,0.6,0.3,0.2,0.3529,0.7059,0.4706,0.3793,12,22,5,36,0.5556,0.0
0.4,0.0,0.6,0.3,0.3,0.3667,0.6471,0.4681,0.3276,11,19,6,39,0.5556,0.0
0.4,0.0,0.6,0.4,0.1,0.3529,0.7059,0.4706,0.3793,12,22,5,36,0.5556,0.0
0.4,0.0,0.6,0.4,0.2,0.4,0.7059,0.5106,0.3103,12,18,5,40,0.5556,0.0
0.4,0.0,0.6,0.4,0.3,0.4545,0.5882,0.5128,0.2069,10,12,7,46,0.5556,0.0
0.4,0.0,0.6,0.5,0.1,0.375,0.7059,0.4898,0.3448,12,20,5,38,0.5556,0.0
0.4,0.0,0.6,0.5,0.2,0.3704,0.5882,0.4545,0.2931,10,17,7,41,0.5556,0.0
0.4,0.0,0.6,0.5,0.3,0.45,0.5294,0.4865,0.1897,9,11,8,47,0.5556,0.0
0.4,0.0,0.6,0.6,0.1,0.4,0.7059,0.5106,0.3103,12,18,5,40,0.5556,0.0
0.4,0.0,0.6,0.6,0.2,0.5,0.5882,0.5405,0.1724,10,10,7,48,0.5556,0.0
0.4,0.0,0.6,0.6,0.3,0.5,0.4706,0.4848,0.1379,8,8,9,50,0.5556,0.0
0.4,0.0,0.6,0.7,0.1,0.0,0.0,0.0,0.0345,0,2,17,56,0.1111,0.0
0.4,0.0,0.6,0.7,0.2,0.0,0.0,0.0,0.0345,0,2,17,56,0.1111,0.0
0.4,0.0,0.6,0.7,0.3,0.0,0.0,0.0,0.0345,0,2,17,56,0.1111,0.0
0.4,0.0,0.8,0.3,0.1,0.3429,0.7059,0.4615,0.3966,12,23,5,35,0.5556,0.0
0.4,0.0,0.8,0.3,0.2,0.3529,0.7059,0.4706,0.3793,12,22,5,36,0.5556,0.0
0.4,0.0,0.8,0.3,0.3,0.3548,0.6471,0.4583,0.3448,11,20,6,38,0.5556,0.0
0.4,0.0,0.8,0.4,0.1,0.3429,0.7059,0.4615,0.3966,12,23,5,35,0.5556,0.0
0.4,0.0,0.8,0.4,0.2,0.375,0.7059,0.4898,0.3448,12,20,5,38,0.5556,0.0
0.4,0.0,0.8,0.4,0.3,0.4167,0.5882,0.4878,0.2414,10,14,7,44,0.5556,0.0
0.4,0.0,0.8,0.5,0.1,0.375,0.7059,0.4898,0.3448,12,20,5,38,0.5556,0.0
0.4,0.0,0.8,0.5,0.2,0.3704,0.5882,0.4545,0.2931,10,17,7,41,0.5556,0.0
0.4,0.0,0.8,0.5,0.3,0.45,0.5294,0.4865,0.1897,9,11,8,47,0.5556,0.0
0.4,0.0,0.8,0.6,0.1,0.375,0.7059,0.4898,0.3448,12,20,5,38,0.5556,0.0
0.4,0.0,0.8,0.6,0.2,0.4545,0.5882,0.5128,0.2069,10,12,7,46,0.5556,0.0
0.4,0.0,0.8,0.6,0.3,0.4444,0.4706,0.4571,0.1724,8,10,9,48,0.5556,0.0
0.4,0.0,0.8,0.7,0.1,0.0,0.0,0.0,0.1379,0,8,17,50,0.5556,0.0
0.4,0.0,0.8,0.7,0.2,0.0,0.0,0.0,0.1379,0,8,17,50,0.5556,0.0
0.4,0.0,0.8,0.7,0.3,0.0,0.0,0.0,0.1379,0,8,17,50,0.5556,0.0
0.4,0.0,1.0,0.3,0.1,0.3429,0.7059,0.4615,0.3966,12,23,5,35,0.5556,0.0
0.4,0.0,1.0,0.3,0.2,0.3529,0.7059,0.4706,0.3793,12,22,5,36,0.5556,0.0
0.4,0.0,1.0,0.3,0.3,0.3548,0.6471,0.4583,0.3448,11,20,6,38,0.5556,0.0
0.4,0.0,1.0,0.4,0.1,0.3429,0.7059,0.4615,0.3966,12,23,5,35,0.5556,0.0
0.4,0.0,1.0,0.4,0.2,0.375,0.7059,0.4898,0.3448,12,20,5,38,0.5556,0.0
0.4,0.0,1.0,0.4,0.3,0.4167,0.5882,0.4878,0.2414,10,14,7,44,0.5556,0.0
0.4,0.0,1.0,0.5,0.1,0.3529,0.7059,0.4706,0.3793,12,22,5,36,0.5556,0.0
0.4,0.0,1.0,0.5,0.2,0.3448,0.5882,0.4348,0.3276,10,19,7,39,0.5556,0.0
0.4,0.0,1.0,0.5,0.3,0.4091,0.5294,0.4615,0.2241,9,13,8,45,0.5556,0.0
0.4,0.0,1.0,0.6,0.1,0.375,0.7059,0.4898,0.3448,12,20,5,38,0.5556,0.0
0.4,0.0,1.0,0.6,0.2,0.4545,0.5882,0.5128,0.2069,10,12,7,46,0.5556,0.0
0.4,0.0,1.0,0.6,0.3,0.4444,0.4706,0.4571,0.1724,8,10,9,48,0.5556,0.0
0.4,0.0,1.0,0.7,0.1,0.0,0.0,0.0,0.1379,0,8,17,50,0.5556,0.0
0.4,0.0,1.0,0.7,0.2,0.0,0.0,0.0,0.1379,0,8,17,50,0.5556,0.0
0.4,0.0,1.0,0.7,0.3,0.0,0.0,0.0,0.1379,0,8,17,50,0.5556,0.0
0.4,0.05,0.2,0.3,0.1,0.4444,0.7059,0.5455,0.2586,12,15,5,43,0.1111,0.0
0.4,0.05,0.2,0.3,0.2,0.44,0.6471,0.5238,0.2414,11,14,6,44,0.1111,0.0
0.4,0.05,0.2,0.3,0.3,0.5,0.6471,0.5641,0.1897,11,11,6,47,0.1111,0.0
0.4,0.05,0.2,0.4,0.1,0.4444,0.7059,0.5455,0.2586,12,15,5,43,0.1111,0.0
0.4,0.05,0.2,0.4,0.2,0.4783,0.6471,0.55,0.2069,11,12,6,46,0.1111,0.0
0.4,0.05,0.2,0.4,0.3,0.625,0.5882,0.6061,0.1034,10,6,7,52,0.1111,0.0
0.4,0.05,0.2,0.5,0.1,0.4615,0.7059,0.5581,0.2414,12,14,5,44,0.1111,0.0
0.4,0.05,0.2,0.5,0.2,0.4762,0.5882,0.5263,0.1897,10,11,7,47,0.1111,0.0
0.4,0.05,0.2,0.5,0.3,0.6923,0.5294,0.6,0.069,9,4,8,54,0.1111,0.0
0.4,0.05,0.2,0.6,0.1,0.44,0.6471,0.5238,0.2414,11,14,6,44,0.1111,0.0
0.4,0.05,0.2,0.6,0.2,0.625,0.5882,0.6061,0.1034,10,6,7,52,0.1111,0.0
0.4,0.05,0.2,0.6,0.3,0.75,0.3529,0.48,0.0345,6,2,11,56,0.0,0.0
0.4,0.05,0.2,0.7,0.1,0.0,0.0,0.0,0.0345,0,2,17,56,0.1111,0.0
0.4,0.05,0.2,0.7,0.2,0.0,0.0,0.0,0.0345,0,2,17,56,0.1111,0.0
0.4,0.05,0.2,0.7,0.3,0.0,0.0,0.0,0.0,0,0,17,58,0.0,0.0
0.4,0.05,0.35,0.3,0.1,0.3529,0.7059,0.4706,0.3793,12,22,5,36,0.5556,0.0
0.4,0.05,0.35,0.3,0.2,0.3548,0.6471,0.4583,0.3448,11,20,6,38,0.5556,0.0
0.4,0.05,0.35,0.3,0.3,0.3929,0.6471,0.4889,0.2931,11,17,6,41,0.5556,0.0
0.4,0.05,0.35,0.4,0.1,0.4444,0.7059,0.5455,0.2586,12,15,5,43,0.1111,0.0
0.4,0.05,0.35,0.4,0.2,0.4783,0.6471,0.55,0.2069,11,12,6,46,0.1111,0.0
0.4,0.05,0.35,0.4,0.3,0.625,0.5882,0.6061,0.1034,10,6,7,52,0.1111,0.0
0.4,0.05,0.35,0.5,0.1,0.4615,0.7059,0.5581,0.2414,12,14,5,44,0.1111,0.0
0.4,0.05,0.35,0.5,0.2,0.4762,0.5882,0.5263,0.1897,10,11,7,47,0.1111,0.0
0.4,0.05,0.35,0.5,0.3,0.6923,0.5294,0.6,0.069,9,4,8,54,0.1111,0.0
0.4,0.05,0.35,0.6,0.1,0.44,0.6471,0.5238,0.2414,11,14,6,44,0.1111,0.0
0.4,0.05,0.35,0.6,0.2,0.625,0.5882,0.6061,0.1034,10,6,7,52,0.1111,0.0
0.4,0.05,0.35,0.6,0.3,0.6,0.3529,0.4444,0.069,6,4,11,54,0.1111,0.0
0.4,0.05,0.35,0.7,0.1,0.0,0.0,0.0,0.0345,0,2,17,56,0.1111,0.0
0.4,0.05,0.35,0.7,0.2,0.0,0.0,0.0,0.0345,0,2,17,56,0.1111,0.0
0.4,0.05,0.35,0.7,0.3,0.0,0.0,0.0,0.0,0,0,17,58,0.0,0.0
0.4,0.05,0.45,0.3,0.1,0.3529,0.7059,0.4706,0.3793,12,22,5,36,0.5556,0.0
0.4,0.05,0.45,0.3,0.2,0.3438,0.6471,0.449,0.3621,11,21,6,37,0.5556,0.0
0.4,0.05,0.45,0.3,0.3,0.3929,0.6471,0.4889,0.2931,11,17,6,41,0.5556,0.0
0.4,0.05,0.45,0.4,0.1,0.3636,0.7059,0.48,0.3621,12,21,5,37,0.5556,0.0
0.4,0.05,0.45,0.4,0.2,0.3793,0.6471,0.4783,0.3103,11,18,6,40,0.5556,0.0
0.4,0.05,0.45,0.4,0.3,0.4545,0.5882,0.5128,0.2069,10,12,7,46,0.5556,0.0
0.4,0.05,0.45,0.5,0.1,0.4615,0.7059,0.5581,0.2414,12,14,5,44,0.1111,0.0
0.4,0.05,0.45,0.5,0.2,0.4762,0.5882,0.5263,0.1897,10,11,7,47,0.1111,0.0
0.4,0.05,0.45,0.5,0.3,0.6923,0.5294,0.6,0.069,9,4,8,54,0.1111,0.0
0.4,0.05,0.45,0.6,0.1,0.44,0.6471,0.5238,0.2414,11,14,6,44,0.1111,0.0
0.4,0.05,0.45,0.6,0.2,0.625,0.5882,0.6061,0.1034,10,6,7,52,0.1111,0.0
0.4,0.05,0.45,0.6,0.3,0.6,0.3529,0.4444,0.069,6,4,11,54,0.1111,0.0
0.4,0.05,0.45,0.7,0.1,0.0,0.0,0.0,0.0345,0,2,17,56,0.1111,0.0
0.4,0.05,0.45,0.7,0.2,0.0,0.0,0.0,0.0345,0,2,17,56,0.1111,0.0
0.4,0.05,0.45,0.7,0.3,0.0,0.0,0.0,0.0,0,0,17,58,0.0,0.0
0.4,0.05,0.6,0.3,0.1,0.3429,0.7059,0.4615,0.3966,12,23,5,35,0.5556,0.0
0.4,0.05,0.6,0.3,0.2,0.3333,0.6471,0.44,0.3793,11,22,6,36,0.5556,0.0
0.4,0.05,0.6,0.3,0.3,0.3667,0.6471,0.4681,0.3276,11,19,6,39,0.5556,0.0
0.4,0.05,0.6,0.4,0.1,0.3529,0.7059,0.4706,0.3793,12,22,5,36,0.5556,0.0
0.4,0.05,0.6,0.4,0.2,0.3793,0.6471,0.4783,0.3103,11,18,6,40,0.5556,0.0
0.4,0.05,0.6,0.4,0.3,0.4545,0.5882,0.5128,0.2069,10,12,7,46,0.5556,0.0
0.4,0.05,0.6,0.5,0.1,0.375,0.7059,0.4898,0.3448,12,20,5,38,0.5556,0.0
0.4,0.05,0.6,0.5,0.2,0.3704,0.5882,0.4545,0.2931,10,17,7,41,0.5556,0.0
0.4,0.05,0.6,0.5,0.3,0.4737,0.5294,0.5,0.1724,9,10,8,48,0.5556,0.0
0.4,0.05,0.6,0.6,0.1,0.3793,0.6471,0.4783,0.3103,11,18,6,40,0.5556,0.0
0.4,0.05,0.6,0.6,0.2,0.5,0.5882,0.5405,0.1724,10,10,7,48,0.5556,0.0
0.4,0.05,0.6,0.6,0.3,0.4286,0.3529,0.3871,0.1379,6,8,11,50,0.5556,0.0
0.4,0.05,0.6,0.7,0.1,0.0,0.0,0.0,0.0345,0,2,17,56,0.1111,0.0
0.4,0.05,0.6,0.7,0.2,0.0,0.0,0.0,0.0345,0,2,17,56,0.1111,0.0
0.4,0.05,0.6,0.7,0.3,0.0,0.0,0.0,0.0345,0,2,17,56,0.1111,0.0
0.4,0.05,0.8,0.3,0.1,0.3429,0.7059,0.4615,0.3966,12,23,5,35,0.5556,0.0
0.4,0.05,0.8,0.3,0.2,0.3333,0.6471,0.44,0.3793,11,22,6,36,0.5556,0.0
0.4,0.05,0.8,0.3,0.3,0.3548,0.6471,0.4583,0.3448,11,20,6,38,0.5556,0.0
0.4,0.05,0.8,0.4,0.1,0.3429,0.7059,0.4615,0.3966,12,23,5,35,0.5556,0.0
0.4,0.05,0.8,0.4,0.2,0.3548,0.6471,0.4583,0.3448,11,20,6,38,0.5556,0.0
0.4,0.05,0.8,0.4,0.3,0.4167,0.5882,0.4878,0.2414,10,14,7,44,0.5556,0.0
0.4,0.05,0.8,0.5,0.1,0.375,0.7059,0.4898,0.3448,12,20,5,38,0.5556,0.0
0.4,0.05,0.8,0.5,0.2,0.3704,0.5882,0.4545,0.2931,10,17,7,41,0.5556,0.0
0.4,0.05,0.8,0.5,0.3,0.4737,0.5294,0.5,0.1724,9,10,8,48,0.5556,0.0
0.4,0.05,0.8,0.6,0.1,0.3548,0.6471,0.4583,0.3448,11,20,6,38,0.5556,0.0
0.4,0.05,0.8,0.6,0.2,0.4545,0.5882,0.5128,0.2069,10,12,7,46,0.5556,0.0
0.4,0.05,0.8,0.6,0.3,0.375,0.3529,0.3636,0.1724,6,10,11,48,0.5556,0.0
0.4,0.05,0.8,0.7,0.1,0.0,0.0,0.0,0.1379,0,8,17,50,0.5556,0.0
0.4,0.05,0.8,0.7,0.2,0.0,0.0,0.0,0.1379,0,8,17,50,0.5556,0.0
0.4,0.05,0.8,0.7,0.3,0.0,0.0,0.0,0.1379,0,8,17,50,0.5556,0.0
0.4,0.05,1.0,0.3,0.1,0.3429,0.7059,0.4615,0.3966,12,23,5,35,0.5556,0.0
0.4,0.05,1.0,0.3,0.2,0.3333,0.6471,0.44,0.3793,11,22,6,36,0.5556,0.0
0.4,0.05,1.0,0.3,0.3,0.3548,0.6471,0.4583,0.3448,11,20,6,38,0.5556,0.0
0.4,0.05,1.0,0.4,0.1,0.3429,0.7059,0.4615,0.3966,12,23,5,35,0.5556,0.0
0.4,0.05,1.0,0.4,0.2,0.3548,0.6471,0.4583,0.3448,11,20,6,38,0.5556,0.0
0.4,0.05,1.0,0.4,0.3,0.4167,0.5882,0.4878,0.2414,10,14,7,44,0.5556,0.0
0.4,0.05,1.0,0.5,0.1,0.3529,0.7059,0.4706,0.3793,12,22,5,36,0.5556,0.0
0.4,0.05,1.0,0.5,0.2,0.3448,0.5882,0.4348,0.3276,10,19,7,39,0.5556,0.0
0.4,0.05,1.0,0.5,0.3,0.4286,0.5294,0.4737,0.2069,9,12,8,46,0.5556,0.0
0.4,0.05,1.0,0.6,0.1,0.3548,0.6471,0.4583,0.3448,11,20,6,38,0.5556,0.0
0.4,0.05,1.0,0.6,0.2,0.4545,0.5882,0.5128,0.2069,10,12,7,46,0.5556,0.0
0.4,0.05,1.0,0.6,0.3,0.375,0.3529,0.3636,0.1724,6,10,11,48,0.5556,0.0
0.4,0.05,1.0,0.7,0.1,0.0,0.0,0.0,0.1379,0,8,17,50,0.5556,0.0
0.4,0.05,1.0,0.7,0.2,0.0,0.0,0.0,0.1379,0,8,17,50,0.5556,0.0
0.4,0.05,1.0,0.7,0.3,0.0,0.0,0.0,0.1379,0,8,17,50,0.5556,0.0
0.4,0.1,0.2,0.3,0.1,0.4231,0.6471,0.5116,0.2586,11,15,6,43,0.1111,0.0
0.4,0.1,0.2,0.3,0.2,0.44,0.6471,0.5238,0.2414,11,14,6,44,0.1111,0.0
0.4,0.1,0.2,0.3,0.3,0.5,0.6471,0.5641,0.1897,11,11,6,47,0.1111,0.0
0.4,0.1,0.2,0.4,0.1,0.4231,0.6471,0.5116,0.2586,11,15,6,43,0.1111,0.0
0.4,0.1,0.2,0.4,0.2,0.4783,0.6471,0.55,0.2069,11,12,6,46,0.1111,0.0
0.4,0.1,0.2,0.4,0.3,0.6667,0.5882,0.625,0.0862,10,5,7,53,0.1111,0.0
0.4,0.1,0.2,0.5,0.1,0.44,0.6471,0.5238,0.2414,11,14,6,44,0.1111,0.0
0.4,0.1,0.2,0.5,0.2,0.4762,0.5882,0.5263,0.1897,10,11,7,47,0.1111,0.0
0.4,0.1,0.2,0.5,0.3,0.6364,0.4118,0.5,0.069,7,4,10,54,0.1111,0.0
0.4,0.1,0.2,0.6,0.1,0.44,0.6471,0.5238,0.2414,11,14,6,44,0.1111,0.0
0.4,0.1,0.2,0.6,0.2,0.6667,0.5882,0.625,0.0862,10,5,7,53,0.1111,0.0
0.4,0.1,0.2,0.6,0.3,0.6667,0.2353,0.3478,0.0345,4,2,13,56,0.0,0.0
0.4,0.1,0.2,0.7,0.1,0.0,0.0,0.0,0.0345,0,2,17,56,0.1111,0.0
0.4,0.1,0.2,0.7,0.2,0.0,0.0,0.0,0.0345,0,2,17,56,0.1111,0.0
0.4,0.1,0.2,0.7,0.3,0.0,0.0,0.0,0.0,0,0,17,58,0.0,0.0
0.4,0.1,0.35,0.3,0.1,0.3333,0.6471,0.44,0.3793,11,22,6,36,0.5556,0.0
0.4,0.1,0.35,0.3,0.2,0.3548,0.6471,0.4583,0.3448,11,20,6,38,0.5556,0.0
0.4,0.1,0.35,0.3,0.3,0.3929,0.6471,0.4889,0.2931,11,17,6,41,0.5556,0.0
0.4,0.1,0.35,0.4,0.1,0.4231,0.6471,0.5116,0.2586,11,15,6,43,0.1111,0.0
0.4,0.1,0.35,0.4,0.2,0.4783,0.6471,0.55,0.2069,11,12,6,46,0.1111,0.0
0.4,0.1,0.35,0.4,0.3,0.6667,0.5882,0.625,0.0862,10,5,7,53,0.1111,0.0
0.4,0.1,0.35,0.5,0.1,0.44,0.6471,0.5238,0.2414,11,14,6,44,0.1111,0.0
0.4,0.1,0.35,0.5,0.2,0.4762,0.5882,0.5263,0.1897,10,11,7,47,0.1111,0.0
0.4,0.1,0.35,0.5,0.3,0.6364,0.4118,0.5,0.069,7,4,10,54,0.1111,0.0
0.4,0.1,0.35,0.6,0.1,0.44,0.6471,0.5238,0.2414,11,14,6,44,0.1111,0.0
0.4,0.1,0.35,0.6,0.2,0.6667,0.5882,0.625,0.0862,10,5,7,53,0.1111,0.0
0.4,0.1,0.35,0.6,0.3,0.5,0.2353,0.32,0.069,4,4,13,54,0.1111,0.0
0.4,0.1,0.35,0.7,0.1,0.0,0.0,0.0,0.0345,0,2,17,56,0.1111,0.0
0.4,0.1,0.35,0.7,0.2,0.0,0.0,0.0,0.0345,0,2,17,56,0.1111,0.0
0.4,0.1,0.35,0.7,0.3,0.0,0.0,0.0,0.0,0,0,17,58,0.0,0.0
0.4,0.1,0.45,0.3,0.1,0.3333,0.6471,0.44,0.3793,11,22,6,36,0.5556,0.0
0.4,0.1,0.45,0.3,0.2,0.3438,0.6471,0.449,0.3621,11,21,6,37,0.5556,0.0
0.4,0.1,0.45,0.3,0.3,0.3929,0.6471,0.4889,0.2931,11,17,6,41,0.5556,0.0
0.4,0.1,0.45,0.4,0.1,0.3438,0.6471,0.449,0.3621,11,21,6,37,0.5556,0.0
0.4,0.1,0.45,0.4,0.2,0.3793,0.6471,0.4783,0.3103,11,18,6,40,0.5556,0.0
0.4,0.1,0.45,0.4,0.3,0.4762,0.5882,0.5263,0.1897,10,11,7,47,0.5556,0.0
0.4,0.1,0.45,0.5,0.1,0.44,0.6471,0.5238,0.2414,11,14,6,44,0.1111,0.0
0.4,0.1,0.45,0.5,0.2,0.4762,0.5882,0.5263,0.1897,10,11,7,47,0.1111,0.0
0.4,0.1,0.45,0.5,0.3,0.6364,0.4118,0.5,0.069,7,4,10,54,0.1111,0.0
0.4,0.1,0.45,0.6,0.1,0.44,0.6471,0.5238,0.2414,11,14,6,44,0.1111,0.0
0.4,0.1,0.45,0.6,0.2,0.6667,0.5882,0.625,0.0862,10,5,7,53,0.1111,0.0
0.4,0.1,0.45,0.6,0.3,0.5,0.2353,0.32,0.069,4,4,13,54,0.1111,0.0
0.4,0.1,0.45,0.7,0.1,0.0,0.0,0.0,0.0345,0,2,17,56,0.1111,0.0
0.4,0.1,0.45,0.7,0.2,0.0,0.0,0.0,0.0345,0,2,17,56,0.1111,0.0
0.4,0.1,0.45,0.7,0.3,0.0,0.0,0.0,0.0,0,0,17,58,0.0,0.0
0.4,0.1,0.6,0.3,0.1,0.3235,0.6471,0.4314,0.3966,11,23,6,35,0.5556,0.0
0.4,0.1,0.6,0.3,0.2,0.3333,0.6471,0.44,0.3793,11,22,6,36,0.5556,0.0
0.4,0.1,0.6,0.3,0.3,0.3667,0.6471,0.4681,0.3276,11,19,6,39,0.5556,0.0
0.4,0.1,0.6,0.4,0.1,0.3333,0.6471,0.44,0.3793,11,22,6,36,0.5556,0.0
0.4,0.1,0.6,0.4,0.2,0.3793,0.6471,0.4783,0.3103,11,18,6,40,0.5556,0.0
0.4,0.1,0.6,0.4,0.3,0.4762,0.5882,0.5263,0.1897,10,11,7,47,0.5556,0.0
0.4,0.1,0.6,0.5,0.1,0.3548,0.6471,0.4583,0.3448,11,20,6,38,0.5556,0.0
0.4,0.1,0.6,0.5,0.2,0.3704,0.5882,0.4545,0.2931,10,17,7,41,0.5556,0.0
0.4,0.1,0.6,0.5,0.3,0.4118,0.4118,0.4118,0.1724,7,10,10,48,0.5556,0.0
0.4,0.1,0.6,0.6,0.1,0.3793,0.6471,0.4783,0.3103,11,18,6,40,0.5556,0.0
0.4,0.1,0.6,0.6,0.2,0.5263,0.5882,0.5556,0.1552,10,9,7,49,0.5556,0.0
0.4,0.1,0.6,0.6,0.3,0.3333,0.2353,0.2759,0.1379,4,8,13,50,0.5556,0.0
0.4,0.1,0.6,0.7,0.1,0.0,0.0,0.0,0.0345,0,2,17,56,0.1111,0.0
0.4,0.1,0.6,0.7,0.2,0.0,0.0,0.0,0.0345,0,2,17,56,0.1111,0.0
0.4,0.1,0.6,0.7,0.3,0.0,0.0,0.0,0.0345,0,2,17,56,0.1111,0.0
0.4,0.1,0.8,0.3,0.1,0.3235,0.6471,0.4314,0.3966,11,23,6,35,0.5556,0.0
0.4,0.1,0.8,0.3,0.2,0.3333,0.6471,0.44,0.3793,11,22,6,36,0.5556,0.0
0.4,0.1,0.8,0.3,0.3,0.3548,0.6471,0.4583,0.3448,11,20,6,38,0.5556,0.0
0.4,0.1,0.8,0.4,0.1,0.3235,0.6471,0.4314,0.3966,11,23,6,35,0.5556,0.0
0.4,0.1,0.8,0.4,0.2,0.3548,0.6471,0.4583,0.3448,11,20,6,38,0.5556,0.0
0.4,0.1,0.8,0.4,0.3,0.4348,0.5882,0.5,0.2241,10,13,7,45,0.5556,0.0
0.4,0.1,0.8,0.5,0.1,0.3548,0.6471,0.4583,0.3448,11,20,6,38,0.5556,0.0
0.4,0.1,0.8,0.5,0.2,0.3704,0.5882,0.4545,0.2931,10,17,7,41,0.5556,0.0
0.4,0.1,0.8,0.5,0.3,0.4118,0.4118,0.4118,0.1724,7,10,10,48,0.5556,0.0
0.4,0.1,0.8,0.6,0.1,0.3548,0.6471,0.4583,0.3448,11,20,6,38,0.5556,0.0
0.4,0.1,0.8,0.6,0.2,0.4762,0.5882,0.5263,0.1897,10,11,7,47,0.5556,0.0
0.4,0.1,0.8,0.6,0.3,0.2857,0.2353,0.2581,0.1724,4,10,13,48,0.5556,0.0
0.4,0.1,0.8,0.7,0.1,0.0,0.0,0.0,0.1379,0,8,17,50,0.5556,0.0
0.4,0.1,0.8,0.7,0.2,0.0,0.0,0.0,0.1379,0,8,17,50,0.5556,0.0
0.4,0.1,0.8,0.7,0.3,0.0,0.0,0.0,0.1379,0,8,17,50,0.5556,0.0
0.4,0.1,1.0,0.3,0.1,0.3235,0.6471,0.4314,0.3966,11,23,6,35,0.5556,0.0
0.4,0.1,1.0,0.3,0.2,0.3333,0.6471,0.44,0.3793,11,22,6,36,0.5556,0.0
0.4,0.1,1.0,0.3,0.3,0.3548,0.6471,0.4583,0.3448,11,20,6,38,0.5556,0.0
0.4,0.1,1.0,0.4,0.1,0.3235,0.6471,0.4314,0.3966,11,23,6,35,0.5556,0.0
0.4,0.1,1.0,0.4,0.2,0.3548,0.6471,0.4583,0.3448,11,20,6,38,0.5556,0.0
0.4,0.1,1.0,0.4,0.3,0.4348,0.5882,0.5,0.2241,10,13,7,45,0.5556,0.0
0.4,0.1,1.0,0.5,0.1,0.3333,0.6471,0.44,0.3793,11,22,6,36,0.5556,0.0
0.4,0.1,1.0,0.5,0.2,0.3448,0.5882,0.4348,0.3276,10,19,7,39,0.5556,0.0
0.4,0.1,1.0,0.5,0.3,0.3684,0.4118,0.3889,0.2069,7,12,10,46,0.5556,0.0
0.4,0.1,1.0,0.6,0.1,0.3548,0.6471,0.4583,0.3448,11,20,6,38,0.5556,0.0
0.4,0.1,1.0,0.6,0.2,0.4762,0.5882,0.5263,0.1897,10,11,7,47,0.5556,0.0
0.4,0.1,1.0,0.6,0.3,0.2857,0.2353,0.2581,0.1724,4,10,13,48,0.5556,0.0
0.4,0.1,1.0,0.7,0.1,0.0,0.0,0.0,0.1379,0,8,17,50,0.5556,0.0
0.4,0.1,1.0,0.7,0.2,0.0,0.0,0.0,0.1379,0,8,17,50,0.5556,0.0
0.4,0.1,1.0,0.7,0.3,0.0,0.0,0.0,0.1379,0,8,17,50,0.5556,0.0
0.4,0.15,0.2,0.3,0.1,0.4231,0.6471,0.5116,0.2586,11,15,6,43,0.1111,0.0
0.4,0.15,0.2,0.3,0.2,0.44,0.6471,0.5238,0.2414,11,14,6,44,0.1111,0.0
0.4,0.15,0.2,0.3,0.3,0.5238,0.6471,0.5789,0.1724,11,10,6,48,0.1111,0.0
0.4,0.15,0.2,0.4,0.1,0.4231,0.6471,0.5116,0.2586,11,15,6,43,0.1111,0.0
0.4,0.15,0.2,0.4,0.2,0.4783,0.6471,0.55,0.2069,11,12,6,46,0.1111,0.0
0.4,0.15,0.2,0.4,0.3,0.6154,0.4706,0.5333,0.0862,8,5,9,53,0.1111,0.0
0.4,0.15,0.2,0.5,0.1,0.44,0.6471,0.5238,0.2414,11,14,6,44,0.1111,0.0
0.4,0.15,0.2,0.5,0.2,0.4737,0.5294,0.5,0.1724,9,10,8,48,0.1111,0.0
0.4,0.15,0.2,0.5,0.3,0.5556,0.2941,0.3846,0.069,5,4,12,54,0.1111,0.0
0.4,0.15,0.2,0.6,0.1,0.44,0.6471,0.5238,0.2414,11,14,6,44,0.1111,0.0
0.4,0.15,0.2,0.6,0.2,0.6154,0.4706,0.5333,0.0862,8,5,9,53,0.1111,0.0
0.4,0.15,0.2,0.6,0.3,0.5,0.1176,0.1905,0.0345,2,2,15,56,0.0,0.0
0.4,0.15,0.2,0.7,0.1,0.0,0.0,0.0,0.0345,0,2,17,56,0.1111,0.0
0.4,0.15,0.2,0.7,0.2,0.0,0.0,0.0,0.0345,0,2,17,56,0.1111,0.0
0.4,0.15,0.2,0.7,0.3,0.0,0.0,0.0,0.0,0,0,17,58,0.0,0.0
0.4,0.15,0.35,0.3,0.1,0.3333,0.6471,0.44,0.3793,11,22,6,36,0.5556,0.0
0.4,0.15,0.35,0.3,0.2,0.3548,0.6471,0.4583,0.3448,11,20,6,38,0.5556,0.0
0.4,0.15,0.35,0.3,0.3,0.4074,0.6471,0.5,0.2759,11,16,6,42,0.5556,0.0
0.4,0.15,0.35,0.4,0.1,0.4231,0.6471,0.5116,0.2586,11,15,6,43,0.1111,0.0
0.4,0.15,0.35,0.4,0.2,0.4783,0.6471,0.55,0.2069,11,12,6,46,0.1111,0.0
0.4,0.15,0.35,0.4,0.3,0.6154,0.4706,0.5333,0.0862,8,5,9,53,0.1111,0.0
0.4,0.15,0.35,0.5,0.1,0.44,0.6471,0.5238,0.2414,11,14,6,44,0.1111,0.0
0.4,0.15,0.35,0.5,0.2,0.4737,0.5294,0.5,0.1724,9,10,8,48,0.1111,0.0
0.4,0.15,0.35,0.5,0.3,0.5556,0.2941,0.3846,0.069,5,4,12,54,0.1111,0.0
0.4,0.15,0.35,0.6,0.1,0.44,0.6471,0.5238,0.2414,11,14,6,44,0.1111,0.0
0.4,0.15,0.35,0.6,0.2,0.6154,0.4706,0.5333,0.0862,8,5,9,53,0.1111,0.0
0.4,0.15,0.35,0.6,0.3,0.3333,0.1176,0.1739,0.069,2,4,15,54,0.1111,0.0
0.4,0.15,0.35,0.7,0.1,0.0,0.0,0.0,0.0345,0,2,17,56,0.1111,0.0
0.4,0.15,0.35,0.7,0.2,0.0,0.0,0.0,0.0345,0,2,17,56,0.1111,0.0
0.4,0.15,0.35,0.7,0.3,0.0,0.0,0.0,0.0,0,0,17,58,0.0,0.0
0.4,0.15,0.45,0.3,0.1,0.3333,0.6471,0.44,0.3793,11,22,6,36,0.5556,0.0
0.4,0.15,0.45,0.3,0.2,0.3438,0.6471,0.449,0.3621,11,21,6,37,0.5556,0.0
0.4,0.15,0.45,0.3,0.3,0.4074,0.6471,0.5,0.2759,11,16,6,42,0.5556,0.0
0.4,0.15,0.45,0.4,0.1,0.3438,0.6471,0.449,0.3621,11,21,6,37,0.5556,0.0
0.4,0.15,0.45,0.4,0.2,0.3793,0.6471,0.4783,0.3103,11,18,6,40,0.5556,0.0
0.4,0.15,0.45,0.4,0.3,0.4211,0.4706,0.4444,0.1897,8,11,9,47,0.5556,0.0
0.4,0.15,0.45,0.5,0.1,0.44,0.6471,0.5238,0.2414,11,14,6,44,0.1111,0.0
0.4,0.15,0.45,0.5,0.2,0.4737,0.5294,0.5,0.1724,9,10,8,48,0.1111,0.0
0.4,0.15,0.45,0.5,0.3,0.5556,0.2941,0.3846,0.069,5,4,12,54,0.1111,0.0
0.4,0.15,0.45,0.6,0.1,0.44,0.6471,0.5238,0.2414,11,14,6,44,0.1111,0.0
0.4,0.15,0.45,0.6,0.2,0.6154,0.4706,0.5333,0.0862,8,5,9,53,0.1111,0.0
0.4,0.15,0.45,0.6,0.3,0.3333,0.1176,0.1739,0.069,2,4,15,54,0.1111,0.0
0.4,0.15,0.45,0.7,0.1,0.0,0.0,0.0,0.0345,0,2,17,56,0.1111,0.0
0.4,0.15,0.45,0.7,0.2,0.0,0.0,0.0,0.0345,0,2,17,56,0.1111,0.0
0.4,0.15,0.45,0.7,0.3,0.0,0.0,0.0,0.0,0,0,17,58,0.0,0.0
0.4,0.15,0.6,0.3,0.1,0.3235,0.6471,0.4314,0.3966,11,23,6,35,0.5556,0.0
0.4,0.15,0.6,0.3,0.2,0.3333,0.6471,0.44,0.3793,11,22,6,36,0.5556,0.0
0.4,0.15,0.6,0.3,0.3,0.3793,0.6471,0.4783,0.3103,11,18,6,40,0.5556,0.0
0.4,0.15,0.6,0.4,0.1,0.3333,0.6471,0.44,0.3793,11,22,6,36,0.5556,0.0
0.4,0.15,0.6,0.4,0.2,0.3793,0.6471,0.4783,0.3103,11,18,6,40,0.5556,0.0
0.4,0.15,0.6,0.4,0.3,0.4211,0.4706,0.4444,0.1897,8,11,9,47,0.5556,0.0
0.4,0.15,0.6,0.5,0.1,0.3548,0.6471,0.4583,0.3448,11,20,6,38,0.5556,0.0
0.4,0.15,0.6,0.5,0.2,0.36,0.5294,0.4286,0.2759,9,16,8,42,0.5556,0.0
0.4,0.15,0.6,0.5,0.3,0.3333,0.2941,0.3125,0.1724,5,10,12,48,0.5556,0.0
0.4,0.15,0.6,0.6,0.1,0.3793,0.6471,0.4783,0.3103,11,18,6,40,0.5556,0.0
0.4,0.15,0.6,0.6,0.2,0.4706,0.4706,0.4706,0.1552,8,9,9,49,0.5556,0.0
0.4,0.15,0.6,0.6,0.3,0.2,0.1176,0.1481,0.1379,2,8,15,50,0.5556,0.0
0.4,0.15,0.6,0.7,0.1,0.0,0.0,0.0,0.0345,0,2,17,56,0.1111,0.0
0.4,0.15,0.6,0.7,0.2,0.0,0.0,0.0,0.0345,0,2,17,56,0.1111,0.0
0.4,0.15,0.6,0.7,0.3,0.0,0.0,0.0,0.0345,0,2,17,56,0.1111,0.0
0.4,0.15,0.8,0.3,0.1,0.3235,0.6471,0.4314,0.3966,11,23,6,35,0.5556,0.0
0.4,0.15,0.8,0.3,0.2,0.3333,0.6471,0.44,0.3793,11,22,6,36,0.5556,0.0
0.4,0.15,0.8,0.3,0.3,0.3667,0.6471,0.4681,0.3276,11,19,6,39,0.5556,0.0
0.4,0.15,0.8,0.4,0.1,0.3235,0.6471,0.4314,0.3966,11,23,6,35,0.5556,0.0
0.4,0.15,0.8,0.4,0.2,0.3548,0.6471,0.4583,0.3448,11,20,6,38,0.5556,0.0
0.4,0.15,0.8,0.4,0.3,0.381,0.4706,0.4211,0.2241,8,13,9,45,0.5556,0.0
0.4,0.15,0.8,0.5,0.1,0.3548,0.6471,0.4583,0.3448,11,20,6,38,0.5556,0.0
0.4,0.15,0.8,0.5,0.2,0.36,0.5294,0.4286,0.2759,9,16,8,42,0.5556,0.0
0.4,0.15,0.8,0.5,0.3,0.3333,0.2941,0.3125,0.1724,5,10,12,48,0.5556,0.0
0.4,0.15,0.8,0.6,0.1,0.3548,0.6471,0.4583,0.3448,11,20,6,38,0.5556,0.0
0.4,0.15,0.8,0.6,0.2,0.4211,0.4706,0.4444,0.1897,8,11,9,47,0.5556,0.0
0.4,0.15,0.8,0.6,0.3,0.1667,0.1176,0.1379,0.1724,2,10,15,48,0.5556,0.0
0.4,0.15,0.8,0.7,0.1,0.0,0.0,0.0,0.1379,0,8,17,50,0.5556,0.0
0.4,0.15,0.8,0.7,0.2,0.0,0.0,0.0,0.1379,0,8,17,50,0.5556,0.0
0.4,0.15,0.8,0.7,0.3,0.0,0.0,0.0,0.1379,0,8,17,50,0.5556,0.0
0.4,0.15,1.0,0.3,0.1,0.3235,0.6471,0.4314,0.3966,11,23,6,35,0.5556,0.0
0.4,0.15,1.0,0.3,0.2,0.3333,0.6471,0.44,0.3793,11,22,6,36,0.5556,0.0
0.4,0.15,1.0,0.3,0.3,0.3667,0.6471,0.4681,0.3276,11,19,6,39,0.5556,0.0
0.4,0.15,1.0,0.4,0.1,0.3235,0.6471,0.4314,0.3966,11,23,6,35,0.5556,0.0
0.4,0.15,1.0,0.4,0.2,0.3548,0.6471,0.4583,0.3448,11,20,6,38,0.5556,0.0
0.4,0.15,1.0,0.4,0.3,0.381,0.4706,0.4211,0.2241,8,13,9,45,0.5556,0.0
0.4,0.15,1.0,0.5,0.1,0.3333,0.6471,0.44,0.3793,11,22,6,36,0.5556,0.0
0.4,0.15,1.0,0.5,0.2,0.3333,0.5294,0.4091,0.3103,9,18,8,40,0.5556,0.0
0.4,0.15,1.0,0.5,0.3,0.2941,0.2941,0.2941,0.2069,5,12,12,46,0.5556,0.0
0.4,0.15,1.0,0.6,0.1,0.3548,0.6471,0.4583,0.3448,11,20,6,38,0.5556,0.0
0.4,0.15,1.0,0.6,0.2,0.4211,0.4706,0.4444,0.1897,8,11,9,47,0.5556,0.0
0.4,0.15,1.0,0.6,0.3,0.1667,0.1176,0.1379,0.1724,2,10,15,48,0.5556,0.0
0.4,0.15,1.0,0.7,0.1,0.0,0.0,0.0,0.1379,0,8,17,50,0.5556,0.0
0.4,0.15,1.0,0.7,0.2,0.0,0.0,0.0,0.1379,0,8,17,50,0.5556,0.0
0.4,0.15,1.0,0.7,0.3,0.0,0.0,0.0,0.1379,0,8,17,50,0.5556,0.0
0.4,0.2,0.2,0.3,0.1,0.4231,0.6471,0.5116,0.2586,11,15,6,43,0.1111,0.0
0.4,0.2,0.2,0.3,0.2,0.4583,0.6471,0.5366,0.2241,11,13,6,45,0.1111,0.0
0.4,0.2,0.2,0.3,0.3,0.4737,0.5294,0.5,0.1724,9,10,8,48,0.1111,0.0
0.4,0.2,0.2,0.4,0.1,0.4231,0.6471,0.5116,0.2586,11,15,6,43,0.1111,0.0
0.4,0.2,0.2,0.4,0.2,0.45,0.5294,0.4865,0.1897,9,11,8,47,0.1111,0.0
0.4,0.2,0.2,0.4,0.3,0.5455,0.3529,0.4286,0.0862,6,5,11,53,0.1111,0.0
0.4,0.2,0.2,0.5,0.1,0.44,0.6471,0.5238,0.2414,11,14,6,44,0.1111,0.0
0.4,0.2,0.2,0.5,0.2,0.375,0.3529,0.3636,0.1724,6,10,11,48,0.1111,0.0
0.4,0.2,0.2,0.5,0.3,0.4286,0.1765,0.25,0.069,3,4,14,54,0.1111,0.0
0.4,0.2,0.2,0.6,0.1,0.4583,0.6471,0.5366,0.2241,11,13,6,45,0.1111,0.0
0.4,0.2,0.2,0.6,0.2,0.5455,0.3529,0.4286,0.0862,6,5,11,53,0.1111,0.0
0.4,0.2,0.2,0.6,0.3,0.5,0.1176,0.1905,0.0345,2,2,15,56,0.0,0.0
0.4,0.2,0.2,0.7,0.1,0.0,0.0,0.0,0.0345,0,2,17,56,0.1111,0.0
0.4,0.2,0.2,0.7,0.2,0.0,0.0,0.0,0.0345,0,2,17,56,0.1111,0.0
0.4,0.2,0.2,0.7,0.3,0.0,0.0,0.0,0.0,0,0,17,58,0.0,0.0
0.4,0.2,0.35,0.3,0.1,0.3333,0.6471,0.44,0.3793,11,22,6,36,0.5556,0.0
0.4,0.2,0.35,0.3,0.2,0.3667,0.6471,0.4681,0.3276,11,19,6,39,0.5556,0.0
0.4,0.2,0.35,0.3,0.3,0.36,0.5294,0.4286,0.2759,9,16,8,42,0.5556,0.0
0.4,0.2,0.35,0.4,0.1,0.4231,0.6471,0.5116,0.2586,11,15,6,43,0.1111,0.0
0.4,0.2,0.35,0.4,0.2,0.45,0.5294,0.4865,0.1897,9,11,8,47,0.1111,0.0
0.4,0.2,0.35,0.4,0.3,0.5455,0.3529,0.4286,0.0862,6,5,11,53,0.1111,0.0
0.4,0.2,0.35,0.5,0.1,0.44,0.6471,0.5238,0.2414,11,14,6,44,0.1111,0.0
0.4,0.2,0.35,0.5,0.2,0.375,0.3529,0.3636,0.1724,6,10,11,48,0.1111,0.0
0.4,0.2,0.35,0.5,0.3,0.4286,0.1765,0.25,0.069,3,4,14,54,0.1111,0.0
0.4,0.2,0.35,0.6,0.1,0.4583,0.6471,0.5366,0.2241,11,13,6,45,0.1111,0.0
0.4,0.2,0.35,0.6,0.2,0.5455,0.3529,0.4286,0.0862,6,5,11,53,0.1111,0.0
0.4,0.2,0.35,0.6,0.3,0.3333,0.1176,0.1739,0.069,2,4,15,54,0.1111,0.0
0.4,0.2,0.35,0.7,0.1,0.0,0.0,0.0,0.0345,0,2,17,56,0.1111,0.0
0.4,0.2,0.35,0.7,0.2,0.0,0.0,0.0,0.0345,0,2,17,56,0.1111,0.0
0.4,0.2,0.35,0.7,0.3,0.0,0.0,0.0,0.0,0,0,17,58,0.0,0.0
0.4,0.2,0.45,0.3,0.1,0.3333,0.6471,0.44,0.3793,11,22,6,36,0.5556,0.0
0.4,0.2,0.45,0.3,0.2,0.3548,0.6471,0.4583,0.3448,11,20,6,38,0.5556,0.0
0.4,0.2,0.45,0.3,0.3,0.36,0.5294,0.4286,0.2759,9,16,8,42,0.5556,0.0
0.4,0.2,0.45,0.4,0.1,0.3438,0.6471,0.449,0.3621,11,21,6,37,0.5556,0.0
0.4,0.2,0.45,0.4,0.2,0.3462,0.5294,0.4186,0.2931,9,17,8,41,0.5556,0.0
0.4,0.2,0.45,0.4,0.3,0.3529,0.3529,0.3529,0.1897,6,11,11,47,0.5556,0.0
0.4,0.2,0.45,0.5,0.1,0.44,0.6471,0.5238,0.2414,11,14,6,44,0.1111,0.0
0.4,0.2,0.45,0.5,0.2,0.375,0.3529,0.3636,0.1724,6,10,11,48,0.1111,0.0
0.4,0.2,0.45,0.5,0.3,0.4286,0.1765,0.25,0.069,3,4,14,54,0.1111,0.0
0.4,0.2,0.45,0.6,0.1,0.4583,0.6471,0.5366,0.2241,11,13,6,45,0.1111,0.0
0.4,0.2,0.45,0.6,0.2,0.5455,0.3529,0.4286,0.0862,6,5,11,53,0.1111,0.0
0.4,0.2,0.45,0.6,0.3,0.3333,0.1176,0.1739,0.069,2,4,15,54,0.1111,0.0
0.4,0.2,0.45,0.7,0.1,0.0,0.0,0.0,0.0345,0,2,17,56,0.1111,0.0
0.4,0.2,0.45,0.7,0.2,0.0,0.0,0.0,0.0345,0,2,17,56,0.1111,0.0
0.4,0.2,0.45,0.7,0.3,0.0,0.0,0.0,0.0,0,0,17,58,0.0,0.0
0.4,0.2,0.6,0.3,0.1,0.3235,0.6471,0.4314,0.3966,11,23,6,35,0.5556,0.0
0.4,0.2,0.6,0.3,0.2,0.3438,0.6471,0.449,0.3621,11,21,6,37,0.5556,0.0
0.4,0.2,0.6,0.3,0.3,0.3333,0.5294,0.4091,0.3103,9,18,8,40,0.5556,0.0
0.4,0.2,0.6,0.4,0.1,0.3333,0.6471,0.44,0.3793,11,22,6,36,0.5556,0.0
0.4,0.2,0.6,0.4,0.2,0.3462,0.5294,0.4186,0.2931,9,17,8,41,0.5556,0.0
0.4,0.2,0.6,0.4,0.3,0.3529,0.3529,0.3529,0.1897,6,11,11,47,0.5556,0.0
0.4,0.2,0.6,0.5,0.1,0.3548,0.6471,0.4583,0.3448,11,20,6,38,0.5556,0.0
0.4,0.2,0.6,0.5,0.2,0.2727,0.3529,0.3077,0.2759,6,16,11,42,0.5556,0.0
0.4,0.2,0.6,0.5,0.3,0.2308,0.1765,0.2,0.1724,3,10,14,48,0.5556,0.0
0.4,0.2,0.6,0.6,0.1,0.3929,0.6471,0.4889,0.2931,11,17,6,41,0.5556,0.0
0.4,0.2,0.6,0.6,0.2,0.4,0.3529,0.375,0.1552,6,9,11,49,0.5556,0.0
0.4,0.2,0.6,0.6,0.3,0.2,0.1176,0.1481,0.1379,2,8,15,50,0.5556,0.0
0.4,0.2,0.6,0.7,0.1,0.0,0.0,0.0,0.0345,0,2,17,56,0.1111,0.0
0.4,0.2,0.6,0.7,0.2,0.0,0.0,0.0,0.0345,0,2,17,56,0.1111,0.0
0.4,0.2,0.6,0.7,0.3,0.0,0.0,0.0,0.0345,0,2,17,56,0.1111,0.0
0.4,0.2,0.8,0.3,0.1,0.3235,0.6471,0.4314,0.3966,11,23,6,35,0.5556,0.0
0.4,0.2,0.8,0.3,0.2,0.3438,0.6471,0.449,0.3621,11,21,6,37,0.5556,0.0
0.4,0.2,0.8,0.3,0.3,0.3214,0.5294,0.4,0.3276,9,19,8,39,0.5556,0.0
0.4,0.2,0.8,0.4,0.1,0.3235,0.6471,0.4314,0.3966,11,23,6,35,0.5556,0.0
0.4,0.2,0.8,0.4,0.2,0.3214,0.5294,0.4,0.3276,9,19,8,39,0.5556,0.0
0.4,0.2,0.8,0.4,0.3,0.3158,0.3529,0.3333,0.2241,6,13,11,45,0.5556,0.0
0.4,0.2,0.8,0.5,0.1,0.3548,0.6471,0.4583,0.3448,11,20,6,38,0.5556,0.0
0.4,0.2,0.8,0.5,0.2,0.2727,0.3529,0.3077,0.2759,6,16,11,42,0.5556,0.0
0.4,0.2,0.8,0.5,0.3,0.2308,0.1765,0.2,0.1724,3,10,14,48,0.5556,0.0
0.4,0.2,0.8,0.6,0.1,0.3667,0.6471,0.4681,0.3276,11,19,6,39,0.5556,0.0
0.4,0.2,0.8,0.6,0.2,0.3529,0.3529,0.3529,0.1897,6,11,11,47,0.5556,0.0
0.4,0.2,0.8,0.6,0.3,0.1667,0.1176,0.1379,0.1724,2,10,15,48,0.5556,0.0
0.4,0.2,0.8,0.7,0.1,0.0,0.0,0.0,0.1379,0,8,17,50,0.5556,0.0
0.4,0.2,0.8,0.7,0.2,0.0,0.0,0.0,0.1379,0,8,17,50,0.5556,0.0
0.4,0.2,0.8,0.7,0.3,0.0,0.0,0.0,0.1379,0,8,17,50,0.5556,0.0
0.4,0.2,1.0,0.3,0.1,0.3235,0.6471,0.4314,0.3966,11,23,6,35,0.5556,0.0
0.4,0.2,1.0,0.3,0.2,0.3438,0.6471,0.449,0.3621,11,21,6,37,0.5556,0.0
0.4,0.2,1.0,0.3,0.3,0.3214,0.5294,0.4,0.3276,9,19,8,39,0.5556,0.0
0.4,0.2,1.0,0.4,0.1,0.3235,0.6471,0.4314,0.3966,11,23,6,35,0.5556,0.0
0.4,0.2,1.0,0.4,0.2,0.3214,0.5294,0.4,0.3276,9,19,8,39,0.5556,0.0
0.4,0.2,1.0,0.4,0.3,0.3158,0.3529,0.3333,0.2241,6,13,11,45,0.5556,0.0
0.4,0.2,1.0,0.5,0.1,0.3333,0.6471,0.44,0.3793,11,22,6,36,0.5556,0.0
0.4,0.2,1.0,0.5,0.2,0.25,0.3529,0.2927,0.3103,6,18,11,40,0.5556,0.0
0.4,0.2,1.0,0.5,0.3,0.2,0.1765,0.1875,0.2069,3,12,14,46,0.5556,0.0
0.4,0.2,1.0,0.6,0.1,0.3667,0.6471,0.4681,0.3276,11,19,6,39,0.5556,0.0
0.4,0.2,1.0,0.6,0.2,0.3529,0.3529,0.3529,0.1897,6,11,11,47,0.5556,0.0
0.4,0.2,1.0,0.6,0.3,0.1667,0.1176,0.1379,0.1724,2,10,15,48,0.5556,0.0
0.4,0.2,1.0,0.7,0.1,0.0,0.0,0.0,0.1379,0,8,17,50,0.5556,0.0
0.4,0.2,1.0,0.7,0.2,0.0,0.0,0.0,0.1379,0,8,17,50,0.5556,0.0
0.4,0.2,1.0,0.7,0.3,0.0,0.0,0.0,0.1379,0,8,17,50,0.5556,0.0
0.4,0.25,0.2,0.3,0.1,0.44,0.6471,0.5238,0.2414,11,14,6,44,0.1111,0.0
0.4,0.25,0.2,0.3,0.2,0.4091,0.5294,0.4615,0.2241,9,13,8,45,0.1111,0.0
0.4,0.25,0.2,0.3,0.3,0.4118,0.4118,0.4118,0.1724,7,10,10,48,0.1111,0.0
0.4,0.25,0.2,0.4,0.1,0.4167,0.5882,0.4878,0.2414,10,14,7,44,0.1111,0.0
0.4,0.25,0.2,0.4,0.2,0.3889,0.4118,0.4,0.1897,7,11,10,47,0.1111,0.0
0.4,0.25,0.2,0.4,0.3,0.4444,0.2353,0.3077,0.0862,4,5,13,53,0.1111,0.0
0.4,0.25,0.2,0.5,0.1,0.4091,0.5294,0.4615,0.2241,9,13,8,45,0.1111,0.0
0.4,0.25,0.2,0.5,0.2,0.2857,0.2353,0.2581,0.1724,4,10,13,48,0.1111,0.0
0.4,0.25,0.2,0.5,0.3,0.4286,0.1765,0.25,0.069,3,4,14,54,0.1111,0.0
0.4,0.25,0.2,0.6,0.1,0.4091,0.5294,0.4615,0.2241,9,13,8,45,0.1111,0.0
0.4,0.25,0.2,0.6,0.2,0.4444,0.2353,0.3077,0.0862,4,5,13,53,0.1111,0.0
0.4,0.25,0.2,0.6,0.3,0.5,0.1176,0.1905,0.0345,2,2,15,56,0.0,0.0
0.4,0.25,0.2,0.7,0.1,0.0,0.0,0.0,0.0345,0,2,17,56,0.1111,0.0
0.4,0.25,0.2,0.7,0.2,0.0,0.0,0.0,0.0345,0,2,17,56,0.1111,0.0
0.4,0.25,0.2,0.7,0.3,0.0,0.0,0.0,0.0,0,0,17,58,0.0,0.0
0.4,0.25,0.35,0.3,0.1,0.3438,0.6471,0.449,0.3621,11,21,6,37,0.5556,0.0
0.4,0.25,0.35,0.3,0.2,0.3214,0.5294,0.4,0.3276,9,19,8,39,0.5556,0.0
0.4,0.25,0.35,0.3,0.3,0.3043,0.4118,0.35,0.2759,7,16,10,42,0.5556,0.0
0.4,0.25,0.35,0.4,0.1,0.4167,0.5882,0.4878,0.2414,10,14,7,44,0.1111,0.0
0.4,0.25,0.35,0.4,0.2,0.3889,0.4118,0.4,0.1897,7,11,10,47,0.1111,0.0
0.4,0.25,0.35,0.4,0.3,0.4444,0.2353,0.3077,0.0862,4,5,13,53,0.1111,0.0
0.4,0.25,0.35,0.5,0.1,0.4091,0.5294,0.4615,0.2241,9,13,8,45,0.1111,0.0
0.4,0.25,0.35,0.5,0.2,0.2857,0.2353,0.2581,0.1724,4,10,13,48,0.1111,0.0
0.4,0.25,0.35,0.5,0.3,0.4286,0.1765,0.25,0.069,3,4,14,54,0.1111,0.0
0.4,0.25,0.35,0.6,0.1,0.4091,0.5294,0.4615,0.2241,9,13,8,45,0.1111,0.0
0.4,0.25,0.35,0.6,0.2,0.4444,0.2353,0.3077,0.0862,4,5,13,53,0.1111,0.0
0.4,0.25,0.35,0.6,0.3,0.3333,0.1176,0.1739,0.069,2,4,15,54,0.1111,0.0
0.4,0.25,0.35,0.7,0.1,0.0,0.0,0.0,0.0345,0,2,17,56,0.1111,0.0
0.4,0.25,0.35,0.7,0.2,0.0,0.0,0.0,0.0345,0,2,17,56,0.1111,0.0
0.4,0.25,0.35,0.7,0.3,0.0,0.0,0.0,0.0,0,0,17,58,0.0,0.0
0.4,0.25,0.45,0.3,0.1,0.3438,0.6471,0.449,0.3621,11,21,6,37,0.5556,0.0
0.4,0.25,0.45,0.3,0.2,0.3103,0.5294,0.3913,0.3448,9,20,8,38,0.5556,0.0
0.4,0.25,0.45,0.3,0.3,0.3043,0.4118,0.35,0.2759,7,16,10,42,0.5556,0.0
0.4,0.25,0.45,0.4,0.1,0.3333,0.5882,0.4255,0.3448,10,20,7,38,0.5556,0.0
0.4,0.25,0.45,0.4,0.2,0.2917,0.4118,0.3415,0.2931,7,17,10,41,0.5556,0.0
0.4,0.25,0.45,0.4,0.3,0.2667,0.2353,0.25,0.1897,4,11,13,47,0.5556,0.0
0.4,0.25,0.45,0.5,0.1,0.4091,0.5294,0.4615,0.2241,9,13,8,45,0.1111,0.0
0.4,0.25,0.45,0.5,0.2,0.2857,0.2353,0.2581,0.1724,4,10,13,48,0.1111,0.0
0.4,0.25,0.45,0.5,0.3,0.4286,0.1765,0.25,0.069,3,4,14,54,0.1111,0.0
0.4,0.25,0.45,0.6,0.1,0.4091,0.5294,0.4615,0.2241,9,13,8,45,0.1111,0.0
0.4,0.25,0.45,0.6,0.2,0.4444,0.2353,0.3077,0.0862,4,5,13,53,0.1111,0.0
0.4,0.25,0.45,0.6,0.3,0.3333,0.1176,0.1739,0.069,2,4,15,54,0.1111,0.0
0.4,0.25,0.45,0.7,0.1,0.0,0.0,0.0,0.0345,0,2,17,56,0.1111,0.0
0.4,0.25,0.45,0.7,0.2,0.0,0.0,0.0,0.0345,0,2,17,56,0.1111,0.0
0.4,0.25,0.45,0.7,0.3,0.0,0.0,0.0,0.0,0,0,17,58,0.0,0.0
0.4,0.25,0.6,0.3,0.1,0.3333,0.6471,0.44,0.3793,11,22,6,36,0.5556,0.0
0.4,0.25,0.6,0.3,0.2,0.3,0.5294,0.383,0.3621,9,21,8,37,0.5556,0.0
0.4,0.25,0.6,0.3,0.3,0.28,0.4118,0.3333,0.3103,7,18,10,40,0.5556,0.0
0.4,0.25,0.6,0.4,0.1,0.3226,0.5882,0.4167,0.3621,10,21,7,37,0.5556,0.0
0.4,0.25,0.6,0.4,0.2,0.2917,0.4118,0.3415,0.2931,7,17,10,41,0.5556,0.0
0.4,0.25,0.6,0.4,0.3,0.2667,0.2353,0.25,0.1897,4,11,13,47,0.5556,0.0
0.4,0.25,0.6,0.5,0.1,0.3214,0.5294,0.4,0.3276,9,19,8,39,0.5556,0.0
0.4,0.25,0.6,0.5,0.2,0.2,0.2353,0.2162,0.2759,4,16,13,42,0.5556,0.0
0.4,0.25,0.6,0.5,0.3,0.2308,0.1765,0.2,0.1724,3,10,14,48,0.5556,0.0
0.4,0.25,0.6,0.6,0.1,0.3462,0.5294,0.4186,0.2931,9,17,8,41,0.5556,0.0
0.4,0.25,0.6,0.6,0.2,0.3077,0.2353,0.2667,0.1552,4,9,13,49,0.5556,0.0
0.4,0.25,0.6,0.6,0.3,0.2,0.1176,0.1481,0.1379,2,8,15,50,0.5556,0.0
0.4,0.25,0.6,0.7,0.1,0.0,0.0,0.0,0.0345,0,2,17,56,0.1111,0.0
0.4,0.25,0.6,0.7,0.2,0.0,0.0,0.0,0.0345,0,2,17,56,0.1111,0.0
0.4,0.25,0.6,0.7,0.3,0.0,0.0,0.0,0.0345,0,2,17,56,0.1111,0.0
0.4,0.25,0.8,0.3,0.1,0.3333,0.6471,0.44,0.3793,11,22,6,36,0.5556,0.0
0.4,0.25,0.8,0.3,0.2,0.3,0.5294,0.383,0.3621,9,21,8,37,0.5556,0.0
0.4,0.25,0.8,0.3,0.3,0.2692,0.4118,0.3256,0.3276,7,19,10,39,0.5556,0.0
0.4,0.25,0.8,0.4,0.1,0.3125,0.5882,0.4082,0.3793,10,22,7,36,0.5556,0.0
0.4,0.25,0.8,0.4,0.2,0.2692,0.4118,0.3256,0.3276,7,19,10,39,0.5556,0.0
0.4,0.25,0.8,0.4,0.3,0.2353,0.2353,0.2353,0.2241,4,13,13,45,0.5556,0.0
0.4,0.25,0.8,0.5,0.1,0.3214,0.5294,0.4,0.3276,9,19,8,39,0.5556,0.0
0.4,0.25,0.8,0.5,0.2,0.2,0.2353,0.2162,0.2759,4,16,13,42,0.5556,0.0
0.4,0.25,0.8,0.5,0.3,0.2308,0.1765,0.2,0.1724,3,10,14,48,0.5556,0.0
0.4,0.25,0.8,0.6,0.1,0.3214,0.5294,0.4,0.3276,9,19,8,39,0.5556,0.0
0.4,0.25,0.8,0.6,0.2,0.2667,0.2353,0.25,0.1897,4,11,13,47,0.5556,0.0
0.4,0.25,0.8,0.6,0.3,0.1667,0.1176,0.1379,0.1724,2,10,15,48,0.5556,0.0
0.4,0.25,0.8,0.7,0.1,0.0,0.0,0.0,0.1379,0,8,17,50,0.5556,0.0
0.4,0.25,0.8,0.7,0.2,0.0,0.0,0.0,0.1379,0,8,17,50,0.5556,0.0
0.4,0.25,0.8,0.7,0.3,0.0,0.0,0.0,0.1379,0,8,17,50,0.5556,0.0
0.4,0.25,1.0,0.3,0.1,0.3333,0.6471,0.44,0.3793,11,22,6,36,0.5556,0.0
0.4,0.25,1.0,0.3,0.2,0.3,0.5294,0.383,0.3621,9,21,8,37,0.5556,0.0
0.4,0.25,1.0,0.3,0.3,0.2692,0.4118,0.3256,0.3276,7,19,10,39,0.5556,0.0
0.4,0.25,1.0,0.4,0.1,0.3125,0.5882,0.4082,0.3793,10,22,7,36,0.5556,0.0
0.4,0.25,1.0,0.4,0.2,0.2692,0.4118,0.3256,0.3276,7,19,10,39,0.5556,0.0
0.4,0.25,1.0,0.4,0.3,0.2353,0.2353,0.2353,0.2241,4,13,13,45,0.5556,0.0
0.4,0.25,1.0,0.5,0.1,0.3,0.5294,0.383,0.3621,9,21,8,37,0.5556,0.0
0.4,0.25,1.0,0.5,0.2,0.1818,0.2353,0.2051,0.3103,4,18,13,40,0.5556,0.0
0.4,0.25,1.0,0.5,0.3,0.2,0.1765,0.1875,0.2069,3,12,14,46,0.5556,0.0
0.4,0.25,1.0,0.6,0.1,0.3214,0.5294,0.4,0.3276,9,19,8,39,0.5556,0.0
0.4,0.25,1.0,0.6,0.2,0.2667,0.2353,0.25,0.1897,4,11,13,47,0.5556,0.0
0.4,0.25,1.0,0.6,0.3,0.1667,0.1176,0.1379,0.1724,2,10,15,48,0.5556,0.0
0.4,0.25,1.0,0.7,0.1,0.0,0.0,0.0,0.1379,0,8,17,50,0.5556,0.0
0.4,0.25,1.0,0.7,0.2,0.0,0.0,0.0,0.1379,0,8,17,50,0.5556,0.0
0.4,0.25,1.0,0.7,0.3,0.0,0.0,0.0,0.1379,0,8,17,50,0.5556,0.0
0.45,0.0,0.2,0.3,0.1,0.3939,0.7647,0.52,0.3448,13,20,4,38,0.1111,0.0
0.45,0.0,0.2,0.3,0.2,0.4286,0.7059,0.5333,0.2759,12,16,5,42,0.1111,0.0
0.45,0.0,0.2,0.3,0.3,0.44,0.6471,0.5238,0.2414,11,14,6,44,0.1111,0.0
0.45,0.0,0.2,0.4,0.1,0.375,0.7059,0.4898,0.3448,12,20,5,38,0.1111,0.0
0.45,0.0,0.2,0.4,0.2,0.4615,0.7059,0.5581,0.2414,12,14,5,44,0.1111,0.0
0.45,0.0,0.2,0.4,0.3,0.5,0.6471,0.5641,0.1897,11,11,6,47,0.1111,0.0
0.45,0.0,0.2,0.5,0.1,0.4286,0.7059,0.5333,0.2759,12,16,5,42,0.1111,0.0
0.45,0.0,0.2,0.5,0.2,0.4583,0.6471,0.5366,0.2241,11,13,6,45,0.1111,0.0
0.45,0.0,0.2,0.5,0.3,0.625,0.5882,0.6061,0.1034,10,6,7,52,0.1111,0.0
0.45,0.0,0.2,0.6,0.1,0.4444,0.7059,0.5455,0.2586,12,15,5,43,0.1111,0.0
0.45,0.0,0.2,0.6,0.2,0.5,0.6471,0.5641,0.1897,11,11,6,47,0.1111,0.0
0.45,0.0,0.2,0.6,0.3,0.6923,0.5294,0.6,0.069,9,4,8,54,0.1111,0.0
0.45,0.0,0.2,0.7,0.1,0.0,0.0,0.0,0.0345,0,2,17,56,0.1111,0.0
0.45,0.0,0.2,0.7,0.2,0.0,0.0,0.0,0.0345,0,2,17,56,0.1111,0.0
0.45,0.0,0.2,0.7,0.3,0.0,0.0,0.0,0.0,0,0,17,58,0.0,0.0
0.45,0.0,0.35,0.3,0.1,0.3333,0.7647,0.4643,0.4483,13,26,4,32,0.5556,0.0
0.45,0.0,0.35,0.3,0.2,0.3529,0.7059,0.4706,0.3793,12,22,5,36,0.5556,0.0
0.45,0.0,0.35,0.3,0.3,0.3438,0.6471,0.449,0.3621,11,21,6,37,0.5556,0.0
0.45,0.0,0.35,0.4,0.1,0.375,0.7059,0.4898,0.3448,12,20,5,38,0.1111,0.0
0.45,0.0,0.35,0.4,0.2,0.4615,0.7059,0.5581,0.2414,12,14,5,44,0.1111,0.0
0.45,0.0,0.35,0.4,0.3,0.5,0.6471,0.5641,0.1897,11,11,6,47,0.1111,0.0
0.45,0.0,0.35,0.5,0.1,0.4286,0.7059,0.5333,0.2759,12,16,5,42,0.1111,0.0
0.45,0.0,0.35,0.5,0.2,0.4583,0.6471,0.5366,0.2241,11,13,6,45,0.1111,0.0
0.45,0.0,0.35,0.5,0.3,0.625,0.5882,0.6061,0.1034,10,6,7,52,0.1111,0.0
0.45,0.0,0.35,0.6,0.1,0.4444,0.7059,0.5455,0.2586,12,15,5,43,0.1111,0.0
0.45,0.0,0.35,0.6,0.2,0.5,0.6471,0.5641,0.1897,11,11,6,47,0.1111,0.0
0.45,0.0,0.35,0.6,0.3,0.6923,0.5294,0.6,0.069,9,4,8,54,0.1111,0.0
0.45,0.0,0.35,0.7,0.1,0.0,0.0,0.0,0.0345,0,2,17,56,0.1111,0.0
0.45,0.0,0.35,0.7,0.2,0.0,0.0,0.0,0.0345,0,2,17,56,0.1111,0.0
0.45,0.0,0.35,0.7,0.3,0.0,0.0,0.0,0.0345,0,2,17,56,0.1111,0.0
0.45,0.0,0.45,0.3,0.1,0.3333,0.7647,0.4643,0.4483,13,26,4,32,0.5556,0.0
0.45,0.0,0.45,0.3,0.2,0.3529,0.7059,0.4706,0.3793,12,22,5,36,0.5556,0.0
0.45,0.0,0.45,0.3,0.3,0.3438,0.6471,0.449,0.3621,11,21,6,37,0.5556,0.0
0.45,0.0,0.45,0.4,0.1,0.3158,0.7059,0.4364,0.4483,12,26,5,32,0.5556,0.0
0.45,0.0,0.45,0.4,0.2,0.375,0.7059,0.4898,0.3448,12,20,5,38,0.5556,0.0
0.45,0.0,0.45,0.4,0.3,0.3929,0.6471,0.4889,0.2931,11,17,6,41,0.5556,0.0
0.45,0.0,0.45,0.5,0.1,0.4286,0.7059,0.5333,0.2759,12,16,5,42,0.1111,0.0
0.45,0.0,0.45,0.5,0.2,0.4583,0.6471,0.5366,0.2241,11,13,6,45,0.1111,0.0
0.45,0.0,0.45,0.5,0.3,0.625,0.5882,0.6061,0.1034,10,6,7,52,0.1111,0.0
0.45,0.0,0.45,0.6,0.1,0.4444,0.7059,0.5455,0.2586,12,15,5,43,0.1111,0.0
0.45,0.0,0.45,0.6,0.2,0.5,0.6471,0.5641,0.1897,11,11,6,47,0.1111,0.0
0.45,0.0,0.45,0.6,0.3,0.6923,0.5294,0.6,0.069,9,4,8,54,0.1111,0.0
0.45,0.0,0.45,0.7,0.1,0.0,0.0,0.0,0.0345,0,2,17,56,0.1111,0.0
0.45,0.0,0.45,0.7,0.2,0.0,0.0,0.0,0.0345,0,2,17,56,0.1111,0.0
0.45,0.0,0.45,0.7,0.3,0.0,0.0,0.0,0.0345,0,2,17,56,0.1111,0.0
0.45,0.0,0.6,0.3,0.1,0.325,0.7647,0.4561,0.4655,13,27,4,31,0.5556,0.0
0.45,0.0,0.6,0.3,0.2,0.3429,0.7059,0.4615,0.3966,12,23,5,35,0.5556,0.0
0.45,0.0,0.6,0.3,0.3,0.3333,0.6471,0.44,0.3793,11,22,6,36,0.5556,0.0
0.45,0.0,0.6,0.4,0.1,0.3158,0.7059,0.4364,0.4483,12,26,5,32,0.5556,0.0
0.45,0.0,0.6,0.4,0.2,0.3636,0.7059,0.48,0.3621,12,21,5,37,0.5556,0.0
0.45,0.0,0.6,0.4,0.3,0.3793,0.6471,0.4783,0.3103,11,18,6,40,0.5556,0.0
0.45,0.0,0.6,0.5,0.1,0.3529,0.7059,0.4706,0.3793,12,22,5,36,0.5556,0.0
0.45,0.0,0.6,0.5,0.2,0.3667,0.6471,0.4681,0.3276,11,19,6,39,0.5556,0.0
0.45,0.0,0.6,0.5,0.3,0.4545,0.5882,0.5128,0.2069,10,12,7,46,0.5556,0.0
0.45,0.0,0.6,0.6,0.1,0.3871,0.7059,0.5,0.3276,12,19,5,39,0.5556,0.0
0.45,0.0,0.6,0.6,0.2,0.4231,0.6471,0.5116,0.2586,11,15,6,43,0.5556,0.0
0.45,0.0,0.6,0.6,0.3,0.5294,0.5294,0.5294,0.1379,9,8,8,50,0.5556,0.0
0.45,0.0,0.6,0.7,0.1,0.0,0.0,0.0,0.0345,0,2,17,56,0.1111,0.0
0.45,0.0,0.6,0.7,0.2,0.0,0.0,0.0,0.0345,0,2,17,56,0.1111,0.0
0.45,0.0,0.6,0.7,0.3,0.0,0.0,0.0,0.0345,0,2,17,56,0.1111,0.0
0.45,0.0,0.8,0.3,0.1,0.325,0.7647,0.4561,0.4655,13,27,4,31,0.5556,0.0
0.45,0.0,0.8,0.3,0.2,0.3429,0.7059,0.4615,0.3966,12,23,5,35,0.5556,0.0
0.45,0.0,0.8,0.3,0.3,0.3333,0.6471,0.44,0.3793,11,22,6,36,0.5556,0.0
0.45,0.0,0.8,0.4,0.1,0.3077,0.7059,0.4286,0.4655,12,27,5,31,0.5556,0.0
0.45,0.0,0.8,0.4,0.2,0.3529,0.7059,0.4706,0.3793,12,22,5,36,0.5556,0.0
0.45,0.0,0.8,0.4,0.3,0.3667,0.6471,0.4681,0.3276,11,19,6,39,0.5556,0.0
0.45,0.0,0.8,0.5,0.1,0.3529,0.7059,0.4706,0.3793,12,22,5,36,0.5556,0.0
0.45,0.0,0.8,0.5,0.2,0.3548,0.6471,0.4583,0.3448,11,20,6,38,0.5556,0.0
0.45,0.0,0.8,0.5,0.3,0.4545,0.5882,0.5128,0.2069,10,12,7,46,0.5556,0.0
0.45,0.0,0.8,0.6,0.1,0.3636,0.7059,0.48,0.3621,12,21,5,37,0.5556,0.0
0.45,0.0,0.8,0.6,0.2,0.3929,0.6471,0.4889,0.2931,11,17,6,41,0.5556,0.0
0.45,0.0,0.8,0.6,0.3,0.4737,0.5294,0.5,0.1724,9,10,8,48,0.5556,0.0
0.45,0.0,0.8,0.7,0.1,0.0,0.0,0.0,0.1379,0,8,17,50,0.5556,0.0
0.45,0.0,0.8,0.7,0.2,0.0,0.0,0.0,0.1379,0,8,17,50,0.5556,0.0
0.45,0.0,0.8,0.7,0.3,0.0,0.0,0.0,0.1379,0,8,17,50,0.5556,0.0
0.45,0.0,1.0,0.3,0.1,0.325,0.7647,0.4561,0.4655,13,27,4,31,0.5556,0.0
0.45,0.0,1.0,0.3,0.2,0.3429,0.7059,0.4615,0.3966,12,23,5,35,0.5556,0.0
0.45,0.0,1.0,0.3,0.3,0.3333,0.6471,0.44,0.3793,11,22,6,36,0.5556,0.0
0.45,0.0,1.0,0.4,0.1,0.3077,0.7059,0.4286,0.4655,12,27,5,31,0.5556,0.0
0.45,0.0,1.0,0.4,0.2,0.3529,0.7059,0.4706,0.3793,12,22,5,36,0.5556,0.0
0.45,0.0,1.0,0.4,0.3,0.3667,0.6471,0.4681,0.3276,11,19,6,39,0.5556,0.0
0.45,0.0,1.0,0.5,0.1,0.3429,0.7059,0.4615,0.3966,12,23,5,35,0.5556,0.0
0.45,0.0,1.0,0.5,0.2,0.3438,0.6471,0.449,0.3621,11,21,6,37,0.5556,0.0
0.45,0.0,1.0,0.5,0.3,0.4167,0.5882,0.4878,0.2414,10,14,7,44,0.5556,0.0
0.45,0.0,1.0,0.6,0.1,0.3636,0.7059,0.48,0.3621,12,21,5,37,0.5556,0.0
0.45,0.0,1.0,0.6,0.2,0.3929,0.6471,0.4889,0.2931,11,17,6,41,0.5556,0.0
0.45,0.0,1.0,0.6,0.3,0.4737,0.5294,0.5,0.1724,9,10,8,48,0.5556,0.0
0.45,0.0,1.0,0.7,0.1,0.0,0.0,0.0,0.1379,0,8,17,50,0.5556,0.0
0.45,0.0,1.0,0.7,0.2,0.0,0.0,0.0,0.1379,0,8,17,50,0.5556,0.0
0.45,0.0,1.0,0.7,0.3,0.0,0.0,0.0,0.1379,0,8,17,50,0.5556,0.0
0.45,0.05,0.2,0.3,0.1,0.3939,0.7647,0.52,0.3448,13,20,4,38,0.1111,0.0
0.45,0.05,0.2,0.3,0.2,0.4074,0.6471,0.5,0.2759,11,16,6,42,0.1111,0.0
0.45,0.05,0.2,0.3,0.3,0.44,0.6471,0.5238,0.2414,11,14,6,44,0.1111,0.0
0.45,0.05,0.2,0.4,0.1,0.375,0.7059,0.4898,0.3448,12,20,5,38,0.1111,0.0
0.45,0.05,0.2,0.4,0.2,0.44,0.6471,0.5238,0.2414,11,14,6,44,0.1111,0.0
0.45,0.05,0.2,0.4,0.3,0.5,0.6471,0.5641,0.1897,11,11,6,47,0.1111,0.0
0.45,0.05,0.2,0.5,0.1,0.4286,0.7059,0.5333,0.2759,12,16,5,42,0.1111,0.0
0.45,0.05,0.2,0.5,0.2,0.4583,0.6471,0.5366,0.2241,11,13,6,45,0.1111,0.0
0.45,0.05,0.2,0.5,0.3,0.6667,0.5882,0.625,0.0862,10,5,7,53,0.1111,0.0
0.45,0.05,0.2,0.6,0.1,0.4231,0.6471,0.5116,0.2586,11,15,6,43,0.1111,0.0
0.45,0.05,0.2,0.6,0.2,0.5,0.6471,0.5641,0.1897,11,11,6,47,0.1111,0.0
0.45,0.05,0.2,0.6,0.3,0.6364,0.4118,0.5,0.069,7,4,10,54,0.1111,0.0
0.45,0.05,0.2,0.7,0.1,0.0,0.0,0.0,0.0345,0,2,17,56,0.1111,0.0
0.45,0.05,0.2,0.7,0.2,0.0,0.0,0.0,0.0345,0,2,17,56,0.1111,0.0
0.45,0.05,0.2,0.7,0.3,0.0,0.0,0.0,0.0,0,0,17,58,0.0,0.0
0.45,0.05,0.35,0.3,0.1,0.3333,0.7647,0.4643,0.4483,13,26,4,32,0.5556,0.0
0.45,0.05,0.35,0.3,0.2,0.3333,0.6471,0.44,0.3793,11,22,6,36,0.5556,0.0
0.45,0.05,0.35,0.3,0.3,0.3438,0.6471,0.449,0.3621,11,21,6,37,0.5556,0.0
0.45,0.05,0.35,0.4,0.1,0.375,0.7059,0.4898,0.3448,12,20,5,38,0.1111,0.0
0.45,0.05,0.35,0.4,0.2,0.44,0.6471,0.5238,0.2414,11,14,6,44,0.1111,0.0
0.45,0.05,0.35,0.4,0.3,0.5,0.6471,0.5641,0.1897,11,11,6,47,0.1111,0.0
0.45,0.05,0.35,0.5,0.1,0.4286,0.7059,0.5333,0.2759,12,16,5,42,0.1111,0.0
0.45,0.05,0.35,0.5,0.2,0.4583,0.6471,0.5366,0.2241,11,13,6,45,0.1111,0.0
0.45,0.05,0.35,0.5,0.3,0.6667,0.5882,0.625,0.0862,10,5,7,53,0.1111,0.0
0.45,0.05,0.35,0.6,0.1,0.4231,0.6471,0.5116,0.2586,11,15,6,43,0.1111,0.0
0.45,0.05,0.35,0.6,0.2,0.5,0.6471,0.5641,0.1897,11,11,6,47,0.1111,0.0
0.45,0.05,0.35,0.6,0.3,0.6364,0.4118,0.5,0.069,7,4,10,54,0.1111,0.0
0.45,0.05,0.35,0.7,0.1,0.0,0.0,0.0,0.0345,0,2,17,56,0.1111,0.0
0.45,0.05,0.35,0.7,0.2,0.0,0.0,0.0,0.0345,0,2,17,56,0.1111,0.0
0.45,0.05,0.35,0.7,0.3,0.0,0.0,0.0,0.0345,0,2,17,56,0.1111,0.0
0.45,0.05,0.45,0.3,0.1,0.3333,0.7647,0.4643,0.4483,13,26,4,32,0.5556,0.0
0.45,0.05,0.45,0.3,0.2,0.3333,0.6471,0.44,0.3793,11,22,6,36,0.5556,0.0
0.45,0.05,0.45,0.3,0.3,0.3438,0.6471,0.449,0.3621,11,21,6,37,0.5556,0.0
0.45,0.05,0.45,0.4,0.1,0.3158,0.7059,0.4364,0.4483,12,26,5,32,0.5556,0.0
0.45,0.05,0.45,0.4,0.2,0.3548,0.6471,0.4583,0.3448,11,20,6,38,0.5556,0.0
0.45,0.05,0.45,0.4,0.3,0.3929,0.6471,0.4889,0.2931,11,17,6,41,0.5556,0.0
0.45,0.05,0.45,0.5,0.1,0.4286,0.7059,0.5333,0.2759,12,16,5,42,0.1111,0.0
0.45,0.05,0.45,0.5,0.2,0.4583,0.6471,0.5366,0.2241,11,13,6,45,0.1111,0.0
0.45,0.05,0.45,0.5,0.3,0.6667,0.5882,0.625,0.0862,10,5,7,53,0.1111,0.0
0.45,0.05,0.45,0.6,0.1,0.4231,0.6471,0.5116,0.2586,11,15,6,43,0.1111,0.0
0.45,0.05,0.45,0.6,0.2,0.5,0.6471,0.5641,0.1897,11,11,6,47,0.1111,0.0
0.45,0.05,0.45,0.6,0.3,0.6364,0.4118,0.5,0.069,7,4,10,54,0.1111,0.0
0.45,0.05,0.45,0.7,0.1,0.0,0.0,0.0,0.0345,0,2,17,56,0.1111,0.0
0.45,0.05,0.45,0.7,0.2,0.0,0.0,0.0,0.0345,0,2,17,56,0.1111,0.0
0.45,0.05,0.45,0.7,0.3,0.0,0.0,0.0,0.0345,0,2,17,56,0.1111,0.0
0.45,0.05,0.6,0.3,0.1,0.325,0.7647,0.4561,0.4655,13,27,4,31,0.5556,0.0
0.45,0.05,0.6,0.3,0.2,0.3235,0.6471,0.4314,0.3966,11,23,6,35,0.5556,0.0
0.45,0.05,0.6,0.3,0.3,0.3333,0.6471,0.44,0.3793,11,22,6,36,0.5556,0.0
0.45,0.05,0.6,0.4,0.1,0.3158,0.7059,0.4364,0.4483,12,26,5,32,0.5556,0.0
0.45,0.05,0.6,0.4,0.2,0.3438,0.6471,0.449,0.3621,11,21,6,37,0.5556,0.0
0.45,0.05,0.6,0.4,0.3,0.3793,0.6471,0.4783,0.3103,11,18,6,40,0.5556,0.0
0.45,0.05,0.6,0.5,0.1,0.3529,0.7059,0.4706,0.3793,12,22,5,36,0.5556,0.0
0.45,0.05,0.6,0.5,0.2,0.3667,0.6471,0.4681,0.3276,11,19,6,39,0.5556,0.0
0.45,0.05,0.6,0.5,0.3,0.4762,0.5882,0.5263,0.1897,10,11,7,47,0.5556,0.0
0.45,0.05,0.6,0.6,0.1,0.3667,0.6471,0.4681,0.3276,11,19,6,39,0.5556,0.0
0.45,0.05,0.6,0.6,0.2,0.4231,0.6471,0.5116,0.2586,11,15,6,43,0.5556,0.0
0.45,0.05,0.6,0.6,0.3,0.4667,0.4118,0.4375,0.1379,7,8,10,50,0.5556,0.0
0.45,0.05,0.6,0.7,0.1,0.0,0.0,0.0,0.0345,0,2,17,56,0.1111,0.0
0.45,0.05,0.6,0.7,0.2,0.0,0.0,0.0,0.0345,0,2,17,56,0.1111,0.0
0.45,0.05,0.6,0.7,0.3,0.0,0.0,0.0,0.0345,0,2,17,56,0.1111,0.0
0.45,0.05,0.8,0.3,0.1,0.325,0.7647,0.4561,0.4655,13,27,4,31,0.5556,0.0
0.45,0.05,0.8,0.3,0.2,0.3235,0.6471,0.4314,0.3966,11,23,6,35,0.5556,0.0
0.45,0.05,0.8,0.3,0.3,0.3333,0.6471,0.44,0.3793,11,22,6,36,0.5556,0.0
0.45,0.05,0.8,0.4,0.1,0.3077,0.7059,0.4286,0.4655,12,27,5,31,0.5556,0.0
0.45,0.05,0.8,0.4,0.2,0.3333,0.6471,0.44,0.3793,11,22,6,36,0.5556,0.0
0.45,0.05,0.8,0.4,0.3,0.3667,0.6471,0.4681,0.3276,11,19,6,39,0.5556,0.0
0.45,0.05,0.8,0.5,0.1,0.3529,0.7059,0.4706,0.3793,12,22,5,36,0.5556,0.0
0.45,0.05,0.8,0.5,0.2,0.3548,0.6471,0.4583,0.3448,11,20,6,38,0.5556,0.0
0.45,0.05,0.8,0.5,0.3,0.4762,0.5882,0.5263,0.1897,10,11,7,47,0.5556,0.0
0.45,0.05,0.8,0.6,0.1,0.3438,0.6471,0.449,0.3621,11,21,6,37,0.5556,0.0
0.45,0.05,0.8,0.6,0.2,0.3929,0.6471,0.4889,0.2931,11,17,6,41,0.5556,0.0
0.45,0.05,0.8,0.6,0.3,0.4118,0.4118,0.4118,0.1724,7,10,10,48,0.5556,0.0
0.45,0.05,0.8,0.7,0.1,0.0,0.0,0.0,0.1379,0,8,17,50,0.5556,0.0
0.45,0.05,0.8,0.7,0.2,0.0,0.0,0.0,0.1379,0,8,17,50,0.5556,0.0
0.45,0.05,0.8,0.7,0.3,0.0,0.0,0.0,0.1379,0,8,17,50,0.5556,0.0
0.45,0.05,1.0,0.3,0.1,0.325,0.7647,0.4561,0.4655,13,27,4,31,0.5556,0.0
0.45,0.05,1.0,0.3,0.2,0.3235,0.6471,0.4314,0.3966,11,23,6,35,0.5556,0.0
0.45,0.05,1.0,0.3,0.3,0.3333,0.6471,0.44,0.3793,11,22,6,36,0.5556,0.0
0.45,0.05,1.0,0.4,0.1,0.3077,0.7059,0.4286,0.4655,12,27,5,31,0.5556,0.0
0.45,0.05,1.0,0.4,0.2,0.3333,0.6471,0.44,0.3793,11,22,6,36,0.5556,0.0
0.45,0.05,1.0,0.4,0.3,0.3667,0.6471,0.4681,0.3276,11,19,6,39,0.5556,0.0
0.45,0.05,1.0,0.5,0.1,0.3429,0.7059,0.4615,0.3966,12,23,5,35,0.5556,0.0
0.45,0.05,1.0,0.5,0.2,0.3438,0.6471,0.449,0.3621,11,21,6,37,0.5556,0.0
0.45,0.05,1.0,0.5,0.3,0.4348,0.5882,0.5,0.2241,10,13,7,45,0.5556,0.0
0.45,0.05,1.0,0.6,0.1,0.3438,0.6471,0.449,0.3621,11,21,6,37,0.5556,0.0
0.45,0.05,1.0,0.6,0.2,0.3929,0.6471,0.4889,0.2931,11,17,6,41,0.5556,0.0
0.45,0.05,1.0,0.6,0.3,0.4118,0.4118,0.4118,0.1724,7,10,10,48,0.5556,0.0
0.45,0.05,1.0,0.7,0.1,0.0,0.0,0.0,0.1379,0,8,17,50,0.5556,0.0
0.45,0.05,1.0,0.7,0.2,0.0,0.0,0.0,0.1379,0,8,17,50,0.5556,0.0
0.45,0.05,1.0,0.7,0.3,0.0,0.0,0.0,0.1379,0,8,17,50,0.5556,0.0
0.45,0.1,0.2,0.3,0.1,0.3939,0.7647,0.52,0.3448,13,20,4,38,0.1111,0.0
0.45,0.1,0.2,0.3,0.2,0.4074,0.6471,0.5,0.2759,11,16,6,42,0.1111,0.0
0.45,0.1,0.2,0.3,0.3,0.44,0.6471,0.5238,0.2414,11,14,6,44,0.1111,0.0
0.45,0.1,0.2,0.4,0.1,0.375,0.7059,0.4898,0.3448,12,20,5,38,0.1111,0.0
0.45,0.1,0.2,0.4,0.2,0.44,0.6471,0.5238,0.2414,11,14,6,44,0.1111,0.0
0.45,0.1,0.2,0.4,0.3,0.5238,0.6471,0.5789,0.1724,11,10,6,48,0.1111,0.0
0.45,0.1,0.2,0.5,0.1,0.4074,0.6471,0.5,0.2759,11,16,6,42,0.1111,0.0
0.45,0.1,0.2,0.5,0.2,0.4583,0.6471,0.5366,0.2241,11,13,6,45,0.1111,0.0
0.45,0.1,0.2,0.5,0.3,0.6154,0.4706,0.5333,0.0862,8,5,9,53,0.1111,0.0
0.45,0.1,0.2,0.6,0.1,0.4231,0.6471,0.5116,0.2586,11,15,6,43,0.1111,0.0
0.45,0.1,0.2,0.6,0.2,0.5238,0.6471,0.5789,0.1724,11,10,6,48,0.1111,0.0
0.45,0.1,0.2,0.6,0.3,0.5556,0.2941,0.3846,0.069,5,4,12,54,0.1111,0.0
0.45,0.1,0.2,0.7,0.1,0.0,0.0,0.0,0.0345,0,2,17,56,0.1111,0.0
0.45,0.1,0.2,0.7,0.2,0.0,0.0,0.0,0.0345,0,2,17,56,0.1111,0.0
0.45,0.1,0.2,0.7,0.3,0.0,0.0,0.0,0.0,0,0,17,58,0.0,0.0
0.45,0.1,0.35,0.3,0.1,0.3333,0.7647,0.4643,0.4483,13,26,4,32,0.5556,0.0
0.45,0.1,0.35,0.3,0.2,0.3333,0.6471,0.44,0.3793,11,22,6,36,0.5556,0.0
0.45,0.1,0.35,0.3,0.3,0.3438,0.6471,0.449,0.3621,11,21,6,37,0.5556,0.0
0.45,0.1,0.35,0.4,0.1,0.375,0.7059,0.4898,0.3448,12,20,5,38,0.1111,0.0
0.45,0.1,0.35,0.4,0.2,0.44,0.6471,0.5238,0.2414,11,14,6,44,0.1111,0.0
0.45,0.1,0.35,0.4,0.3,0.5238,0.6471,0.5789,0.1724,11,10,6,48,0.1111,0.0
0.45,0.1,0.35,0.5,0.1,0.4074,0.6471,0.5,0.2759,11,16,6,42,0.1111,0.0
0.45,0.1,0.35,0.5,0.2,0.4583,0.6471,0.5366,0.2241,11,13,6,45,0.1111,0.0
0.45,0.1,0.35,0.5,0.3,0.6154,0.4706,0.5333,0.0862,8,5,9,53,0.1111,0.0
0.45,0.1,0.35,0.6,0.1,0.4231,0.6471,0.5116,0.2586,11,15,6,43,0.1111,0.0
0.45,0.1,0.35,0.6,0.2,0.5238,0.6471,0.5789,0.1724,11,10,6,48,0.1111,0.0
0.45,0.1,0.35,0.6,0.3,0.5556,0.2941,0.3846,0.069,5,4,12,54,0.1111,0.0
0.45,0.1,0.35,0.7,0.1,0.0,0.0,0.0,0.0345,0,2,17,56,0.1111,0.0
0.45,0.1,0.35,0.7,0.2,0.0,0.0,0.0,0.0345,0,2,17,56,0.1111,0.0
0.45,0.1,0.35,0.7,0.3,0.0,0.0,0.0,0.0345,0,2,17,56,0.1111,0.0
0.45,0.1,0.45,0.3,0.1,0.3333,0.7647,0.4643,0.4483,13,26,4,32,0.5556,0.0
0.45,0.1,0.45,0.3,0.2,0.3333,0.6471,0.44,0.3793,11,22,6,36,0.5556,0.0
0.45,0.1,0.45,0.3,0.3,0.3438,0.6471,0.449,0.3621,11,21,6,37,0.5556,0.0
0.45,0.1,0.45,0.4,0.1,0.3158,0.7059,0.4364,0.4483,12,26,5,32,0.5556,0.0
0.45,0.1,0.45,0.4,0.2,0.3548,0.6471,0.4583,0.3448,11,20,6,38,0.5556,0.0
0.45,0.1,0.45,0.4,0.3,0.4074,0.6471,0.5,0.2759,11,16,6,42,0.5556,0.0
0.45,0.1,0.45,0.5,0.1,0.4074,0.6471,0.5,0.2759,11,16,6,42,0.1111,0.0
0.45,0.1,0.45,0.5,0.2,0.4583,0.6471,0.5366,0.2241,11,13,6,45,0.1111,0.0
0.45,0.1,0.45,0.5,0.3,0.6154,0.4706,0.5333,0.0862,8,5,9,53,0.1111,0.0
0.45,0.1,0.45,0.6,0.1,0.4231,0.6471,0.5116,0.2586,11,15,6,43,0.1111,0.0
0.45,0.1,0.45,0.6,0.2,0.5238,0.6471,0.5789,0.1724,11,10,6,48,0.1111,0.0
0.45,0.1,0.45,0.6,0.3,0.5556,0.2941,0.3846,0.069,5,4,12,54,0.1111,0.0
0.45,0.1,0.45,0.7,0.1,0.0,0.0,0.0,0.0345,0,2,17,56,0.1111,0.0
0.45,0.1,0.45,0.7,0.2,0.0,0.0,0.0,0.0345,0,2,17,56,0.1111,0.0
0.45,0.1,0.45,0.7,0.3,0.0,0.0,0.0,0.0345,0,2,17,56,0.1111,0.0
0.45,0.1,0.6,0.3,0.1,0.325,0.7647,0.4561,0.4655,13,27,4,31,0.5556,0.0
0.45,0.1,0.6,0.3,0.2,0.3235,0.6471,0.4314,0.3966,11,23,6,35,0.5556,0.0
0.45,0.1,0.6,0.3,0.3,0.3333,0.6471,0.44,0.3793,11,22,6,36,0.5556,0.0
0.45,0.1,0.6,0.4,0.1,0.3158,0.7059,0.4364,0.4483,12,26,5,32,0.5556,0.0
0.45,0.1,0.6,0.4,0.2,0.3438,0.6471,0.449,0.3621,11,21,6,37,0.5556,0.0
0.45,0.1,0.6,0.4,0.3,0.3929,0.6471,0.4889,0.2931,11,17,6,41,0.5556,0.0
0.45,0.1,0.6,0.5,0.1,0.3333,0.6471,0.44,0.3793,11,22,6,36,0.5556,0.0
0.45,0.1,0.6,0.5,0.2,0.3667,0.6471,0.4681,0.3276,11,19,6,39,0.5556,0.0
0.45,0.1,0.6,0.5,0.3,0.4211,0.4706,0.4444,0.1897,8,11,9,47,0.5556,0.0
0.45,0.1,0.6,0.6,0.1,0.3667,0.6471,0.4681,0.3276,11,19,6,39,0.5556,0.0
0.45,0.1,0.6,0.6,0.2,0.44,0.6471,0.5238,0.2414,11,14,6,44,0.5556,0.0
0.45,0.1,0.6,0.6,0.3,0.3846,0.2941,0.3333,0.1379,5,8,12,50,0.5556,0.0
0.45,0.1,0.6,0.7,0.1,0.0,0.0,0.0,0.0345,0,2,17,56,0.1111,0.0
0.45,0.1,0.6,0.7,0.2,0.0,0.0,0.0,0.0345,0,2,17,56,0.1111,0.0
0.45,0.1,0.6,0.7,0.3,0.0,0.0,0.0,0.0345,0,2,17,56,0.1111,0.0
0.45,0.1,0.8,0.3,0.1,0.325,0.7647,0.4561,0.4655,13,27,4,31,0.5556,0.0
0.45,0.1,0.8,0.3,0.2,0.3235,0.6471,0.4314,0.3966,11,23,6,35,0.5556,0.0
0.45,0.1,0.8,0.3,0.3,0.3333,0.6471,0.44,0.3793,11,22,6,36,0.5556,0.0
0.45,0.1,0.8,0.4,0.1,0.3077,0.7059,0.4286,0.4655,12,27,5,31,0.5556,0.0
0.45,0.1,0.8,0.4,0.2,0.3333,0.6471,0.44,0.3793,11,22,6,36,0.5556,0.0
0.45,0.1,0.8,0.4,0.3,0.3793,0.6471,0.4783,0.3103,11,18,6,40,0.5556,0.0
0.45,0.1,0.8,0.5,0.1,0.3333,0.6471,0.44,0.3793,11,22,6,36,0.5556,0.0
0.45,0.1,0.8,0.5,0.2,0.3548,0.6471,0.4583,0.3448,11,20,6,38,0.5556,0.0
0.45,0.1,0.8,0.5,0.3,0.4211,0.4706,0.4444,0.1897,8,11,9,47,0.5556,0.0
0.45,0.1,0.8,0.6,0.1,0.3438,0.6471,0.449,0.3621,11,21,6,37,0.5556,0.0
0.45,0.1,0.8,0.6,0.2,0.4074,0.6471,0.5,0.2759,11,16,6,42,0.5556,0.0
0.45,0.1,0.8,0.6,0.3,0.3333,0.2941,0.3125,0.1724,5,10,12,48,0.5556,0.0
0.45,0.1,0.8,0.7,0.1,0.0,0.0,0.0,0.1379,0,8,17,50,0.5556,0.0
0.45,0.1,0.8,0.7,0.2,0.0,0.0,0.0,0.1379,0,8,17,50,0.5556,0.0
0.45,0.1,0.8,0.7,0.3,0.0,0.0,0.0,0.1379,0,8,17,50,0.5556,0.0
0.45,0.1,1.0,0.3,0.1,0.325,0.7647,0.4561,0.4655,13,27,4,31,0.5556,0.0
0.45,0.1,1.0,0.3,0.2,0.3235,0.6471,0.4314,0.3966,11,23,6,35,0.5556,0.0
0.45,0.1,1.0,0.3,0.3,0.3333,0.6471,0.44,0.3793,11,22,6,36,0.5556,0.0
0.45,0.1,1.0,0.4,0.1,0.3077,0.7059,0.4286,0.4655,12,27,5,31,0.5556,0.0
0.45,0.1,1.0,0.4,0.2,0.3333,0.6471,0.44,0.3793,11,22,6,36,0.5556,0.0
0.45,0.1,1.0,0.4,0.3,0.3793,0.6471,0.4783,0.3103,11,18,6,40,0.5556,0.0
0.45,0.1,1.0,0.5,0.1,0.3235,0.6471,0.4314,0.3966,11,23,6,35,0.5556,0.0
0.45,0.1,1.0,0.5,0.2,0.3438,0.6471,0.449,0.3621,11,21,6,37,0.5556,0.0
0.45,0.1,1.0,0.5,0.3,0.381,0.4706,0.4211,0.2241,8,13,9,45,0.5556,0.0
0.45,0.1,1.0,0.6,0.1,0.3438,0.6471,0.449,0.3621,11,21,6,37,0.5556,0.0
0.45,0.1,1.0,0.6,0.2,0.4074,0.6471,0.5,0.2759,11,16,6,42,0.5556,0.0
0.45,0.1,1.0,0.6,0.3,0.3333,0.2941,0.3125,0.1724,5,10,12,48,0.5556,0.0
0.45,0.1,1.0,0.7,0.1,0.0,0.0,0.0,0.1379,0,8,17,50,0.5556,0.0
0.45,0.1,1.0,0.7,0.2,0.0,0.0,0.0,0.1379,0,8,17,50,0.5556,0.0
0.45,0.1,1.0,0.7,0.3,0.0,0.0,0.0,0.1379,0,8,17,50,0.5556,0.0
0.45,0.15,0.2,0.3,0.1,0.3939,0.7647,0.52,0.3448,13,20,4,38,0.1111,0.0
0.45,0.15,0.2,0.3,0.2,0.4074,0.6471,0.5,0.2759,11,16,6,42,0.1111,0.0
0.45,0.15,0.2,0.3,0.3,0.4583,0.6471,0.5366,0.2241,11,13,6,45,0.1111,0.0
0.45,0.15,0.2,0.4,0.1,0.375,0.7059,0.4898,0.3448,12,20,5,38,0.1111,0.0
0.45,0.15,0.2,0.4,0.2,0.44,0.6471,0.5238,0.2414,11,14,6,44,0.1111,0.0
0.45,0.15,0.2,0.4,0.3,0.4737,0.5294,0.5,0.1724,9,10,8,48,0.1111,0.0
0.45,0.15,0.2,0.5,0.1,0.4074,0.6471,0.5,0.2759,11,16,6,42,0.1111,0.0
0.45,0.15,0.2,0.5,0.2,0.4545,0.5882,0.5128,0.2069,10,12,7,46,0.1111,0.0
0.45,0.15,0.2,0.5,0.3,0.5455,0.3529,0.4286,0.0862,6,5,11,53,0.1111,0.0
0.45,0.15,0.2,0.6,0.1,0.4231,0.6471,0.5116,0.2586,11,15,6,43,0.1111,0.0
0.45,0.15,0.2,0.6,0.2,0.4737,0.5294,0.5,0.1724,9,10,8,48,0.1111,0.0
0.45,0.15,0.2,0.6,0.3,0.4286,0.1765,0.25,0.069,3,4,14,54,0.1111,0.0
0.45,0.15,0.2,0.7,0.1,0.0,0.0,0.0,0.0345,0,2,17,56,0.1111,0.0
0.45,0.15,0.2,0.7,0.2,0.0,0.0,0.0,0.0345,0,2,17,56,0.1111,0.0
0.45,0.15,0.2,0.7,0.3,0.0,0.0,0.0,0.0,0,0,17,58,0.0,0.0
0.45,0.15,0.35,0.3,0.1,0.3333,0.7647,0.4643,0.4483,13,26,4,32,0.5556,0.0
0.45,0.15,0.35,0.3,0.2,0.3333,0.6471,0.44,0.3793,11,22,6,36,0.5556,0.0
0.45,0.15,0.35,0.3,0.3,0.3548,0.6471,0.4583,0.3448,11,20,6,38,0.5556,0.0
0.45,0.15,0.35,0.4,0.1,0.375,0.7059,0.4898,0.3448,12,20,5,38,0.1111,0.0
0.45,0.15,0.35,0.4,0.2,0.44,0.6471,0.5238,0.2414,11,14,6,44,0.1111,0.0
0.45,0.15,0.35,0.4,0.3,0.4737,0.5294,0.5,0.1724,9,10,8,48,0.1111,0.0
0.45,0.15,0.35,0.5,0.1,0.4074,0.6471,0.5,0.2759,11,16,6,42,0.1111,0.0
0.45,0.15,0.35,0.5,0.2,0.4545,0.5882,0.5128,0.2069,10,12,7,46,0.1111,0.0
0.45,0.15,0.35,0.5,0.3,0.5455,0.3529,0.4286,0.0862,6,5,11,53,0.1111,0.0
0.45,0.15,0.35,0.6,0.1,0.4231,0.6471,0.5116,0.2586,11,15,6,43,0.1111,0.0
0.45,0.15,0.35,0.6,0.2,0.4737,0.5294,0.5,0.1724,9,10,8,48,0.1111,0.0
0.45,0.15,0.35,0.6,0.3,0.4286,0.1765,0.25,0.069,3,4,14,54,0.1111,0.0
0.45,0.15,0.35,0.7,0.1,0.0,0.0,0.0,0.0345,0,2,17,56,0.1111,0.0
0.45,0.15,0.35,0.7,0.2,0.0,0.0,0.0,0.0345,0,2,17,56,0.1111,0.0
0.45,0.15,0.35,0.7,0.3,0.0,0.0,0.0,0.0345,0,2,17,56,0.1111,0.0
0.45,0.15,0.45,0.3,0.1,0.3333,0.7647,0.4643,0.4483,13,26,4,32,0.5556,0.0
0.45,0.15,0.45,0.3,0.2,0.3333,0.6471,0.44,0.3793,11,22,6,36,0.5556,0.0
0.45,0.15,0.45,0.3,0.3,0.3548,0.6471,0.4583,0.3448,11,20,6,38,0.5556,0.0
0.45,0.15,0.45,0.4,0.1,0.3158,0.7059,0.4364,0.4483,12,26,5,32,0.5556,0.0
0.45,0.15,0.45,0.4,0.2,0.3548,0.6471,0.4583,0.3448,11,20,6,38,0.5556,0.0
0.45,0.15,0.45,0.4,0.3,0.36,0.5294,0.4286,0.2759,9,16,8,42,0.5556,0.0
0.45,0.15,0.45,0.5,0.1,0.4074,0.6471,0.5,0.2759,11,16,6,42,0.1111,0.0
0.45,0.15,0.45,0.5,0.2,0.4545,0.5882,0.5128,0.2069,10,12,7,46,0.1111,0.0
0.45,0.15,0.45,0.5,0.3,0.5455,0.3529,0.4286,0.0862,6,5,11,53,0.1111,0.0
0.45,0.15,0.45,0.6,0.1,0.4231,0.6471,0.5116,0.2586,11,15,6,43,0.1111,0.0
0.45,0.15,0.45,0.6,0.2,0.4737,0.5294,0.5,0.1724,9,10,8,48,0.1111,0.0
0.45,0.15,0.45,0.6,0.3,0.4286,0.1765,0.25,0.069,3,4,14,54,0.1111,0.0
0.45,0.15,0.45,0.7,0.1,0.0,0.0,0.0,0.0345,0,2,17,56,0.1111,0.0
0.45,0.15,0.45,0.7,0.2,0.0,0.0,0.0,0.0345,0,2,17,56,0.1111,0.0
0.45,0.15,0.45,0.7,0.3,0.0,0.0,0.0,0.0345,0,2,17,56,0.1111,0.0
0.45,0.15,0.6,0.3,0.1,0.325,0.7647,0.4561,0.4655,13,27,4,31,0.5556,0.0
0.45,0.15,0.6,0.3,0.2,0.3235,0.6471,0.4314,0.3966,11,23,6,35,0.5556,0.0
0.45,0.15,0.6,0.3,0.3,0.3438,0.6471,0.449,0.3621,11,21,6,37,0.5556,0.0
0.45,0.15,0.6,0.4,0.1,0.3158,0.7059,0.4364,0.4483,12,26,5,32,0.5556,0.0
0.45,0.15,0.6,0.4,0.2,0.3438,0.6471,0.449,0.3621,11,21,6,37,0.5556,0.0
0.45,0.15,0.6,0.4,0.3,0.3462,0.5294,0.4186,0.2931,9,17,8,41,0.5556,0.0
0.45,0.15,0.6,0.5,0.1,0.3333,0.6471,0.44,0.3793,11,22,6,36,0.5556,0.0
0.45,0.15,0.6,0.5,0.2,0.3571,0.5882,0.4444,0.3103,10,18,7,40,0.5556,0.0
0.45,0.15,0.6,0.5,0.3,0.3529,0.3529,0.3529,0.1897,6,11,11,47,0.5556,0.0
0.45,0.15,0.6,0.6,0.1,0.3667,0.6471,0.4681,0.3276,11,19,6,39,0.5556,0.0
0.45,0.15,0.6,0.6,0.2,0.3913,0.5294,0.45,0.2414,9,14,8,44,0.5556,0.0
0.45,0.15,0.6,0.6,0.3,0.2727,0.1765,0.2143,0.1379,3,8,14,50,0.5556,0.0
0.45,0.15,0.6,0.7,0.1,0.0,0.0,0.0,0.0345,0,2,17,56,0.1111,0.0
0.45,0.15,0.6,0.7,0.2,0.0,0.0,0.0,0.0345,0,2,17,56,0.1111,0.0
0.45,0.15,0.6,0.7,0.3,0.0,0.0,0.0,0.0345,0,2,17,56,0.1111,0.0
0.45,0.15,0.8,0.3,0.1,0.325,0.7647,0.4561,0.4655,13,27,4,31,0.5556,0.0
0.45,0.15,0.8,0.3,0.2,0.3235,0.6471,0.4314,0.3966,11,23,6,35,0.5556,0.0
0.45,0.15,0.8,0.3,0.3,0.3438,0.6471,0.449,0.3621,11,21,6,37,0.5556,0.0
0.45,0.15,0.8,0.4,0.1,0.3077,0.7059,0.4286,0.4655,12,27,5,31,0.5556,0.0
0.45,0.15,0.8,0.4,0.2,0.3333,0.6471,0.44,0.3793,11,22,6,36,0.5556,0.0
0.45,0.15,0.8,0.4,0.3,0.3333,0.5294,0.4091,0.3103,9,18,8,40,0.5556,0.0
0.45,0.15,0.8,0.5,0.1,0.3333,0.6471,0.44,0.3793,11,22,6,36,0.5556,0.0
0.45,0.15,0.8,0.5,0.2,0.3448,0.5882,0.4348,0.3276,10,19,7,39,0.5556,0.0
0.45,0.15,0.8,0.5,0.3,0.3529,0.3529,0.3529,0.1897,6,11,11,47,0.5556,0.0
0.45,0.15,0.8,0.6,0.1,0.3438,0.6471,0.449,0.3621,11,21,6,37,0.5556,0.0
0.45,0.15,0.8,0.6,0.2,0.36,0.5294,0.4286,0.2759,9,16,8,42,0.5556,0.0
0.45,0.15,0.8,0.6,0.3,0.2308,0.1765,0.2,0.1724,3,10,14,48,0.5556,0.0
0.45,0.15,0.8,0.7,0.1,0.0,0.0,0.0,0.1379,0,8,17,50,0.5556,0.0
0.45,0.15,0.8,0.7,0.2,0.0,0.0,0.0,0.1379,0,8,17,50,0.5556,0.0
0.45,0.15,0.8,0.7,0.3,0.0,0.0,0.0,0.1379,0,8,17,50,0.5556,0.0
0.45,0.15,1.0,0.3,0.1,0.325,0.7647,0.4561,0.4655,13,27,4,31,0.5556,0.0
0.45,0.15,1.0,0.3,0.2,0.3235,0.6471,0.4314,0.3966,11,23,6,35,0.5556,0.0
0.45,0.15,1.0,0.3,0.3,0.3438,0.6471,0.449,0.3621,11,21,6,37,0.5556,0.0
0.45,0.15,1.0,0.4,0.1,0.3077,0.7059,0.4286,0.4655,12,27,5,31,0.5556,0.0
0.45,0.15,1.0,0.4,0.2,0.3333,0.6471,0.44,0.3793,11,22,6,36,0.5556,0.0
0.45,0.15,1.0,0.4,0.3,0.3333,0.5294,0.4091,0.3103,9,18,8,40,0.5556,0.0
0.45,0.15,1.0,0.5,0.1,0.3235,0.6471,0.4314,0.3966,11,23,6,35,0.5556,0.0
0.45,0.15,1.0,0.5,0.2,0.3333,0.5882,0.4255,0.3448,10,20,7,38,0.5556,0.0
0.45,0.15,1.0,0.5,0.3,0.3158,0.3529,0.3333,0.2241,6,13,11,45,0.5556,0.0
0.45,0.15,1.0,0.6,0.1,0.3438,0.6471,0.449,0.3621,11,21,6,37,0.5556,0.0
0.45,0.15,1.0,0.6,0.2,0.36,0.5294,0.4286,0.2759,9,16,8,42,0.5556,0.0
0.45,0.15,1.0,0.6,0.3,0.2308,0.1765,0.2,0.1724,3,10,14,48,0.5556,0.0
0.45,0.15,1.0,0.7,0.1,0.0,0.0,0.0,0.1379,0,8,17,50,0.5556,0.0
0.45,0.15,1.0,0.7,0.2,0.0,0.0,0.0,0.1379,0,8,17,50,0.5556,0.0
0.45,0.15,1.0,0.7,0.3,0.0,0.0,0.0,0.1379,0,8,17,50,0.5556,0.0
0.45,0.2,0.2,0.3,0.1,0.3939,0.7647,0.52,0.3448,13,20,4,38,0.1111,0.0
0.45,0.2,0.2,0.3,0.2,0.4231,0.6471,0.5116,0.2586,11,15,6,43,0.1111,0.0
0.45,0.2,0.2,0.3,0.3,0.4091,0.5294,0.4615,0.2241,9,13,8,45,0.1111,0.0
0.45,0.2,0.2,0.4,0.1,0.375,0.7059,0.4898,0.3448,12,20,5,38,0.1111,0.0
0.45,0.2,0.2,0.4,0.2,0.4091,0.5294,0.4615,0.2241,9,13,8,45,0.1111,0.0
0.45,0.2,0.2,0.4,0.3,0.4118,0.4118,0.4118,0.1724,7,10,10,48,0.1111,0.0
0.45,0.2,0.2,0.5,0.1,0.4074,0.6471,0.5,0.2759,11,16,6,42,0.1111,0.0
0.45,0.2,0.2,0.5,0.2,0.3684,0.4118,0.3889,0.2069,7,12,10,46,0.1111,0.0
0.45,0.2,0.2,0.5,0.3,0.4444,0.2353,0.3077,0.0862,4,5,13,53,0.1111,0.0
0.45,0.2,0.2,0.6,0.1,0.44,0.6471,0.5238,0.2414,11,14,6,44,0.1111,0.0
0.45,0.2,0.2,0.6,0.2,0.4118,0.4118,0.4118,0.1724,7,10,10,48,0.1111,0.0
0.45,0.2,0.2,0.6,0.3,0.4286,0.1765,0.25,0.069,3,4,14,54,0.1111,0.0
0.45,0.2,0.2,0.7,0.1,0.0,0.0,0.0,0.0345,0,2,17,56,0.1111,0.0
0.45,0.2,0.2,0.7,0.2,0.0,0.0,0.0,0.0345,0,2,17,56,0.1111,0.0
0.45,0.2,0.2,0.7,0.3,0.0,0.0,0.0,0.0,0,0,17,58,0.0,0.0
0.45,0.2,0.35,0.3,0.1,0.3333,0.7647,0.4643,0.4483,13,26,4,32,0.5556,0.0
0.45,0.2,0.35,0.3,0.2,0.3438,0.6471,0.449,0.3621,11,21,6,37,0.5556,0.0
0.45,0.2,0.35,0.3,0.3,0.3103,0.5294,0.3913,0.3448,9,20,8,38,0.5556,0.0
0.45,0.2,0.35,0.4,0.1,0.375,0.7059,0.4898,0.3448,12,20,5,38,0.1111,0.0
0.45,0.2,0.35,0.4,0.2,0.4091,0.5294,0.4615,0.2241,9,13,8,45,0.1111,0.0
0.45,0.2,0.35,0.4,0.3,0.4118,0.4118,0.4118,0.1724,7,10,10,48,0.1111,0.0
0.45,0.2,0.35,0.5,0.1,0.4074,0.6471,0.5,0.2759,11,16,6,42,0.1111,0.0
0.45,0.2,0.35,0.5,0.2,0.3684,0.4118,0.3889,0.2069,7,12,10,46,0.1111,0.0
0.45,0.2,0.35,0.5,0.3,0.4444,0.2353,0.3077,0.0862,4,5,13,53,0.1111,0.0
0.45,0.2,0.35,0.6,0.1,0.44,0.6471,0.5238,0.2414,11,14,6,44,0.1111,0.0
0.45,0.2,0.35,0.6,0.2,0.4118,0.4118,0.4118,0.1724,7,10,10,48,0.1111,0.0
0.45,0.2,0.35,0.6,0.3,0.4286,0.1765,0.25,0.069,3,4,14,54,0.1111,0.0
0.45,0.2,0.35,0.7,0.1,0.0,0.0,0.0,0.0345,0,2,17,56,0.1111,0.0
0.45,0.2,0.35,0.7,0.2,0.0,0.0,0.0,0.0345,0,2,17,56,0.1111,0.0
0.45,0.2,0.35,0.7,0.3,0.0,0.0,0.0,0.0345,0,2,17,56,0.1111,0.0
0.45,0.2,0.45,0.3,0.1,0.3333,0.7647,0.4643,0.4483,13,26,4,32,0.5556,0.0
0.45,0.2,0.45,0.3,0.2,0.3438,0.6471,0.449,0.3621,11,21,6,37,0.5556,0.0
0.45,0.2,0.45,0.3,0.3,0.3103,0.5294,0.3913,0.3448,9,20,8,38,0.5556,0.0
0.45,0.2,0.45,0.4,0.1,0.3158,0.7059,0.4364,0.4483,12,26,5,32,0.5556,0.0
0.45,0.2,0.45,0.4,0.2,0.3214,0.5294,0.4,0.3276,9,19,8,39,0.5556,0.0
0.45,0.2,0.45,0.4,0.3,0.3043,0.4118,0.35,0.2759,7,16,10,42,0.5556,0.0
0.45,0.2,0.45,0.5,0.1,0.4074,0.6471,0.5,0.2759,11,16,6,42,0.1111,0.0
0.45,0.2,0.45,0.5,0.2,0.3684,0.4118,0.3889,0.2069,7,12,10,46,0.1111,0.0
0.45,0.2,0.45,0.5,0.3,0.4444,0.2353,0.3077,0.0862,4,5,13,53,0.1111,0.0
0.45,0.2,0.45,0.6,0.1,0.44,0.6471,0.5238,0.2414,11,14,6,44,0.1111,0.0
0.45,0.2,0.45,0.6,0.2,0.4118,0.4118,0.4118,0.1724,7,10,10,48,0.1111,0.0
0.45,0.2,0.45,0.6,0.3,0.4286,0.1765,0.25,0.069,3,4,14,54,0.1111,0.0
0.45,0.2,0.45,0.7,0.1,0.0,0.0,0.0,0.0345,0,2,17,56,0.1111,0.0
0.45,0.2,0.45,0.7,0.2,0.0,0.0,0.0,0.0345,0,2,17,56,0.1111,0.0
0.45,0.2,0.45,0.7,0.3,0.0,0.0,0.0,0.0345,0,2,17,56,0.1111,0.0
0.45,0.2,0.6,0.3,0.1,0.325,0.7647,0.4561,0.4655,13,27,4,31,0.5556,0.0
0.45,0.2,0.6,0.3,0.2,0.3333,0.6471,0.44,0.3793,11,22,6,36,0.5556,0.0
0.45,0.2,0.6,0.3,0.3,0.3,0.5294,0.383,0.3621,9,21,8,37,0.5556,0.0
0.45,0.2,0.6,0.4,0.1,0.3158,0.7059,0.4364,0.4483,12,26,5,32,0.5556,0.0
0.45,0.2,0.6,0.4,0.2,0.3103,0.5294,0.3913,0.3448,9,20,8,38,0.5556,0.0
0.45,0.2,0.6,0.4,0.3,0.2917,0.4118,0.3415,0.2931,7,17,10,41,0.5556,0.0
0.45,0.2,0.6,0.5,0.1,0.3333,0.6471,0.44,0.3793,11,22,6,36,0.5556,0.0
0.45,0.2,0.6,0.5,0.2,0.28,0.4118,0.3333,0.3103,7,18,10,40,0.5556,0.0
0.45,0.2,0.6,0.5,0.3,0.2667,0.2353,0.25,0.1897,4,11,13,47,0.5556,0.0
0.45,0.2,0.6,0.6,0.1,0.3793,0.6471,0.4783,0.3103,11,18,6,40,0.5556,0.0
0.45,0.2,0.6,0.6,0.2,0.3333,0.4118,0.3684,0.2414,7,14,10,44,0.5556,0.0
0.45,0.2,0.6,0.6,0.3,0.2727,0.1765,0.2143,0.1379,3,8,14,50,0.5556,0.0
0.45,0.2,0.6,0.7,0.1,0.0,0.0,0.0,0.0345,0,2,17,56,0.1111,0.0
0.45,0.2,0.6,0.7,0.2,0.0,0.0,0.0,0.0345,0,2,17,56,0.1111,0.0
0.45,0.2,0.6,0.7,0.3,0.0,0.0,0.0,0.0345,0,2,17,56,0.1111,0.0
0.45,0.2,0.8,0.3,0.1,0.325,0.7647,0.4561,0.4655,13,27,4,31,0.5556,0.0
0.45,0.2,0.8,0.3,0.2,0.3333,0.6471,0.44,0.3793,11,22,6,36,0.5556,0.0
0.45,0.2,0.8,0.3,0.3,0.3,0.5294,0.383,0.3621,9,21,8,37,0.5556,0.0
0.45,0.2,0.8,0.4,0.1,0.3077,0.7059,0.4286,0.4655,12,27,5,31,0.5556,0.0
0.45,0.2,0.8,0.4,0.2,0.3,0.5294,0.383,0.3621,9,21,8,37,0.5556,0.0
0.45,0.2,0.8,0.4,0.3,0.28,0.4118,0.3333,0.3103,7,18,10,40,0.5556,0.0
0.45,0.2,0.8,0.5,0.1,0.3333,0.6471,0.44,0.3793,11,22,6,36,0.5556,0.0
0.45,0.2,0.8,0.5,0.2,0.2692,0.4118,0.3256,0.3276,7,19,10,39,0.5556,0.0
0.45,0.2,0.8,0.5,0.3,0.2667,0.2353,0.25,0.1897,4,11,13,47,0.5556,0.0
0.45,0.2,0.8,0.6,0.1,0.3548,0.6471,0.4583,0.3448,11,20,6,38,0.5556,0.0
0.45,0.2,0.8,0.6,0.2,0.3043,0.4118,0.35,0.2759,7,16,10,42,0.5556,0.0
0.45,0.2,0.8,0.6,0.3,0.2308,0.1765,0.2,0.1724,3,10,14,48,0.5556,0.0
0.45,0.2,0.8,0.7,0.1,0.0,0.0,0.0,0.1379,0,8,17,50,0.5556,0.0
0.45,0.2,0.8,0.7,0.2,0.0,0.0,0.0,0.1379,0,8,17,50,0.5556,0.0
0.45,0.2,0.8,0.7,0.3,0.0,0.0,0.0,0.1379,0,8,17,50,0.5556,0.0
0.45,0.2,1.0,0.3,0.1,0.325,0.7647,0.4561,0.4655,13,27,4,31,0.5556,0.0
0.45,0.2,1.0,0.3,0.2,0.3333,0.6471,0.44,0.3793,11,22,6,36,0.5556,0.0
0.45,0.2,1.0,0.3,0.3,0.3,0.5294,0.383,0.3621,9,21,8,37,0.5556,0.0
0.45,0.2,1.0,0.4,0.1,0.3077,0.7059,0.4286,0.4655,12,27,5,31,0.5556,0.0
0.45,0.2,1.0,0.4,0.2,0.3,0.5294,0.383,0.3621,9,21,8,37,0.5556,0.0
0.45,0.2,1.0,0.4,0.3,0.28,0.4118,0.3333,0.3103,7,18,10,40,0.5556,0.0
0.45,0.2,1.0,0.5,0.1,0.3235,0.6471,0.4314,0.3966,11,23,6,35,0.5556,0.0
0.45,0.2,1.0,0.5,0.2,0.2593,0.4118,0.3182,0.3448,7,20,10,38,0.5556,0.0
0.45,0.2,1.0,0.5,0.3,0.2353,0.2353,0.2353,0.2241,4,13,13,45,0.5556,0.0
0.45,0.2,1.0,0.6,0.1,0.3548,0.6471,0.4583,0.3448,11,20,6,38,0.5556,0.0
0.45,0.2,1.0,0.6,0.2,0.3043,0.4118,0.35,0.2759,7,16,10,42,0.5556,0.0
0.45,0.2,1.0,0.6,0.3,0.2308,0.1765,0.2,0.1724,3,10,14,48,0.5556,0.0
0.45,0.2,1.0,0.7,0.1,0.0,0.0,0.0,0.1379,0,8,17,50,0.5556,0.0
0.45,0.2,1.0,0.7,0.2,0.0,0.0,0.0,0.1379,0,8,17,50,0.5556,0.0
0.45,0.2,1.0,0.7,0.3,0.0,0.0,0.0,0.1379,0,8,17,50,0.5556,0.0
0.45,0.25,0.2,0.3,0.1,0.4062,0.7647,0.5306,0.3276,13,19,4,39,0.1111,0.0
0.45,0.25,0.2,0.3,0.2,0.375,0.5294,0.439,0.2586,9,15,8,43,0.1111,0.0
0.45,0.25,0.2,0.3,0.3,0.35,0.4118,0.3784,0.2241,7,13,10,45,0.1111,0.0
0.45,0.25,0.2,0.4,0.1,0.3667,0.6471,0.4681,0.3276,11,19,6,39,0.1111,0.0
0.45,0.25,0.2,0.4,0.2,0.35,0.4118,0.3784,0.2241,7,13,10,45,0.1111,0.0
0.45,0.25,0.2,0.4,0.3,0.3333,0.2941,0.3125,0.1724,5,10,12,48,0.1111,0.0
0.45,0.25,0.2,0.5,0.1,0.375,0.5294,0.439,0.2586,9,15,8,43,0.1111,0.0
0.45,0.25,0.2,0.5,0.2,0.2941,0.2941,0.2941,0.2069,5,12,12,46,0.1111,0.0
0.45,0.25,0.2,0.5,0.3,0.4444,0.2353,0.3077,0.0862,4,5,13,53,0.1111,0.0
0.45,0.25,0.2,0.6,0.1,0.3913,0.5294,0.45,0.2414,9,14,8,44,0.1111,0.0
0.45,0.25,0.2,0.6,0.2,0.3333,0.2941,0.3125,0.1724,5,10,12,48,0.1111,0.0
0.45,0.25,0.2,0.6,0.3,0.4286,0.1765,0.25,0.069,3,4,14,54,0.1111,0.0
0.45,0.25,0.2,0.7,0.1,0.0,0.0,0.0,0.0345,0,2,17,56,0.1111,0.0
0.45,0.25,0.2,0.7,0.2,0.0,0.0,0.0,0.0345,0,2,17,56,0.1111,0.0
0.45,0.25,0.2,0.7,0.3,0.0,0.0,0.0,0.0,0,0,17,58,0.0,0.0
0.45,0.25,0.35,0.3,0.1,0.3421,0.7647,0.4727,0.431,13,25,4,33,0.5556,0.0
0.45,0.25,0.35,0.3,0.2,0.3,0.5294,0.383,0.3621,9,21,8,37,0.5556,0.0
0.45,0.25,0.35,0.3,0.3,0.2593,0.4118,0.3182,0.3448,7,20,10,38,0.5556,0.0
0.45,0.25,0.35,0.4,0.1,0.3667,0.6471,0.4681,0.3276,11,19,6,39,0.1111,0.0
0.45,0.25,0.35,0.4,0.2,0.35,0.4118,0.3784,0.2241,7,13,10,45,0.1111,0.0
0.45,0.25,0.35,0.4,0.3,0.3333,0.2941,0.3125,0.1724,5,10,12,48,0.1111,0.0
0.45,0.25,0.35,0.5,0.1,0.375,0.5294,0.439,0.2586,9,15,8,43,0.1111,0.0
0.45,0.25,0.35,0.5,0.2,0.2941,0.2941,0.2941,0.2069,5,12,12,46,0.1111,0.0
0.45,0.25,0.35,0.5,0.3,0.4444,0.2353,0.3077,0.0862,4,5,13,53,0.1111,0.0
0.45,0.25,0.35,0.6,0.1,0.3913,0.5294,0.45,0.2414,9,14,8,44,0.1111,0.0
0.45,0.25,0.35,0.6,0.2,0.3333,0.2941,0.3125,0.1724,5,10,12,48,0.1111,0.0
0.45,0.25,0.35,0.6,0.3,0.4286,0.1765,0.25,0.069,3,4,14,54,0.1111,0.0
0.45,0.25,0.35,0.7,0.1,0.0,0.0,0.0,0.0345,0,2,17,56,0.1111,0.0
0.45,0.25,0.35,0.7,0.2,0.0,0.0,0.0,0.0345,0,2,17,56,0.1111,0.0
0.45,0.25,0.35,0.7,0.3,0.0,0.0,0.0,0.0345,0,2,17,56,0.1111,0.0
0.45,0.25,0.45,0.3,0.1,0.3421,0.7647,0.4727,0.431,13,25,4,33,0.5556,0.0
0.45,0.25,0.45,0.3,0.2,0.3,0.5294,0.383,0.3621,9,21,8,37,0.5556,0.0
0.45,0.25,0.45,0.3,0.3,0.2593,0.4118,0.3182,0.3448,7,20,10,38,0.5556,0.0
0.45,0.25,0.45,0.4,0.1,0.3056,0.6471,0.4151,0.431,11,25,6,33,0.5556,0.0
0.45,0.25,0.45,0.4,0.2,0.2692,0.4118,0.3256,0.3276,7,19,10,39,0.5556,0.0
0.45,0.25,0.45,0.4,0.3,0.2381,0.2941,0.2632,0.2759,5,16,12,42,0.5556,0.0
0.45,0.25,0.45,0.5,0.1,0.375,0.5294,0.439,0.2586,9,15,8,43,0.1111,0.0
0.45,0.25,0.45,0.5,0.2,0.2941,0.2941,0.2941,0.2069,5,12,12,46,0.1111,0.0
0.45,0.25,0.45,0.5,0.3,0.4444,0.2353,0.3077,0.0862,4,5,13,53,0.1111,0.0
0.45,0.25,0.45,0.6,0.1,0.3913,0.5294,0.45,0.2414,9,14,8,44,0.1111,0.0
0.45,0.25,0.45,0.6,0.2,0.3333,0.2941,0.3125,0.1724,5,10,12,48,0.1111,0.0
0.45,0.25,0.45,0.6,0.3,0.4286,0.1765,0.25,0.069,3,4,14,54,0.1111,0.0
0.45,0.25,0.45,0.7,0.1,0.0,0.0,0.0,0.0345,0,2,17,56,0.1111,0.0
0.45,0.25,0.45,0.7,0.2,0.0,0.0,0.0,0.0345,0,2,17,56,0.1111,0.0
0.45,0.25,0.45,0.7,0.3,0.0,0.0,0.0,0.0345,0,2,17,56,0.1111,0.0
0.45,0.25,0.6,0.3,0.1,0.3333,0.7647,0.4643,0.4483,13,26,4,32,0.5556,0.0
0.45,0.25,0.6,0.3,0.2,0.2903,0.5294,0.375,0.3793,9,22,8,36,0.5556,0.0
0.45,0.25,0.6,0.3,0.3,0.25,0.4118,0.3111,0.3621,7,21,10,37,0.5556,0.0
0.45,0.25,0.6,0.4,0.1,0.3056,0.6471,0.4151,0.431,11,25,6,33,0.5556,0.0
0.45,0.25,0.6,0.4,0.2,0.2593,0.4118,0.3182,0.3448,7,20,10,38,0.5556,0.0
0.45,0.25,0.6,0.4,0.3,0.2273,0.2941,0.2564,0.2931,5,17,12,41,0.5556,0.0
0.45,0.25,0.6,0.5,0.1,0.3,0.5294,0.383,0.3621,9,21,8,37,0.5556,0.0
0.45,0.25,0.6,0.5,0.2,0.2174,0.2941,0.25,0.3103,5,18,12,40,0.5556,0.0
0.45,0.25,0.6,0.5,0.3,0.2667,0.2353,0.25,0.1897,4,11,13,47,0.5556,0.0
0.45,0.25,0.6,0.6,0.1,0.3333,0.5294,0.4091,0.3103,9,18,8,40,0.5556,0.0
0.45,0.25,0.6,0.6,0.2,0.2632,0.2941,0.2778,0.2414,5,14,12,44,0.5556,0.0
0.45,0.25,0.6,0.6,0.3,0.2727,0.1765,0.2143,0.1379,3,8,14,50,0.5556,0.0
0.45,0.25,0.6,0.7,0.1,0.0,0.0,0.0,0.0345,0,2,17,56,0.1111,0.0
0.45,0.25,0.6,0.7,0.2,0.0,0.0,0.0,0.0345,0,2,17,56,0.1111,0.0
0.45,0.25,0.6,0.7,0.3,0.0,0.0,0.0,0.0345,0,2,17,56,0.1111,0.0
0.45,0.25,0.8,0.3,0.1,0.3333,0.7647,0.4643,0.4483,13,26,4,32,0.5556,0.0
0.45,0.25,0.8,0.3,0.2,0.2903,0.5294,0.375,0.3793,9,22,8,36,0.5556,0.0
0.45,0.25,0.8,0.3,0.3,0.25,0.4118,0.3111,0.3621,7,21,10,37,0.5556,0.0
0.45,0.25,0.8,0.4,0.1,0.2973,0.6471,0.4074,0.4483,11,26,6,32,0.5556,0.0
0.45,0.25,0.8,0.4,0.2,0.25,0.4118,0.3111,0.3621,7,21,10,37,0.5556,0.0
0.45,0.25,0.8,0.4,0.3,0.2174,0.2941,0.25,0.3103,5,18,12,40,0.5556,0.0
0.45,0.25,0.8,0.5,0.1,0.3,0.5294,0.383,0.3621,9,21,8,37,0.5556,0.0
0.45,0.25,0.8,0.5,0.2,0.2083,0.2941,0.2439,0.3276,5,19,12,39,0.5556,0.0
0.45,0.25,0.8,0.5,0.3,0.2667,0.2353,0.25,0.1897,4,11,13,47,0.5556,0.0
0.45,0.25,0.8,0.6,0.1,0.3103,0.5294,0.3913,0.3448,9,20,8,38,0.5556,0.0
0.45,0.25,0.8,0.6,0.2,0.2381,0.2941,0.2632,0.2759,5,16,12,42,0.5556,0.0
0.45,0.25,0.8,0.6,0.3,0.2308,0.1765,0.2,0.1724,3,10,14,48,0.5556,0.0
0.45,0.25,0.8,0.7,0.1,0.0,0.0,0.0,0.1379,0,8,17,50,0.5556,0.0
0.45,0.25,0.8,0.7,0.2,0.0,0.0,0.0,0.1379,0,8,17,50,0.5556,0.0
0.45,0.25,0.8,0.7,0.3,0.0,0.0,0.0,0.1379,0,8,17,50,0.5556,0.0
0.45,0.25,1.0,0.3,0.1,0.3333,0.7647,0.4643,0.4483,13,26,4,32,0.5556,0.0
0.45,0.25,1.0,0.3,0.2,0.2903,0.5294,0.375,0.3793,9,22,8,36,0.5556,0.0
0.45,0.25,1.0,0.3,0.3,0.25,0.4118,0.3111,0.3621,7,21,10,37,0.5556,0.0
0.45,0.25,1.0,0.4,0.1,0.2973,0.6471,0.4074,0.4483,11,26,6,32,0.5556,0.0
0.45,0.25,1.0,0.4,0.2,0.25,0.4118,0.3111,0.3621,7,21,10,37,0.5556,0.0
0.45,0.25,1.0,0.4,0.3,0.2174,0.2941,0.25,0.3103,5,18,12,40,0.5556,0.0
0.45,0.25,1.0,0.5,0.1,0.2903,0.5294,0.375,0.3793,9,22,8,36,0.5556,0.0
0.45,0.25,1.0,0.5,0.2,0.2,0.2941,0.2381,0.3448,5,20,12,38,0.5556,0.0
0.45,0.25,1.0,0.5,0.3,0.2353,0.2353,0.2353,0.2241,4,13,13,45,0.5556,0.0
0.45,0.25,1.0,0.6,0.1,0.3103,0.5294,0.3913,0.3448,9,20,8,38,0.5556,0.0
0.45,0.25,1.0,0.6,0.2,0.2381,0.2941,0.2632,0.2759,5,16,12,42,0.5556,0.0
0.45,0.25,1.0,0.6,0.3,0.2308,0.1765,0.2,0.1724,3,10,14,48,0.5556,0.0
0.45,0.25,1.0,0.7,0.1,0.0,0.0,0.0,0.1379,0,8,17,50,0.5556,0.0
0.45,0.25,1.0,0.7,0.2,0.0,0.0,0.0,0.1379,0,8,17,50,0.5556,0.0
0.45,0.25,1.0,0.7,0.3,0.0,0.0,0.0,0.1379,0,8,17,50,0.5556,0.0
0.5,0.0,0.2,0.3,0.1,0.3889,0.8235,0.5283,0.3793,14,22,3,36,0.1111,0.0
0.5,0.0,0.2,0.3,0.2,0.3939,0.7647,0.52,0.3448,13,20,4,38,0.1111,0.0
0.5,0.0,0.2,0.3,0.3,0.4074,0.6471,0.5,0.2759,11,16,6,42,0.1111,0.0
0.5,0.0,0.2,0.4,0.1,0.3714,0.7647,0.5,0.3793,13,22,4,36,0.1111,0.0
0.5,0.0,0.2,0.4,0.2,0.4286,0.7059,0.5333,0.2759,12,16,5,42,0.1111,0.0
0.5,0.0,0.2,0.4,0.3,0.44,0.6471,0.5238,0.2414,11,14,6,44,0.1111,0.0
0.5,0.0,0.2,0.5,0.1,0.3824,0.7647,0.5098,0.3621,13,21,4,37,0.1111,0.0
0.5,0.0,0.2,0.5,0.2,0.4231,0.6471,0.5116,0.2586,11,15,6,43,0.1111,0.0
0.5,0.0,0.2,0.5,0.3,0.5,0.6471,0.5641,0.1897,11,11,6,47,0.1111,0.0
0.5,0.0,0.2,0.6,0.1,0.3939,0.7647,0.52,0.3448,13,20,4,38,0.1111,0.0
0.5,0.0,0.2,0.6,0.2,0.44,0.6471,0.5238,0.2414,11,14,6,44,0.1111,0.0
0.5,0.0,0.2,0.6,0.3,0.6667,0.5882,0.625,0.0862,10,5,7,53,0.1111,0.0
0.5,0.0,0.2,0.7,0.1,0.0,0.0,0.0,0.0345,0,2,17,56,0.1111,0.0
0.5,0.0,0.2,0.7,0.2,0.0,0.0,0.0,0.0345,0,2,17,56,0.1111,0.0
0.5,0.0,0.2,0.7,0.3,0.0,0.0,0.0,0.0345,0,2,17,56,0.1111,0.0
0.5,0.0,0.35,0.3,0.1,0.3333,0.8235,0.4746,0.4828,14,28,3,30,0.5556,0.0
0.5,0.0,0.35,0.3,0.2,0.3333,0.7647,0.4643,0.4483,13,26,4,32,0.5556,0.0
0.5,0.0,0.35,0.3,0.3,0.3333,0.6471,0.44,0.3793,11,22,6,36,0.5556,0.0
0.5,0.0,0.35,0.4,0.1,0.3714,0.7647,0.5,0.3793,13,22,4,36,0.1111,0.0
0.5,0.0,0.35,0.4,0.2,0.4286,0.7059,0.5333,0.2759,12,16,5,42,0.1111,0.0
0.5,0.0,0.35,0.4,0.3,0.44,0.6471,0.5238,0.2414,11,14,6,44,0.1111,0.0
0.5,0.0,0.35,0.5,0.1,0.3824,0.7647,0.5098,0.3621,13,21,4,37,0.1111,0.0
0.5,0.0,0.35,0.5,0.2,0.4231,0.6471,0.5116,0.2586,11,15,6,43,0.1111,0.0
0.5,0.0,0.35,0.5,0.3,0.5,0.6471,0.5641,0.1897,11,11,6,47,0.1111,0.0
0.5,0.0,0.35,0.6,0.1,0.3939,0.7647,0.52,0.3448,13,20,4,38,0.1111,0.0
0.5,0.0,0.35,0.6,0.2,0.44,0.6471,0.5238,0.2414,11,14,6,44,0.1111,0.0
0.5,0.0,0.35,0.6,0.3,0.6667,0.5882,0.625,0.0862,10,5,7,53,0.1111,0.0
0.5,0.0,0.35,0.7,0.1,0.0,0.0,0.0,0.0345,0,2,17,56,0.1111,0.0
0.5,0.0,0.35,0.7,0.2,0.0,0.0,0.0,0.0345,0,2,17,56,0.1111,0.0
0.5,0.0,0.35,0.7,0.3,0.0,0.0,0.0,0.0345,0,2,17,56,0.1111,0.0
0.5,0.0,0.45,0.3,0.1,0.3333,0.8235,0.4746,0.4828,14,28,3,30,0.5556,0.0
0.5,0.0,0.45,0.3,0.2,0.3333,0.7647,0.4643,0.4483,13,26,4,32,0.5556,0.0
0.5,0.0,0.45,0.3,0.3,0.3333,0.6471,0.44,0.3793,11,22,6,36,0.5556,0.0
0.5,0.0,0.45,0.4,0.1,0.3171,0.7647,0.4483,0.4828,13,28,4,30,0.5556,0.0
0.5,0.0,0.45,0.4,0.2,0.3529,0.7059,0.4706,0.3793,12,22,5,36,0.5556,0.0
0.5,0.0,0.45,0.4,0.3,0.3548,0.6471,0.4583,0.3448,11,20,6,38,0.5556,0.0
0.5,0.0,0.45,0.5,0.1,0.3824,0.7647,0.5098,0.3621,13,21,4,37,0.1111,0.0
0.5,0.0,0.45,0.5,0.2,0.4231,0.6471,0.5116,0.2586,11,15,6,43,0.1111,0.0
0.5,0.0,0.45,0.5,0.3,0.5,0.6471,0.5641,0.1897,11,11,6,47,0.1111,0.0
0.5,0.0,0.45,0.6,0.1,0.3939,0.7647,0.52,0.3448,13,20,4,38,0.1111,0.0
0.5,0.0,0.45,0.6,0.2,0.44,0.6471,0.5238,0.2414,11,14,6,44,0.1111,0.0
0.5,0.0,0.45,0.6,0.3,0.6667,0.5882,0.625,0.0862,10,5,7,53,0.1111,0.0
0.5,0.0,0.45,0.7,0.1,0.0,0.0,0.0,0.0345,0,2,17,56,0.1111,0.0
0.5,0.0,0.45,0.7,0.2,0.0,0.0,0.0,0.0345,0,2,17,56,0.1111,0.0
0.5,0.0,0.45,0.7,0.3,0.0,0.0,0.0,0.0345,0,2,17,56,0.1111,0.0
0.5,0.0,0.6,0.3,0.1,0.3256,0.8235,0.4667,0.5,14,29,3,29,0.5556,0.0
0.5,0.0,0.6,0.3,0.2,0.325,0.7647,0.4561,0.4655,13,27,4,31,0.5556,0.0
0.5,0.0,0.6,0.3,0.3,0.3235,0.6471,0.4314,0.3966,11,23,6,35,0.5556,0.0
0.5,0.0,0.6,0.4,0.1,0.3171,0.7647,0.4483,0.4828,13,28,4,30,0.5556,0.0
0.5,0.0,0.6,0.4,0.2,0.3529,0.7059,0.4706,0.3793,12,22,5,36,0.5556,0.0
0.5,0.0,0.6,0.4,0.3,0.3438,0.6471,0.449,0.3621,11,21,6,37,0.5556,0.0
0.5,0.0,0.6,0.5,0.1,0.325,0.7647,0.4561,0.4655,13,27,4,31,0.5556,0.0
0.5,0.0,0.6,0.5,0.2,0.3438,0.6471,0.449,0.3621,11,21,6,37,0.5556,0.0
0.5,0.0,0.6,0.5,0.3,0.3929,0.6471,0.4889,0.2931,11,17,6,41,0.5556,0.0
0.5,0.0,0.6,0.6,0.1,0.3514,0.7647,0.4815,0.4138,13,24,4,34,0.5556,0.0
0.5,0.0,0.6,0.6,0.2,0.3793,0.6471,0.4783,0.3103,11,18,6,40,0.5556,0.0
0.5,0.0,0.6,0.6,0.3,0.5263,0.5882,0.5556,0.1552,10,9,7,49,0.5556,0.0
0.5,0.0,0.6,0.7,0.1,0.0,0.0,0.0,0.0345,0,2,17,56,0.1111,0.0
0.5,0.0,0.6,0.7,0.2,0.0,0.0,0.0,0.0345,0,2,17,56,0.1111,0.0
0.5,0.0,0.6,0.7,0.3,0.0,0.0,0.0,0.0345,0,2,17,56,0.1111,0.0
0.5,0.0,0.8,0.3,0.1,0.3256,0.8235,0.4667,0.5,14,29,3,29,0.5556,0.0
0.5,0.0,0.8,0.3,0.2,0.325,0.7647,0.4561,0.4655,13,27,4,31,0.5556,0.0
0.5,0.0,0.8,0.3,0.3,0.3235,0.6471,0.4314,0.3966,11,23,6,35,0.5556,0.0
0.5,0.0,0.8,0.4,0.1,0.3095,0.7647,0.4407,0.5,13,29,4,29,0.5556,0.0
0.5,0.0,0.8,0.4,0.2,0.3429,0.7059,0.4615,0.3966,12,23,5,35,0.5556,0.0
0.5,0.0,0.8,0.4,0.3,0.3333,0.6471,0.44,0.3793,11,22,6,36,0.5556,0.0
0.5,0.0,0.8,0.5,0.1,0.325,0.7647,0.4561,0.4655,13,27,4,31,0.5556,0.0
0.5,0.0,0.8,0.5,0.2,0.3333,0.6471,0.44,0.3793,11,22,6,36,0.5556,0.0
0.5,0.0,0.8,0.5,0.3,0.3793,0.6471,0.4783,0.3103,11,18,6,40,0.5556,0.0
0.5,0.0,0.8,0.6,0.1,0.3333,0.7647,0.4643,0.4483,13,26,4,32,0.5556,0.0
0.5,0.0,0.8,0.6,0.2,0.3548,0.6471,0.4583,0.3448,11,20,6,38,0.5556,0.0
0.5,0.0,0.8,0.6,0.3,0.4762,0.5882,0.5263,0.1897,10,11,7,47,0.5556,0.0
0.5,0.0,0.8,0.7,0.1,0.0,0.0,0.0,0.1379,0,8,17,50,0.5556,0.0
0.5,0.0,0.8,0.7,0.2,0.0,0.0,0.0,0.1379,0,8,17,50,0.5556,0.0
0.5,0.0,0.8,0.7,0.3,0.0,0.0,0.0,0.1379,0,8,17,50,0.5556,0.0
0.5,0.0,1.0,0.3,0.1,0.3256,0.8235,0.4667,0.5,14,29,3,29,0.5556,0.0
0.5,0.0,1.0,0.3,0.2,0.325,0.7647,0.4561,0.4655,13,27,4,31,0.5556,0.0
0.5,0.0,1.0,0.3,0.3,0.3235,0.6471,0.4314,0.3966,11,23,6,35,0.5556,0.0
0.5,0.0,1.0,0.4,0.1,0.3095,0.7647,0.4407,0.5,13,29,4,29,0.5556,0.0
0.5,0.0,1.0,0.4,0.2,0.3429,0.7059,0.4615,0.3966,12,23,5,35,0.5556,0.0
0.5,0.0,1.0,0.4,0.3,0.3333,0.6471,0.44,0.3793,11,22,6,36,0.5556,0.0
0.5,0.0,1.0,0.5,0.1,0.3171,0.7647,0.4483,0.4828,13,28,4,30,0.5556,0.0
0.5,0.0,1.0,0.5,0.2,0.3235,0.6471,0.4314,0.3966,11,23,6,35,0.5556,0.0
0.5,0.0,1.0,0.5,0.3,0.3667,0.6471,0.4681,0.3276,11,19,6,39,0.5556,0.0
0.5,0.0,1.0,0.6,0.1,0.3333,0.7647,0.4643,0.4483,13,26,4,32,0.5556,0.0
0.5,0.0,1.0,0.6,0.2,0.3548,0.6471,0.4583,0.3448,11,20,6,38,0.5556,0.0
0.5,0.0,1.0,0.6,0.3,0.4762,0.5882,0.5263,0.1897,10,11,7,47,0.5556,0.0
0.5,0.0,1.0,0.7,0.1,0.0,0.0,0.0,0.1379,0,8,17,50,0.5556,0.0
0.5,0.0,1.0,0.7,0.2,0.0,0.0,0.0,0.1379,0,8,17,50,0.5556,0.0
0.5,0.0,1.0,0.7,0.3,0.0,0.0,0.0,0.1379,0,8,17,50,0.5556,0.0
0.5,0.05,0.2,0.3,0.1,0.3889,0.8235,0.5283,0.3793,14,22,3,36,0.1111,0.0
0.5,0.05,0.2,0.3,0.2,0.3939,0.7647,0.52,0.3448,13,20,4,38,0.1111,0.0
0.5,0.05,0.2,0.3,0.3,0.4074,0.6471,0.5,0.2759,11,16,6,42,0.1111,0.0
0.5,0.05,0.2,0.4,0.1,0.3714,0.7647,0.5,0.3793,13,22,4,36,0.1111,0.0
0.5,0.05,0.2,0.4,0.2,0.4074,0.6471,0.5,0.2759,11,16,6,42,0.1111,0.0
0.5,0.05,0.2,0.4,0.3,0.44,0.6471,0.5238,0.2414,11,14,6,44,0.1111,0.0
0.5,0.05,0.2,0.5,0.1,0.3824,0.7647,0.5098,0.3621,13,21,4,37,0.1111,0.0
0.5,0.05,0.2,0.5,0.2,0.4231,0.6471,0.5116,0.2586,11,15,6,43,0.1111,0.0
0.5,0.05,0.2,0.5,0.3,0.5238,0.6471,0.5789,0.1724,11,10,6,48,0.1111,0.0
0.5,0.05,0.2,0.6,0.1,0.3939,0.7647,0.52,0.3448,13,20,4,38,0.1111,0.0
0.5,0.05,0.2,0.6,0.2,0.44,0.6471,0.5238,0.2414,11,14,6,44,0.1111,0.0
0.5,0.05,0.2,0.6,0.3,0.6154,0.4706,0.5333,0.0862,8,5,9,53,0.1111,0.0
0.5,0.05,0.2,0.7,0.1,0.0,0.0,0.0,0.0345,0,2,17,56,0.1111,0.0
0.5,0.05,0.2,0.7,0.2,0.0,0.0,0.0,0.0345,0,2,17,56,0.1111,0.0
0.5,0.05,0.2,0.7,0.3,0.0,0.0,0.0,0.0345,0,2,17,56,0.1111,0.0
0.5,0.05,0.35,0.3,0.1,0.3333,0.8235,0.4746,0.4828,14,28,3,30,0.5556,0.0
0.5,0.05,0.35,0.3,0.2,0.3333,0.7647,0.4643,0.4483,13,26,4,32,0.5556,0.0
0.5,0.05,0.35,0.3,0.3,0.3333,0.6471,0.44,0.3793,11,22,6,36,0.5556,0.0
0.5,0.05,0.35,0.4,0.1,0.3714,0.7647,0.5,0.3793,13,22,4,36,0.1111,0.0
0.5,0.05,0.35,0.4,0.2,0.4074,0.6471,0.5,0.2759,11,16,6,42,0.1111,0.0
0.5,0.05,0.35,0.4,0.3,0.44,0.6471,0.5238,0.2414,11,14,6,44,0.1111,0.0
0.5,0.05,0.35,0.5,0.1,0.3824,0.7647,0.5098,0.3621,13,21,4,37,0.1111,0.0
0.5,0.05,0.35,0.5,0.2,0.4231,0.6471,0.5116,0.2586,11,15,6,43,0.1111,0.0
0.5,0.05,0.35,0.5,0.3,0.5238,0.6471,0.5789,0.1724,11,10,6,48,0.1111,0.0
0.5,0.05,0.35,0.6,0.1,0.3939,0.7647,0.52,0.3448,13,20,4,38,0.1111,0.0
0.5,0.05,0.35,0.6,0.2,0.44,0.6471,0.5238,0.2414,11,14,6,44,0.1111,0.0
0.5,0.05,0.35,0.6,0.3,0.6154,0.4706,0.5333,0.0862,8,5,9,53,0.1111,0.0
0.5,0.05,0.35,0.7,0.1,0.0,0.0,0.0,0.0345,0,2,17,56,0.1111,0.0
0.5,0.05,0.35,0.7,0.2,0.0,0.0,0.0,0.0345,0,2,17,56,0.1111,0.0
0.5,0.05,0.35,0.7,0.3,0.0,0.0,0.0,0.0345,0,2,17,56,0.1111,0.0
0.5,0.05,0.45,0.3,0.1,0.3333,0.8235,0.4746,0.4828,14,28,3,30,0.5556,0.0
0.5,0.05,0.45,0.3,0.2,0.3333,0.7647,0.4643,0.4483,13,26,4,32,0.5556,0.0
0.5,0.05,0.45,0.3,0.3,0.3333,0.6471,0.44,0.3793,11,22,6,36,0.5556,0.0
0.5,0.05,0.45,0.4,0.1,0.3171,0.7647,0.4483,0.4828,13,28,4,30,0.5556,0.0
0.5,0.05,0.45,0.4,0.2,0.3333,0.6471,0.44,0.3793,11,22,6,36,0.5556,0.0
0.5,0.05,0.45,0.4,0.3,0.3548,0.6471,0.4583,0.3448,11,20,6,38,0.5556,0.0
0.5,0.05,0.45,0.5,0.1,0.3824,0.7647,0.5098,0.3621,13,21,4,37,0.1111,0.0
0.5,0.05,0.45,0.5,0.2,0.4231,0.6471,0.5116,0.2586,11,15,6,43,0.1111,0.0
0.5,0.05,0.45,0.5,0.3,0.5238,0.6471,0.5789,0.1724,11,10,6,48,0.1111,0.0
0.5,0.05,0.45,0.6,0.1,0.3939,0.7647,0.52,0.3448,13,20,4,38,0.1111,0.0
0.5,0.05,0.45,0.6,0.2,0.44,0.6471,0.5238,0.2414,11,14,6,44,0.1111,0.0
0.5,0.05,0.45,0.6,0.3,0.6154,0.4706,0.5333,0.0862,8,5,9,53,0.1111,0.0
0.5,0.05,0.45,0.7,0.1,0.0,0.0,0.0,0.0345,0,2,17,56,0.1111,0.0
0.5,0.05,0.45,0.7,0.2,0.0,0.0,0.0,0.0345,0,2,17,56,0.1111,0.0
0.5,0.05,0.45,0.7,0.3,0.0,0.0,0.0,0.0345,0,2,17,56,0.1111,0.0
0.5,0.05,0.6,0.3,0.1,0.3256,0.8235,0.4667,0.5,14,29,3,29,0.5556,0.0
0.5,0.05,0.6,0.3,0.2,0.325,0.7647,0.4561,0.4655,13,27,4,31,0.5556,0.0
0.5,0.05,0.6,0.3,0.3,0.3235,0.6471,0.4314,0.3966,11,23,6,35,0.5556,0.0
0.5,0.05,0.6,0.4,0.1,0.3171,0.7647,0.4483,0.4828,13,28,4,30,0.5556,0.0
0.5,0.05,0.6,0.4,0.2,0.3333,0.6471,0.44,0.3793,11,22,6,36,0.5556,0.0
0.5,0.05,0.6,0.4,0.3,0.3438,0.6471,0.449,0.3621,11,21,6,37,0.5556,0.0
0.5,0.05,0.6,0.5,0.1,0.325,0.7647,0.4561,0.4655,13,27,4,31,0.5556,0.0
0.5,0.05,0.6,0.5,0.2,0.3438,0.6471,0.449,0.3621,11,21,6,37,0.5556,0.0
0.5,0.05,0.6,0.5,0.3,0.4074,0.6471,0.5,0.2759,11,16,6,42,0.5556,0.0
0.5,0.05,0.6,0.6,0.1,0.3514,0.7647,0.4815,0.4138,13,24,4,34,0.5556,0.0
0.5,0.05,0.6,0.6,0.2,0.3793,0.6471,0.4783,0.3103,11,18,6,40,0.5556,0.0
0.5,0.05,0.6,0.6,0.3,0.4706,0.4706,0.4706,0.1552,8,9,9,49,0.5556,0.0
0.5,0.05,0.6,0.7,0.1,0.0,0.0,0.0,0.0345,0,2,17,56,0.1111,0.0
0.5,0.05,0.6,0.7,0.2,0.0,0.0,0.0,0.0345,0,2,17,56,0.1111,0.0
0.5,0.05,0.6,0.7,0.3,0.0,0.0,0.0,0.0345,0,2,17,56,0.1111,0.0
0.5,0.05,0.8,0.3,0.1,0.3256,0.8235,0.4667,0.5,14,29,3,29,0.5556,0.0
0.5,0.05,0.8,0.3,0.2,0.325,0.7647,0.4561,0.4655,13,27,4,31,0.5556,0.0
0.5,0.05,0.8,0.3,0.3,0.3235,0.6471,0.4314,0.3966,11,23,6,35,0.5556,0.0
0.5,0.05,0.8,0.4,0.1,0.3095,0.7647,0.4407,0.5,13,29,4,29,0.5556,0.0
0.5,0.05,0.8,0.4,0.2,0.3235,0.6471,0.4314,0.3966,11,23,6,35,0.5556,0.0
0.5,0.05,0.8,0.4,0.3,0.3333,0.6471,0.44,0.3793,11,22,6,36,0.5556,0.0
0.5,0.05,0.8,0.5,0.1,0.325,0.7647,0.4561,0.4655,13,27,4,31,0.5556,0.0
0.5,0.05,0.8,0.5,0.2,0.3333,0.6471,0.44,0.3793,11,22,6,36,0.5556,0.0
0.5,0.05,0.8,0.5,0.3,0.3929,0.6471,0.4889,0.2931,11,17,6,41,0.5556,0.0
0.5,0.05,0.8,0.6,0.1,0.3333,0.7647,0.4643,0.4483,13,26,4,32,0.5556,0.0
0.5,0.05,0.8,0.6,0.2,0.3548,0.6471,0.4583,0.3448,11,20,6,38,0.5556,0.0
0.5,0.05,0.8,0.6,0.3,0.4211,0.4706,0.4444,0.1897,8,11,9,47,0.5556,0.0
0.5,0.05,0.8,0.7,0.1,0.0,0.0,0.0,0.1379,0,8,17,50,0.5556,0.0
0.5,0.05,0.8,0.7,0.2,0.0,0.0,0.0,0.1379,0,8,17,50,0.5556,0.0
0.5,0.05,0.8,0.7,0.3,0.0,0.0,0.0,0.1379,0,8,17,50,0.5556,0.0
0.5,0.05,1.0,0.3,0.1,0.3256,0.8235,0.4667,0.5,14,29,3,29,0.5556,0.0
0.5,0.05,1.0,0.3,0.2,0.325,0.7647,0.4561,0.4655,13,27,4,31,0.5556,0.0
0.5,0.05,1.0,0.3,0.3,0.3235,0.6471,0.4314,0.3966,11,23,6,35,0.5556,0.0
0.5,0.05,1.0,0.4,0.1,0.3095,0.7647,0.4407,0.5,13,29,4,29,0.5556,0.0
0.5,0.05,1.0,0.4,0.2,0.3235,0.6471,0.4314,0.3966,11,23,6,35,0.5556,0.0
0.5,0.05,1.0,0.4,0.3,0.3333,0.6471,0.44,0.3793,11,22,6,36,0.5556,0.0
0.5,0.05,1.0,0.5,0.1,0.3171,0.7647,0.4483,0.4828,13,28,4,30,0.5556,0.0
0.5,0.05,1.0,0.5,0.2,0.3235,0.6471,0.4314,0.3966,11,23,6,35,0.5556,0.0
0.5,0.05,1.0,0.5,0.3,0.3793,0.6471,0.4783,0.3103,11,18,6,40,0.5556,0.0
0.5,0.05,1.0,0.6,0.1,0.3333,0.7647,0.4643,0.4483,13,26,4,32,0.5556,0.0
0.5,0.05,1.0,0.6,0.2,0.3548,0.6471,0.4583,0.3448,11,20,6,38,0.5556,0.0
0.5,0.05,1.0,0.6,0.3,0.4211,0.4706,0.4444,0.1897,8,11,9,47,0.5556,0.0
0.5,0.05,1.0,0.7,0.1,0.0,0.0,0.0,0.1379,0,8,17,50,0.5556,0.0
0.5,0.05,1.0,0.7,0.2,0.0,0.0,0.0,0.1379,0,8,17,50,0.5556,0.0
0.5,0.05,1.0,0.7,0.3,0.0,0.0,0.0,0.1379,0,8,17,50,0.5556,0.0
0.5,0.1,0.2,0.3,0.1,0.3889,0.8235,0.5283,0.3793,14,22,3,36,0.1111,0.0
0.5,0.1,0.2,0.3,0.2,0.3939,0.7647,0.52,0.3448,13,20,4,38,0.1111,0.0
0.5,0.1,0.2,0.3,0.3,0.4074,0.6471,0.5,0.2759,11,16,6,42,0.1111,0.0
0.5,0.1,0.2,0.4,0.1,0.3714,0.7647,0.5,0.3793,13,22,4,36,0.1111,0.0
0.5,0.1,0.2,0.4,0.2,0.4074,0.6471,0.5,0.2759,11,16,6,42,0.1111,0.0
0.5,0.1,0.2,0.4,0.3,0.4583,0.6471,0.5366,0.2241,11,13,6,45,0.1111,0.0
0.5,0.1,0.2,0.5,0.1,0.3824,0.7647,0.5098,0.3621,13,21,4,37,0.1111,0.0
0.5,0.1,0.2,0.5,0.2,0.4231,0.6471,0.5116,0.2586,11,15,6,43,0.1111,0.0
0.5,0.1,0.2,0.5,0.3,0.4737,0.5294,0.5,0.1724,9,10,8,48,0.1111,0.0
0.5,0.1,0.2,0.6,0.1,0.3939,0.7647,0.52,0.3448,13,20,4,38,0.1111,0.0
0.5,0.1,0.2,0.6,0.2,0.4583,0.6471,0.5366,0.2241,11,13,6,45,0.1111,0.0
0.5,0.1,0.2,0.6,0.3,0.5455,0.3529,0.4286,0.0862,6,5,11,53,0.1111,0.0
0.5,0.1,0.2,0.7,0.1,0.0,0.0,0.0,0.0345,0,2,17,56,0.1111,0.0
0.5,0.1,0.2,0.7,0.2,0.0,0.0,0.0,0.0345,0,2,17,56,0.1111,0.0
0.5,0.1,0.2,0.7,0.3,0.0,0.0,0.0,0.0345,0,2,17,56,0.1111,0.0
0.5,0.1,0.35,0.3,0.1,0.3333,0.8235,0.4746,0.4828,14,28,3,30,0.5556,0.0
0.5,0.1,0.35,0.3,0.2,0.3333,0.7647,0.4643,0.4483,13,26,4,32,0.5556,0.0
0.5,0.1,0.35,0.3,0.3,0.3333,0.6471,0.44,0.3793,11,22,6,36,0.5556,0.0
0.5,0.1,0.35,0.4,0.1,0.3714,0.7647,0.5,0.3793,13,22,4,36,0.1111,0.0
0.5,0.1,0.35,0.4,0.2,0.4074,0.6471,0.5,0.2759,11,16,6,42,0.1111,0.0
0.5,0.1,0.35,0.4,0.3,0.4583,0.6471,0.5366,0.2241,11,13,6,45,0.1111,0.0
0.5,0.1,0.35,0.5,0.1,0.3824,0.7647,0.5098,0.3621,13,21,4,37,0.1111,0.0
0.5,0.1,0.35,0.5,0.2,0.4231,0.6471,0.5116,0.2586,11,15,6,43,0.1111,0.0
0.5,0.1,0.35,0.5,0.3,0.4737,0.5294,0.5,0.1724,9,10,8,48,0.1111,0.0
0.5,0.1,0.35,0.6,0.1,0.3939,0.7647,0.52,0.3448,13,20,4,38,0.1111,0.0
0.5,0.1,0.35,0.6,0.2,0.4583,0.6471,0.5366,0.2241,11,13,6,45,0.1111,0.0
0.5,0.1,0.35,0.6,0.3,0.5455,0.3529,0.4286,0.0862,6,5,11,53,0.1111,0.0
0.5,0.1,0.35,0.7,0.1,0.0,0.0,0.0,0.0345,0,2,17,56,0.1111,0.0
0.5,0.1,0.35,0.7,0.2,0.0,0.0,0.0,0.0345,0,2,17,56,0.1111,0.0
0.5,0.1,0.35,0.7,0.3,0.0,0.0,0.0,0.0345,0,2,17,56,0.1111,0.0
0.5,0.1,0.45,0.3,0.1,0.3333,0.8235,0.4746,0.4828,14,28,3,30,0.5556,0.0
0.5,0.1,0.45,0.3,0.2,0.3333,0.7647,0.4643,0.4483,13,26,4,32,0.5556,0.0
0.5,0.1,0.45,0.3,0.3,0.3333,0.6471,0.44,0.3793,11,22,6,36,0.5556,0.0
0.5,0.1,0.45,0.4,0.1,0.3171,0.7647,0.4483,0.4828,13,28,4,30,0.5556,0.0
0.5,0.1,0.45,0.4,0.2,0.3333,0.6471,0.44,0.3793,11,22,6,36,0.5556,0.0
0.5,0.1,0.45,0.4,0.3,0.3667,0.6471,0.4681,0.3276,11,19,6,39,0.5556,0.0
0.5,0.1,0.45,0.5,0.1,0.3824,0.7647,0.5098,0.3621,13,21,4,37,0.1111,0.0
0.5,0.1,0.45,0.5,0.2,0.4231,0.6471,0.5116,0.2586,11,15,6,43,0.1111,0.0
0.5,0.1,0.45,0.5,0.3,0.4737,0.5294,0.5,0.1724,9,10,8,48,0.1111,0.0
0.5,0.1,0.45,0.6,0.1,0.3939,0.7647,0.52,0.3448,13,20,4,38,0.1111,0.0
0.5,0.1,0.45,0.6,0.2,0.4583,0.6471,0.5366,0.2241,11,13,6,45,0.1111,0.0
0.5,0.1,0.45,0.6,0.3,0.5455,0.3529,0.4286,0.0862,6,5,11,53,0.1111,0.0
0.5,0.1,0.45,0.7,0.1,0.0,0.0,0.0,0.0345,0,2,17,56,0.1111,0.0
0.5,0.1,0.45,0.7,0.2,0.0,0.0,0.0,0.0345,0,2,17,56,0.1111,0.0
0.5,0.1,0.45,0.7,0.3,0.0,0.0,0.0,0.0345,0,2,17,56,0.1111,0.0
0.5,0.1,0.6,0.3,0.1,0.3256,0.8235,0.4667,0.5,14,29,3,29,0.5556,0.0
0.5,0.1,0.6,0.3,0.2,0.325,0.7647,0.4561,0.4655,13,27,4,31,0.5556,0.0
0.5,0.1,0.6,0.3,0.3,0.3235,0.6471,0.4314,0.3966,11,23,6,35,0.5556,0.0
0.5,0.1,0.6,0.4,0.1,0.3171,0.7647,0.4483,0.4828,13,28,4,30,0.5556,0.0
0.5,0.1,0.6,0.4,0.2,0.3333,0.6471,0.44,0.3793,11,22,6,36,0.5556,0.0
0.5,0.1,0.6,0.4,0.3,0.3548,0.6471,0.4583,0.3448,11,20,6,38,0.5556,0.0
0.5,0.1,0.6,0.5,0.1,0.325,0.7647,0.4561,0.4655,13,27,4,31,0.5556,0.0
0.5,0.1,0.6,0.5,0.2,0.3438,0.6471,0.449,0.3621,11,21,6,37,0.5556,0.0
0.5,0.1,0.6,0.5,0.3,0.36,0.5294,0.4286,0.2759,9,16,8,42,0.5556,0.0
0.5,0.1,0.6,0.6,0.1,0.3514,0.7647,0.4815,0.4138,13,24,4,34,0.5556,0.0
0.5,0.1,0.6,0.6,0.2,0.3929,0.6471,0.4889,0.2931,11,17,6,41,0.5556,0.0
0.5,0.1,0.6,0.6,0.3,0.4,0.3529,0.375,0.1552,6,9,11,49,0.5556,0.0
0.5,0.1,0.6,0.7,0.1,0.0,0.0,0.0,0.0345,0,2,17,56,0.1111,0.0
0.5,0.1,0.6,0.7,0.2,0.0,0.0,0.0,0.0345,0,2,17,56,0.1111,0.0
0.5,0.1,0.6,0.7,0.3,0.0,0.0,0.0,0.0345,0,2,17,56,0.1111,0.0
0.5,0.1,0.8,0.3,0.1,0.3256,0.8235,0.4667,0.5,14,29,3,29,0.5556,0.0
0.5,0.1,0.8,0.3,0.2,0.325,0.7647,0.4561,0.4655,13,27,4,31,0.5556,0.0
0.5,0.1,0.8,0.3,0.3,0.3235,0.6471,0.4314,0.3966,11,23,6,35,0.5556,0.0
0.5,0.1,0.8,0.4,0.1,0.3095,0.7647,0.4407,0.5,13,29,4,29,0.5556,0.0
0.5,0.1,0.8,0.4,0.2,0.3235,0.6471,0.4314,0.3966,11,23,6,35,0.5556,0.0
0.5,0.1,0.8,0.4,0.3,0.3438,0.6471,0.449,0.3621,11,21,6,37,0.5556,0.0
0.5,0.1,0.8,0.5,0.1,0.325,0.7647,0.4561,0.4655,13,27,4,31,0.5556,0.0
0.5,0.1,0.8,0.5,0.2,0.3333,0.6471,0.44,0.3793,11,22,6,36,0.5556,0.0
0.5,0.1,0.8,0.5,0.3,0.3462,0.5294,0.4186,0.2931,9,17,8,41,0.5556,0.0
0.5,0.1,0.8,0.6,0.1,0.3333,0.7647,0.4643,0.4483,13,26,4,32,0.5556,0.0
0.5,0.1,0.8,0.6,0.2,0.3667,0.6471,0.4681,0.3276,11,19,6,39,0.5556,0.0
0.5,0.1,0.8,0.6,0.3,0.3529,0.3529,0.3529,0.1897,6,11,11,47,0.5556,0.0
0.5,0.1,0.8,0.7,0.1,0.0,0.0,0.0,0.1379,0,8,17,50,0.5556,0.0
0.5,0.1,0.8,0.7,0.2,0.0,0.0,0.0,0.1379,0,8,17,50,0.5556,0.0
0.5,0.1,0.8,0.7,0.3,0.0,0.0,0.0,0.1379,0,8,17,50,0.5556,0.0
0.5,0.1,1.0,0.3,0.1,0.3256,0.8235,0.4667,0.5,14,29,3,29,0.5556,0.0
0.5,0.1,1.0,0.3,0.2,0.325,0.7647,0.4561,0.4655,13,27,4,31,0.5556,0.0
0.5,0.1,1.0,0.3,0.3,0.3235,0.6471,0.4314,0.3966,11,23,6,35,0.5556,0.0
0.5,0.1,1.0,0.4,0.1,0.3095,0.7647,0.4407,0.5,13,29,4,29,0.5556,0.0
0.5,0.1,1.0,0.4,0.2,0.3235,0.6471,0.4314,0.3966,11,23,6,35,0.5556,0.0
0.5,0.1,1.0,0.4,0.3,0.3438,0.6471,0.449,0.3621,11,21,6,37,0.5556,0.0
0.5,0.1,1.0,0.5,0.1,0.3171,0.7647,0.4483,0.4828,13,28,4,30,0.5556,0.0
0.5,0.1,1.0,0.5,0.2,0.3235,0.6471,0.4314,0.3966,11,23,6,35,0.5556,0.0
0.5,0.1,1.0,0.5,0.3,0.3333,0.5294,0.4091,0.3103,9,18,8,40,0.5556,0.0
0.5,0.1,1.0,0.6,0.1,0.3333,0.7647,0.4643,0.4483,13,26,4,32,0.5556,0.0
0.5,0.1,1.0,0.6,0.2,0.3667,0.6471,0.4681,0.3276,11,19,6,39,0.5556,0.0
0.5,0.1,1.0,0.6,0.3,0.3529,0.3529,0.3529,0.1897,6,11,11,47,0.5556,0.0
0.5,0.1,1.0,0.7,0.1,0.0,0.0,0.0,0.1379,0,8,17,50,0.5556,0.0
0.5,0.1,1.0,0.7,0.2,0.0,0.0,0.0,0.1379,0,8,17,50,0.5556,0.0
0.5,0.1,1.0,0.7,0.3,0.0,0.0,0.0,0.1379,0,8,17,50,0.5556,0.0
0.5,0.15,0.2,0.3,0.1,0.3889,0.8235,0.5283,0.3793,14,22,3,36,0.1111,0.0
0.5,0.15,0.2,0.3,0.2,0.3939,0.7647,0.52,0.3448,13,20,4,38,0.1111,0.0
0.5,0.15,0.2,0.3,0.3,0.4231,0.6471,0.5116,0.2586,11,15,6,43,0.1111,0.0
0.5,0.15,0.2,0.4,0.1,0.3714,0.7647,0.5,0.3793,13,22,4,36,0.1111,0.0
0.5,0.15,0.2,0.4,0.2,0.4074,0.6471,0.5,0.2759,11,16,6,42,0.1111,0.0
0.5,0.15,0.2,0.4,0.3,0.4091,0.5294,0.4615,0.2241,9,13,8,45,0.1111,0.0
0.5,0.15,0.2,0.5,0.1,0.3824,0.7647,0.5098,0.3621,13,21,4,37,0.1111,0.0
0.5,0.15,0.2,0.5,0.2,0.4167,0.5882,0.4878,0.2414,10,14,7,44,0.1111,0.0
0.5,0.15,0.2,0.5,0.3,0.4118,0.4118,0.4118,0.1724,7,10,10,48,0.1111,0.0
0.5,0.15,0.2,0.6,0.1,0.3939,0.7647,0.52,0.3448,13,20,4,38,0.1111,0.0
0.5,0.15,0.2,0.6,0.2,0.4091,0.5294,0.4615,0.2241,9,13,8,45,0.1111,0.0
0.5,0.15,0.2,0.6,0.3,0.4444,0.2353,0.3077,0.0862,4,5,13,53,0.1111,0.0
0.5,0.15,0.2,0.7,0.1,0.0,0.0,0.0,0.0345,0,2,17,56,0.1111,0.0
0.5,0.15,0.2,0.7,0.2,0.0,0.0,0.0,0.0345,0,2,17,56,0.1111,0.0
0.5,0.15,0.2,0.7,0.3,0.0,0.0,0.0,0.0345,0,2,17,56,0.1111,0.0
0.5,0.15,0.35,0.3,0.1,0.3333,0.8235,0.4746,0.4828,14,28,3,30,0.5556,0.0
0.5,0.15,0.35,0.3,0.2,0.3333,0.7647,0.4643,0.4483,13,26,4,32,0.5556,0.0
0.5,0.15,0.35,0.3,0.3,0.3438,0.6471,0.449,0.3621,11,21,6,37,0.5556,0.0
0.5,0.15,0.35,0.4,0.1,0.3714,0.7647,0.5,0.3793,13,22,4,36,0.1111,0.0
0.5,0.15,0.35,0.4,0.2,0.4074,0.6471,0.5,0.2759,11,16,6,42,0.1111,0.0
0.5,0.15,0.35,0.4,0.3,0.4091,0.5294,0.4615,0.2241,9,13,8,45,0.1111,0.0
0.5,0.15,0.35,0.5,0.1,0.3824,0.7647,0.5098,0.3621,13,21,4,37,0.1111,0.0
0.5,0.15,0.35,0.5,0.2,0.4167,0.5882,0.4878,0.2414,10,14,7,44,0.1111,0.0
0.5,0.15,0.35,0.5,0.3,0.4118,0.4118,0.4118,0.1724,7,10,10,48,0.1111,0.0
0.5,0.15,0.35,0.6,0.1,0.3939,0.7647,0.52,0.3448,13,20,4,38,0.1111,0.0
0.5,0.15,0.35,0.6,0.2,0.4091,0.5294,0.4615,0.2241,9,13,8,45,0.1111,0.0
0.5,0.15,0.35,0.6,0.3,0.4444,0.2353,0.3077,0.0862,4,5,13,53,0.1111,0.0
0.5,0.15,0.35,0.7,0.1,0.0,0.0,0.0,0.0345,0,2,17,56,0.1111,0.0
0.5,0.15,0.35,0.7,0.2,0.0,0.0,0.0,0.0345,0,2,17,56,0.1111,0.0
0.5,0.15,0.35,0.7,0.3,0.0,0.0,0.0,0.0345,0,2,17,56,0.1111,0.0
0.5,0.15,0.45,0.3,0.1,0.3333,0.8235,0.4746,0.4828,14,28,3,30,0.5556,0.0
0.5,0.15,0.45,0.3,0.2,0.3333,0.7647,0.4643,0.4483,13,26,4,32,0.5556,0.0
0.5,0.15,0.45,0.3,0.3,0.3438,0.6471,0.449,0.3621,11,21,6,37,0.5556,0.0
0.5,0.15,0.45,0.4,0.1,0.3171,0.7647,0.4483,0.4828,13,28,4,30,0.5556,0.0
0.5,0.15,0.45,0.4,0.2,0.3333,0.6471,0.44,0.3793,11,22,6,36,0.5556,0.0
0.5,0.15,0.45,0.4,0.3,0.3214,0.5294,0.4,0.3276,9,19,8,39,0.5556,0.0
0.5,0.15,0.45,0.5,0.1,0.3824,0.7647,0.5098,0.3621,13,21,4,37,0.1111,0.0
0.5,0.15,0.45,0.5,0.2,0.4167,0.5882,0.4878,0.2414,10,14,7,44,0.1111,0.0
0.5,0.15,0.45,0.5,0.3,0.4118,0.4118,0.4118,0.1724,7,10,10,48,0.1111,0.0
0.5,0.15,0.45,0.6,0.1,0.3939,0.7647,0.52,0.3448,13,20,4,38,0.1111,0.0
0.5,0.15,0.45,0.6,0.2,0.4091,0.5294,0.4615,0.2241,9,13,8,45,0.1111,0.0
0.5,0.15,0.45,0.6,0.3,0.4444,0.2353,0.3077,0.0862,4,5,13,53,0.1111,0.0
0.5,0.15,0.45,0.7,0.1,0.0,0.0,0.0,0.0345,0,2,17,56,0.1111,0.0
0.5,0.15,0.45,0.7,0.2,0.0,0.0,0.0,0.0345,0,2,17,56,0.1111,0.0
0.5,0.15,0.45,0.7,0.3,0.0,0.0,0.0,0.0345,0,2,17,56,0.1111,0.0
0.5,0.15,0.6,0.3,0.1,0.3256,0.8235,0.4667,0.5,14,29,3,29,0.5556,0.0
0.5,0.15,0.6,0.3,0.2,0.325,0.7647,0.4561,0.4655,13,27,4,31,0.5556,0.0
0.5,0.15,0.6,0.3,0.3,0.3333,0.6471,0.44,0.3793,11,22,6,36,0.5556,0.0
0.5,0.15,0.6,0.4,0.1,0.3171,0.7647,0.4483,0.4828,13,28,4,30,0.5556,0.0
0.5,0.15,0.6,0.4,0.2,0.3333,0.6471,0.44,0.3793,11,22,6,36,0.5556,0.0
0.5,0.15,0.6,0.4,0.3,0.3103,0.5294,0.3913,0.3448,9,20,8,38,0.5556,0.0
0.5,0.15,0.6,0.5,0.1,0.325,0.7647,0.4561,0.4655,13,27,4,31,0.5556,0.0
0.5,0.15,0.6,0.5,0.2,0.3333,0.5882,0.4255,0.3448,10,20,7,38,0.5556,0.0
0.5,0.15,0.6,0.5,0.3,0.3043,0.4118,0.35,0.2759,7,16,10,42,0.5556,0.0
0.5,0.15,0.6,0.6,0.1,0.3514,0.7647,0.4815,0.4138,13,24,4,34,0.5556,0.0
0.5,0.15,0.6,0.6,0.2,0.3462,0.5294,0.4186,0.2931,9,17,8,41,0.5556,0.0
0.5,0.15,0.6,0.6,0.3,0.3077,0.2353,0.2667,0.1552,4,9,13,49,0.5556,0.0
0.5,0.15,0.6,0.7,0.1,0.0,0.0,0.0,0.0345,0,2,17,56,0.1111,0.0
0.5,0.15,0.6,0.7,0.2,0.0,0.0,0.0,0.0345,0,2,17,56,0.1111,0.0
0.5,0.15,0.6,0.7,0.3,0.0,0.0,0.0,0.0345,0,2,17,56,0.1111,0.0
0.5,0.15,0.8,0.3,0.1,0.3256,0.8235,0.4667,0.5,14,29,3,29,0.5556,0.0
0.5,0.15,0.8,0.3,0.2,0.325,0.7647,0.4561,0.4655,13,27,4,31,0.5556,0.0
0.5,0.15,0.8,0.3,0.3,0.3333,0.6471,0.44,0.3793,11,22,6,36,0.5556,0.0
0.5,0.15,0.8,0.4,0.1,0.3095,0.7647,0.4407,0.5,13,29,4,29,0.5556,0.0
0.5,0.15,0.8,0.4,0.2,0.3235,0.6471,0.4314,0.3966,11,23,6,35,0.5556,0.0
0.5,0.15,0.8,0.4,0.3,0.3,0.5294,0.383,0.3621,9,21,8,37,0.5556,0.0
0.5,0.15,0.8,0.5,0.1,0.325,0.7647,0.4561,0.4655,13,27,4,31,0.5556,0.0
0.5,0.15,0.8,0.5,0.2,0.3226,0.5882,0.4167,0.3621,10,21,7,37,0.5556,0.0
0.5,0.15,0.8,0.5,0.3,0.2917,0.4118,0.3415,0.2931,7,17,10,41,0.5556,0.0
0.5,0.15,0.8,0.6,0.1,0.3333,0.7647,0.4643,0.4483,13,26,4,32,0.5556,0.0
0.5,0.15,0.8,0.6,0.2,0.3214,0.5294,0.4,0.3276,9,19,8,39,0.5556,0.0
0.5,0.15,0.8,0.6,0.3,0.2667,0.2353,0.25,0.1897,4,11,13,47,0.5556,0.0
0.5,0.15,0.8,0.7,0.1,0.0,0.0,0.0,0.1379,0,8,17,50,0.5556,0.0
0.5,0.15,0.8,0.7,0.2,0.0,0.0,0.0,0.1379,0,8,17,50,0.5556,0.0
0.5,0.15,0.8,0.7,0.3,0.0,0.0,0.0,0.1379,0,8,17,50,0.5556,0.0
0.5,0.15,1.0,0.3,0.1,0.3256,0.8235,0.4667,0.5,14,29,3,29,0.5556,0.0
0.5,0.15,1.0,0.3,0.2,0.325,0.7647,0.4561,0.4655,13,27,4,31,0.5556,0.0
0.5,0.15,1.0,0.3,0.3,0.3333,0.6471,0.44,0.3793,11,22,6,36,0.5556,0.0
0.5,0.15,1.0,0.4,0.1,0.3095,0.7647,0.4407,0.5,13,29,4,29,0.5556,0.0
0.5,0.15,1.0,0.4,0.2,0.3235,0.6471,0.4314,0.3966,11,23,6,35,0.5556,0.0
0.5,0.15,1.0,0.4,0.3,0.3,0.5294,0.383,0.3621,9,21,8,37,0.5556,0.0
0.5,0.15,1.0,0.5,0.1,0.3171,0.7647,0.4483,0.4828,13,28,4,30,0.5556,0.0
0.5,0.15,1.0,0.5,0.2,0.3125,0.5882,0.4082,0.3793,10,22,7,36,0.5556,0.0
0.5,0.15,1.0,0.5,0.3,0.28,0.4118,0.3333,0.3103,7,18,10,40,0.5556,0.0
0.5,0.15,1.0,0.6,0.1,0.3333,0.7647,0.4643,0.4483,13,26,4,32,0.5556,0.0
0.5,0.15,1.0,0.6,0.2,0.3214,0.5294,0.4,0.3276,9,19,8,39,0.5556,0.0
0.5,0.15,1.0,0.6,0.3,0.2667,0.2353,0.25,0.1897,4,11,13,47,0.5556,0.0
0.5,0.15,1.0,0.7,0.1,0.0,0.0,0.0,0.1379,0,8,17,50,0.5556,0.0
0.5,0.15,1.0,0.7,0.2,0.0,0.0,0.0,0.1379,0,8,17,50,0.5556,0.0
0.5,0.15,1.0,0.7,0.3,0.0,0.0,0.0,0.1379,0,8,17,50,0.5556,0.0
0.5,0.2,0.2,0.3,0.1,0.3889,0.8235,0.5283,0.3793,14,22,3,36,0.1111,0.0
0.5,0.2,0.2,0.3,0.2,0.4062,0.7647,0.5306,0.3276,13,19,4,39,0.1111,0.0
0.5,0.2,0.2,0.3,0.3,0.375,0.5294,0.439,0.2586,9,15,8,43,0.1111,0.0
0.5,0.2,0.2,0.4,0.1,0.3714,0.7647,0.5,0.3793,13,22,4,36,0.1111,0.0
0.5,0.2,0.2,0.4,0.2,0.375,0.5294,0.439,0.2586,9,15,8,43,0.1111,0.0
0.5,0.2,0.2,0.4,0.3,0.35,0.4118,0.3784,0.2241,7,13,10,45,0.1111,0.0
0.5,0.2,0.2,0.5,0.1,0.3824,0.7647,0.5098,0.3621,13,21,4,37,0.1111,0.0
0.5,0.2,0.2,0.5,0.2,0.3636,0.4706,0.4103,0.2414,8,14,9,44,0.1111,0.0
0.5,0.2,0.2,0.5,0.3,0.3333,0.2941,0.3125,0.1724,5,10,12,48,0.1111,0.0
0.5,0.2,0.2,0.6,0.1,0.4062,0.7647,0.5306,0.3276,13,19,4,39,0.1111,0.0
0.5,0.2,0.2,0.6,0.2,0.35,0.4118,0.3784,0.2241,7,13,10,45,0.1111,0.0
0.5,0.2,0.2,0.6,0.3,0.4444,0.2353,0.3077,0.0862,4,5,13,53,0.1111,0.0
0.5,0.2,0.2,0.7,0.1,0.0,0.0,0.0,0.0345,0,2,17,56,0.1111,0.0
0.5,0.2,0.2,0.7,0.2,0.0,0.0,0.0,0.0345,0,2,17,56,0.1111,0.0
0.5,0.2,0.2,0.7,0.3,0.0,0.0,0.0,0.0345,0,2,17,56,0.1111,0.0
0.5,0.2,0.35,0.3,0.1,0.3333,0.8235,0.4746,0.4828,14,28,3,30,0.5556,0.0
0.5,0.2,0.35,0.3,0.2,0.3421,0.7647,0.4727,0.431,13,25,4,33,0.5556,0.0
0.5,0.2,0.35,0.3,0.3,0.3,0.5294,0.383,0.3621,9,21,8,37,0.5556,0.0
0.5,0.2,0.35,0.4,0.1,0.3714,0.7647,0.5,0.3793,13,22,4,36,0.1111,0.0
0.5,0.2,0.35,0.4,0.2,0.375,0.5294,0.439,0.2586,9,15,8,43,0.1111,0.0
0.5,0.2,0.35,0.4,0.3,0.35,0.4118,0.3784,0.2241,7,13,10,45,0.1111,0.0
0.5,0.2,0.35,0.5,0.1,0.3824,0.7647,0.5098,0.3621,13,21,4,37,0.1111,0.0
0.5,0.2,0.35,0.5,0.2,0.3636,0.4706,0.4103,0.2414,8,14,9,44,0.1111,0.0
0.5,0.2,0.35,0.5,0.3,0.3333,0.2941,0.3125,0.1724,5,10,12,48,0.1111,0.0
0.5,0.2,0.35,0.6,0.1,0.4062,0.7647,0.5306,0.3276,13,19,4,39,0.1111,0.0
0.5,0.2,0.35,0.6,0.2,0.35,0.4118,0.3784,0.2241,7,13,10,45,0.1111,0.0
0.5,0.2,0.35,0.6,0.3,0.4444,0.2353,0.3077,0.0862,4,5,13,53,0.1111,0.0
0.5,0.2,0.35,0.7,0.1,0.0,0.0,0.0,0.0345,0,2,17,56,0.1111,0.0
0.5,0.2,0.35,0.7,0.2,0.0,0.0,0.0,0.0345,0,2,17,56,0.1111,0.0
0.5,0.2,0.35,0.7,0.3,0.0,0.0,0.0,0.0345,0,2,17,56,0.1111,0.0
0.5,0.2,0.45,0.3,0.1,0.3333,0.8235,0.4746,0.4828,14,28,3,30,0.5556,0.0
0.5,0.2,0.45,0.3,0.2,0.3421,0.7647,0.4727,0.431,13,25,4,33,0.5556,0.0
0.5,0.2,0.45,0.3,0.3,0.3,0.5294,0.383,0.3621,9,21,8,37,0.5556,0.0
0.5,0.2,0.45,0.4,0.1,0.3171,0.7647,0.4483,0.4828,13,28,4,30,0.5556,0.0
0.5,0.2,0.45,0.4,0.2,0.3,0.5294,0.383,0.3621,9,21,8,37,0.5556,0.0
0.5,0.2,0.45,0.4,0.3,0.2692,0.4118,0.3256,0.3276,7,19,10,39,0.5556,0.0
0.5,0.2,0.45,0.5,0.1,0.3824,0.7647,0.5098,0.3621,13,21,4,37,0.1111,0.0
0.5,0.2,0.45,0.5,0.2,0.3636,0.4706,0.4103,0.2414,8,14,9,44,0.1111,0.0
0.5,0.2,0.45,0.5,0.3,0.3333,0.2941,0.3125,0.1724,5,10,12,48,0.1111,0.0
0.5,0.2,0.45,0.6,0.1,0.4062,0.7647,0.5306,0.3276,13,19,4,39,0.1111,0.0
0.5,0.2,0.45,0.6,0.2,0.35,0.4118,0.3784,0.2241,7,13,10,45,0.1111,0.0
0.5,0.2,0.45,0.6,0.3,0.4444,0.2353,0.3077,0.0862,4,5,13,53,0.1111,0.0
0.5,0.2,0.45,0.7,0.1,0.0,0.0,0.0,0.0345,0,2,17,56,0.1111,0.0
0.5,0.2,0.45,0.7,0.2,0.0,0.0,0.0,0.0345,0,2,17,56,0.1111,0.0
0.5,0.2,0.45,0.7,0.3,0.0,0.0,0.0,0.0345,0,2,17,56,0.1111,0.0
0.5,0.2,0.6,0.3,0.1,0.3256,0.8235,0.4667,0.5,14,29,3,29,0.5556,0.0
0.5,0.2,0.6,0.3,0.2,0.3333,0.7647,0.4643,0.4483,13,26,4,32,0.5556,0.0
0.5,0.2,0.6,0.3,0.3,0.2903,0.5294,0.375,0.3793,9,22,8,36,0.5556,0.0
0.5,0.2,0.6,0.4,0.1,0.3171,0.7647,0.4483,0.4828,13,28,4,30,0.5556,0.0
0.5,0.2,0.6,0.4,0.2,0.3,0.5294,0.383,0.3621,9,21,8,37,0.5556,0.0
0.5,0.2,0.6,0.4,0.3,0.2593,0.4118,0.3182,0.3448,7,20,10,38,0.5556,0.0
0.5,0.2,0.6,0.5,0.1,0.325,0.7647,0.4561,0.4655,13,27,4,31,0.5556,0.0
0.5,0.2,0.6,0.5,0.2,0.2857,0.4706,0.3556,0.3448,8,20,9,38,0.5556,0.0
0.5,0.2,0.6,0.5,0.3,0.2381,0.2941,0.2632,0.2759,5,16,12,42,0.5556,0.0
0.5,0.2,0.6,0.6,0.1,0.3611,0.7647,0.4906,0.3966,13,23,4,35,0.5556,0.0
0.5,0.2,0.6,0.6,0.2,0.2917,0.4118,0.3415,0.2931,7,17,10,41,0.5556,0.0
0.5,0.2,0.6,0.6,0.3,0.3077,0.2353,0.2667,0.1552,4,9,13,49,0.5556,0.0
0.5,0.2,0.6,0.7,0.1,0.0,0.0,0.0,0.0345,0,2,17,56,0.1111,0.0
0.5,0.2,0.6,0.7,0.2,0.0,0.0,0.0,0.0345,0,2,17,56,0.1111,0.0
0.5,0.2,0.6,0.7,0.3,0.0,0.0,0.0,0.0345,0,2,17,56,0.1111,0.0
0.5,0.2,0.8,0.3,0.1,0.3256,0.8235,0.4667,0.5,14,29,3,29,0.5556,0.0
0.5,0.2,0.8,0.3,0.2,0.3333,0.7647,0.4643,0.4483,13,26,4,32,0.5556,0.0
0.5,0.2,0.8,0.3,0.3,0.2903,0.5294,0.375,0.3793,9,22,8,36,0.5556,0.0
0.5,0.2,0.8,0.4,0.1,0.3095,0.7647,0.4407,0.5,13,29,4,29,0.5556,0.0
0.5,0.2,0.8,0.4,0.2,0.2903,0.5294,0.375,0.3793,9,22,8,36,0.5556,0.0
0.5,0.2,0.8,0.4,0.3,0.25,0.4118,0.3111,0.3621,7,21,10,37,0.5556,0.0
0.5,0.2,0.8,0.5,0.1,0.325,0.7647,0.4561,0.4655,13,27,4,31,0.5556,0.0
0.5,0.2,0.8,0.5,0.2,0.2759,0.4706,0.3478,0.3621,8,21,9,37,0.5556,0.0
0.5,0.2,0.8,0.5,0.3,0.2273,0.2941,0.2564,0.2931,5,17,12,41,0.5556,0.0
0.5,0.2,0.8,0.6,0.1,0.3421,0.7647,0.4727,0.431,13,25,4,33,0.5556,0.0
0.5,0.2,0.8,0.6,0.2,0.2692,0.4118,0.3256,0.3276,7,19,10,39,0.5556,0.0
0.5,0.2,0.8,0.6,0.3,0.2667,0.2353,0.25,0.1897,4,11,13,47,0.5556,0.0
0.5,0.2,0.8,0.7,0.1,0.0,0.0,0.0,0.1379,0,8,17,50,0.5556,0.0
0.5,0.2,0.8,0.7,0.2,0.0,0.0,0.0,0.1379,0,8,17,50,0.5556,0.0
0.5,0.2,0.8,0.7,0.3,0.0,0.0,0.0,0.1379,0,8,17,50,0.5556,0.0
0.5,0.2,1.0,0.3,0.1,0.3256,0.8235,0.4667,0.5,14,29,3,29,0.5556,0.0
0.5,0.2,1.0,0.3,0.2,0.3333,0.7647,0.4643,0.4483,13,26,4,32,0.5556,0.0
0.5,0.2,1.0,0.3,0.3,0.2903,0.5294,0.375,0.3793,9,22,8,36,0.5556,0.0
0.5,0.2,1.0,0.4,0.1,0.3095,0.7647,0.4407,0.5,13,29,4,29,0.5556,0.0
0.5,0.2,1.0,0.4,0.2,0.2903,0.5294,0.375,0.3793,9,22,8,36,0.5556,0.0
0.5,0.2,1.0,0.4,0.3,0.25,0.4118,0.3111,0.3621,7,21,10,37,0.5556,0.0
0.5,0.2,1.0,0.5,0.1,0.3171,0.7647,0.4483,0.4828,13,28,4,30,0.5556,0.0
0.5,0.2,1.0,0.5,0.2,0.2667,0.4706,0.3404,0.3793,8,22,9,36,0.5556,0.0
0.5,0.2,1.0,0.5,0.3,0.2174,0.2941,0.25,0.3103,5,18,12,40,0.5556,0.0
0.5,0.2,1.0,0.6,0.1,0.3421,0.7647,0.4727,0.431,13,25,4,33,0.5556,0.0
0.5,0.2,1.0,0.6,0.2,0.2692,0.4118,0.3256,0.3276,7,19,10,39,0.5556,0.0
0.5,0.2,1.0,0.6,0.3,0.2667,0.2353,0.25,0.1897,4,11,13,47,0.5556,0.0
0.5,0.2,1.0,0.7,0.1,0.0,0.0,0.0,0.1379,0,8,17,50,0.5556,0.0
0.5,0.2,1.0,0.7,0.2,0.0,0.0,0.0,0.1379,0,8,17,50,0.5556,0.0
0.5,0.2,1.0,0.7,0.3,0.0,0.0,0.0,0.1379,0,8,17,50,0.5556,0.0
0.5,0.25,0.2,0.3,0.1,0.3889,0.8235,0.5283,0.3793,14,22,3,36,0.1111,0.0
0.5,0.25,0.2,0.3,0.2,0.3667,0.6471,0.4681,0.3276,11,19,6,39,0.1111,0.0
0.5,0.25,0.2,0.3,0.3,0.3478,0.4706,0.4,0.2586,8,15,9,43,0.1111,0.0
0.5,0.25,0.2,0.4,0.1,0.3636,0.7059,0.48,0.3621,12,21,5,37,0.1111,0.0
0.5,0.25,0.2,0.4,0.2,0.375,0.5294,0.439,0.2586,9,15,8,43,0.1111,0.0
0.5,0.25,0.2,0.4,0.3,0.2778,0.2941,0.2857,0.2241,5,13,12,45,0.1111,0.0
0.5,0.25,0.2,0.5,0.1,0.3548,0.6471,0.4583,0.3448,11,20,6,38,0.1111,0.0
0.5,0.25,0.2,0.5,0.2,0.3,0.3529,0.3243,0.2414,6,14,11,44,0.1111,0.0
0.5,0.25,0.2,0.5,0.3,0.3333,0.2941,0.3125,0.1724,5,10,12,48,0.1111,0.0
0.5,0.25,0.2,0.6,0.1,0.3667,0.6471,0.4681,0.3276,11,19,6,39,0.1111,0.0
0.5,0.25,0.2,0.6,0.2,0.2778,0.2941,0.2857,0.2241,5,13,12,45,0.1111,0.0
0.5,0.25,0.2,0.6,0.3,0.4444,0.2353,0.3077,0.0862,4,5,13,53,0.1111,0.0
0.5,0.25,0.2,0.7,0.1,0.0,0.0,0.0,0.0345,0,2,17,56,0.1111,0.0
0.5,0.25,0.2,0.7,0.2,0.0,0.0,0.0,0.0345,0,2,17,56,0.1111,0.0
0.5,0.25,0.2,0.7,0.3,0.0,0.0,0.0,0.0345,0,2,17,56,0.1111,0.0
0.5,0.25,0.35,0.3,0.1,0.3333,0.8235,0.4746,0.4828,14,28,3,30,0.5556,0.0
0.5,0.25,0.35,0.3,0.2,0.3056,0.6471,0.4151,0.431,11,25,6,33,0.5556,0.0
0.5,0.25,0.35,0.3,0.3,0.2759,0.4706,0.3478,0.3621,8,21,9,37,0.5556,0.0
0.5,0.25,0.35,0.4,0.1,0.3636,0.7059,0.48,0.3621,12,21,5,37,0.1111,0.0
0.5,0.25,0.35,0.4,0.2,0.375,0.5294,0.439,0.2586,9,15,8,43,0.1111,0.0
0.5,0.25,0.35,0.4,0.3,0.2778,0.2941,0.2857,0.2241,5,13,12,45,0.1111,0.0
0.5,0.25,0.35,0.5,0.1,0.3548,0.6471,0.4583,0.3448,11,20,6,38,0.1111,0.0
0.5,0.25,0.35,0.5,0.2,0.3,0.3529,0.3243,0.2414,6,14,11,44,0.1111,0.0
0.5,0.25,0.35,0.5,0.3,0.3333,0.2941,0.3125,0.1724,5,10,12,48,0.1111,0.0
0.5,0.25,0.35,0.6,0.1,0.3667,0.6471,0.4681,0.3276,11,19,6,39,0.1111,0.0
0.5,0.25,0.35,0.6,0.2,0.2778,0.2941,0.2857,0.2241,5,13,12,45,0.1111,0.0
0.5,0.25,0.35,0.6,0.3,0.4444,0.2353,0.3077,0.0862,4,5,13,53,0.1111,0.0
0.5,0.25,0.35,0.7,0.1,0.0,0.0,0.0,0.0345,0,2,17,56,0.1111,0.0
0.5,0.25,0.35,0.7,0.2,0.0,0.0,0.0,0.0345,0,2,17,56,0.1111,0.0
0.5,0.25,0.35,0.7,0.3,0.0,0.0,0.0,0.0345,0,2,17,56,0.1111,0.0
0.5,0.25,0.45,0.3,0.1,0.3333,0.8235,0.4746,0.4828,14,28,3,30,0.5556,0.0
0.5,0.25,0.45,0.3,0.2,0.3056,0.6471,0.4151,0.431,11,25,6,33,0.5556,0.0
0.5,0.25,0.45,0.3,0.3,0.2759,0.4706,0.3478,0.3621,8,21,9,37,0.5556,0.0
0.5,0.25,0.45,0.4,0.1,0.3077,0.7059,0.4286,0.4655,12,27,5,31,0.5556,0.0
0.5,0.25,0.45,0.4,0.2,0.3,0.5294,0.383,0.3621,9,21,8,37,0.5556,0.0
0.5,0.25,0.45,0.4,0.3,0.2083,0.2941,0.2439,0.3276,5,19,12,39,0.5556,0.0
0.5,0.25,0.45,0.5,0.1,0.3548,0.6471,0.4583,0.3448,11,20,6,38,0.1111,0.0
0.5,0.25,0.45,0.5,0.2,0.3,0.3529,0.3243,0.2414,6,14,11,44,0.1111,0.0
0.5,0.25,0.45,0.5,0.3,0.3333,0.2941,0.3125,0.1724,5,10,12,48,0.1111,0.0
0.5,0.25,0.45,0.6,0.1,0.3667,0.6471,0.4681,0.3276,11,19,6,39,0.1111,0.0
0.5,0.25,0.45,0.6,0.2,0.2778,0.2941,0.2857,0.2241,5,13,12,45,0.1111,0.0
0.5,0.25,0.45,0.6,0.3,0.4444,0.2353,0.3077,0.0862,4,5,13,53,0.1111,0.0
0.5,0.25,0.45,0.7,0.1,0.0,0.0,0.0,0.0345,0,2,17,56,0.1111,0.0
0.5,0.25,0.45,0.7,0.2,0.0,0.0,0.0,0.0345,0,2,17,56,0.1111,0.0
0.5,0.25,0.45,0.7,0.3,0.0,0.0,0.0,0.0345,0,2,17,56,0.1111,0.0
0.5,0.25,0.6,0.3,0.1,0.3256,0.8235,0.4667,0.5,14,29,3,29,0.5556,0.0
0.5,0.25,0.6,0.3,0.2,0.2973,0.6471,0.4074,0.4483,11,26,6,32,0.5556,0.0
0.5,0.25,0.6,0.3,0.3,0.2667,0.4706,0.3404,0.3793,8,22,9,36,0.5556,0.0
0.5,0.25,0.6,0.4,0.1,0.3077,0.7059,0.4286,0.4655,12,27,5,31,0.5556,0.0
0.5,0.25,0.6,0.4,0.2,0.3,0.5294,0.383,0.3621,9,21,8,37,0.5556,0.0
0.5,0.25,0.6,0.4,0.3,0.2,0.2941,0.2381,0.3448,5,20,12,38,0.5556,0.0
0.5,0.25,0.6,0.5,0.1,0.2973,0.6471,0.4074,0.4483,11,26,6,32,0.5556,0.0
0.5,0.25,0.6,0.5,0.2,0.2308,0.3529,0.2791,0.3448,6,20,11,38,0.5556,0.0
0.5,0.25,0.6,0.5,0.3,0.2381,0.2941,0.2632,0.2759,5,16,12,42,0.5556,0.0
0.5,0.25,0.6,0.6,0.1,0.3235,0.6471,0.4314,0.3966,11,23,6,35,0.5556,0.0
0.5,0.25,0.6,0.6,0.2,0.2273,0.2941,0.2564,0.2931,5,17,12,41,0.5556,0.0
0.5,0.25,0.6,0.6,0.3,0.3077,0.2353,0.2667,0.1552,4,9,13,49,0.5556,0.0
0.5,0.25,0.6,0.7,0.1,0.0,0.0,0.0,0.0345,0,2,17,56,0.1111,0.0
0.5,0.25,0.6,0.7,0.2,0.0,0.0,0.0,0.0345,0,2,17,56,0.1111,0.0
0.5,0.25,0.6,0.7,0.3,0.0,0.0,0.0,0.0345,0,2,17,56,0.1111,0.0
0.5,0.25,0.8,0.3,0.1,0.3256,0.8235,0.4667,0.5,14,29,3,29,0.5556,0.0
0.5,0.25,0.8,0.3,0.2,0.2973,0.6471,0.4074,0.4483,11,26,6,32,0.5556,0.0
0.5,0.25,0.8,0.3,0.3,0.2667,0.4706,0.3404,0.3793,8,22,9,36,0.5556,0.0
0.5,0.25,0.8,0.4,0.1,0.3,0.7059,0.4211,0.4828,12,28,5,30,0.5556,0.0
0.5,0.25,0.8,0.4,0.2,0.2903,0.5294,0.375,0.3793,9,22,8,36,0.5556,0.0
0.5,0.25,0.8,0.4,0.3,0.1923,0.2941,0.2326,0.3621,5,21,12,37,0.5556,0.0
0.5,0.25,0.8,0.5,0.1,0.2973,0.6471,0.4074,0.4483,11,26,6,32,0.5556,0.0
0.5,0.25,0.8,0.5,0.2,0.2222,0.3529,0.2727,0.3621,6,21,11,37,0.5556,0.0
0.5,0.25,0.8,0.5,0.3,0.2273,0.2941,0.2564,0.2931,5,17,12,41,0.5556,0.0
0.5,0.25,0.8,0.6,0.1,0.3056,0.6471,0.4151,0.431,11,25,6,33,0.5556,0.0
0.5,0.25,0.8,0.6,0.2,0.2083,0.2941,0.2439,0.3276,5,19,12,39,0.5556,0.0
0.5,0.25,0.8,0.6,0.3,0.2667,0.2353,0.25,0.1897,4,11,13,47,0.5556,0.0
0.5,0.25,0.8,0.7,0.1,0.0,0.0,0.0,0.1379,0,8,17,50,0.5556,0.0
0.5,0.25,0.8,0.7,0.2,0.0,0.0,0.0,0.1379,0,8,17,50,0.5556,0.0
0.5,0.25,0.8,0.7,0.3,0.0,0.0,0.0,0.1379,0,8,17,50,0.5556,0.0
0.5,0.25,1.0,0.3,0.1,0.3256,0.8235,0.4667,0.5,14,29,3,29,0.5556,0.0
0.5,0.25,1.0,0.3,0.2,0.2973,0.6471,0.4074,0.4483,11,26,6,32,0.5556,0.0
0.5,0.25,1.0,0.3,0.3,0.2667,0.4706,0.3404,0.3793,8,22,9,36,0.5556,0.0
0.5,0.25,1.0,0.4,0.1,0.3,0.7059,0.4211,0.4828,12,28,5,30,0.5556,0.0
0.5,0.25,1.0,0.4,0.2,0.2903,0.5294,0.375,0.3793,9,22,8,36,0.5556,0.0
0.5,0.25,1.0,0.4,0.3,0.1923,0.2941,0.2326,0.3621,5,21,12,37,0.5556,0.0
0.5,0.25,1.0,0.5,0.1,0.2895,0.6471,0.4,0.4655,11,27,6,31,0.5556,0.0
0.5,0.25,1.0,0.5,0.2,0.2143,0.3529,0.2667,0.3793,6,22,11,36,0.5556,0.0
0.5,0.25,1.0,0.5,0.3,0.2174,0.2941,0.25,0.3103,5,18,12,40,0.5556,0.0
0.5,0.25,1.0,0.6,0.1,0.3056,0.6471,0.4151,0.431,11,25,6,33,0.5556,0.0
0.5,0.25,1.0,0.6,0.2,0.2083,0.2941,0.2439,0.3276,5,19,12,39,0.5556,0.0
0.5,0.25,1.0,0.6,0.3,0.2667,0.2353,0.25,0.1897,4,11,13,47,0.5556,0.0
0.5,0.25,1.0,0.7,0.1,0.0,0.0,0.0,0.1379,0,8,17,50,0.5556,0.0
0.5,0.25,1.0,0.7,0.2,0.0,0.0,0.0,0.1379,0,8,17,50,0.5556,0.0
0.5,0.25,1.0,0.7,0.3,0.0,0.0,0.0,0.1379,0,8,17,50,0.5556,0.0
